comment_id,create_time,ip_location,note_id,content,user_id,nickname,avatar,sub_comment_count,pictures,parent_comment_id,last_modify_ts,like_count
630332b8000000001603b502,1661153976000,,63022898000000001b01df16,求分享[飞吻R][飞吻R],5e8395f90000000001005cc3,🦩,https://sns-avatar-qc.xhscdn.com/avatar/5e8395f90000000001005cc3.jpg?imageView2/2/w/120/format/jpg,1,,0,1770827058680,2
6348100e000000000e0118cd,1665667086000,,63022898000000001b01df16,有psd素材嘛[害羞R],5c41ec8a000000000701910b,可爱优,https://sns-avatar-qc.xhscdn.com/avatar/1040g2jo31hg83ksl34005n21ti51r48b76360pg?imageView2/2/w/120/format/jpg,0,,0,1770827058683,3
64423a01000000001a005669,1682061825000,,63022898000000001b01df16,博主求分享[哭惹R],582fa71e6a6a6941b9efc3cf,Lavender,https://sns-avatar-qc.xhscdn.com/avatar/1040g2jo3169iudbo1c0048rptejhtgufd2bglj0?imageView2/2/w/120/format/jpg,1,,0,1770827058686,0
67fe75f8000000001e00d15b,1744729593000,重庆,63022898000000001b01df16,求分享[皱眉R],5f119ebe0000000001000920,AGgyxk,https://sns-avatar-qc.xhscdn.com/avatar/5f119f2a99e55000010f4fc2.jpg?imageView2/2/w/120/format/jpg,0,,0,1770827058690,0
676cbbd300000000110331b7,1735179219000,,63022898000000001b01df16,求分享[飞吻R][飞吻R],6530ec5c000000002b003024,Baibai,https://sns-avatar-qc.xhscdn.com/avatar/1040g2jo31e8ik9l8h0305p9gtheaoc14c9f33a0?imageView2/2/w/120/format/jpg,0,,0,1770827058693,0
6718ec14000000001a032f40,1729686548000,,63022898000000001b01df16,求分享[偷笑R],6174f659000000000202674b,2Y+C👾,https://sns-avatar-qc.xhscdn.com/avatar/6174f659000000000202674b.jpg?imageView2/2/w/120/format/jpg,0,,0,1770827058696,0
66e441a0000000000f00f847,1726235040000,,63022898000000001b01df16,求分享[哭惹R],66544bbf000000000b032348,momo,https://sns-avatar-qc.xhscdn.com/avatar/1040g2jo31p8kqv76i46g5pik9eviu8q8ohplnd8?imageView2/2/w/120/format/jpg,0,,0,1770827058698,0
66600ca9000000001c0248b1,1717570730000,,63022898000000001b01df16,求分享[萌萌哒R],5b1d37adf7e8b941a52fea5a,吃一口虾饺,https://sns-avatar-qc.xhscdn.com/avatar/1040g2jo31paf9jdm2g0g4a64scrqrqiq43nh09g?imageView2/2/w/120/format/jpg,0,,0,1770827058701,1
6629e5f10000000013026d23,1714021873000,,63022898000000001b01df16,已四连求分享[皱眉R][皱眉R],61a39900000000001000c18c,你知道个屁,https://sns-avatar-qc.xhscdn.com/avatar/1040g2jo31pp8tk3r52005od3j4041gccf1rh448?imageView2/2/w/120/format/jpg,0,,0,1770827058703,0
6625cfe7000000001902e2ac,1713754087000,,63022898000000001b01df16,求分享,5f0f15cb0000000001005b34,咕噜,https://sns-avatar-qc.xhscdn.com/avatar/6458e4541c152185687397fa.jpg?imageView2/2/w/120/format/jpg,0,,0,1770827058706,0
6909a17500000000330217a1,1762238837000,陕西,68f85dad0000000007037eb3,求，已关注,5f11cef40000000001007dc2,1001,https://sns-avatar-qc.xhscdn.com/avatar/5f11cef40000000001007dc2.jpg?imageView2/2/w/120/format/jpg,1,,0,1770827063004,0
690583260000000033027952,1761968934000,浙江,68f85dad0000000007037eb3,求,64b7dbd5000000001403f0b2,秋冬,https://sns-avatar-qc.xhscdn.com/avatar/1000g2jo2qt534imjs06g5p5nrfal7s5iro4ob10?imageView2/2/w/120/format/jpg,1,,0,1770827063008,0
690944ab000000003803f800,1762215083000,山东,68f85dad0000000007037eb3,求,66b21610000000001d031601,。。。,https://sns-avatar-qc.xhscdn.com/avatar/1040g2jo31nn3i4c9g66g5pli2o87e5g18edosvg?imageView2/2/w/120/format/jpg,4,,0,1770827063011,0
694593ba0000000016026c4c,1766167482000,福建,68f85dad0000000007037eb3,求求[害羞R],66685a870000000007006143,玖久,https://sns-avatar-qc.xhscdn.com/avatar/1040g2jo31obgf6ue6m705pj8ba3hooa3do187b0?imageView2/2/w/120/format/jpg,1,,0,1770827063015,0
6919d21b000000003802a6bb,1763299868000,湖南,68f85dad0000000007037eb3,求[哭惹R][哭惹R][哭惹R],65a882c40000000008007108,reader..,https://sns-avatar-qc.xhscdn.com/avatar/1040g2jo31hqeihuf3i605pd8gb220s88c0op8t0?imageView2/2/w/120/format/jpg,1,,0,1770827063018,0
6942cc6000000000160230f4,1765985377000,山东,68f85dad0000000007037eb3,求[哭惹R],66b42269000000001d0337fb,刘山茶,https://sns-avatar-qc.xhscdn.com/avatar/1040g2jo31rv43ild2s5g5plk49knedvrocfcaeg?imageView2/2/w/120/format/jpg,1,,0,1770827063021,0
694e891d000000001600ec6f,1766754590000,海南,68f85dad0000000007037eb3,求资料,64d4add90000000001010a12,小红薯64D5EEB2,https://sns-avatar-qc.xhscdn.com/avatar/645b7e78731e07eb8ca3d81b.jpg?imageView2/2/w/120/format/jpg,1,,0,1770827063024,0
6928e96e000000003800b160,1764288878000,江西,68f85dad0000000007037eb3,求发[微笑R],677a3327000000001802dc6a,小luck,https://sns-avatar-qc.xhscdn.com/avatar/1040g2jo31fv9e08h00605prq6cjm5n3a853maeg?imageView2/2/w/120/format/jpg,1,,0,1770827063026,0
69173ee30000000033026713,1763131108000,新疆,68f85dad0000000007037eb3,求[害羞R],5eeee845000000000101d093,Kaito,https://sns-avatar-qc.xhscdn.com/avatar/411309441983cdc4ce073ff8da73b5b6.jpg?imageView2/2/w/120/format/jpg,1,,0,1770827063028,0
68fb11ba000000003803093c,1761284538000,山西,68f85dad0000000007037eb3,求[哭惹R],60152e42000000000101c3e9,Cr.,https://sns-avatar-qc.xhscdn.com/avatar/1040g2jo31lk4ad8s5m605o0l5p10bgv9joqg3f8?imageView2/2/w/120/format/jpg,1,,0,1770827063034,0
68f0ce3d000000003902e31c,1760611902000,浙江,6687c6bf000000001f004fa9,源文件🈶偿可丝,5c6611220000000012037c52,Yieeeee,https://sns-avatar-qc.xhscdn.com/avatar/1040g2jo30qg1d96s06005n3624h4mv2i7gth7vg?imageView2/2/w/120/format/jpg,0,,0,1770827067247,0
66d7b755000000000f00fe6d,1725413205000,,6687c6bf000000001f004fa9,app界面用什么做的呀,5df757b60000000001001a9f,附一,https://sns-avatar-qc.xhscdn.com/avatar/1040g2jo31q4vj5e9706g5nfnaur086kvl4lsc20?imageView2/2/w/120/format/jpg,1,,0,1770827067250,0
672d5878000000001b034ff3,1731025017000,,6687c6bf000000001f004fa9,大图是用软件做的,5f76d2de0000000001009138,怀柔,https://sns-avatar-qc.xhscdn.com/avatar/1040g2jo31jichvkkj46g5nrmqbf0949oivoi2vg?imageView2/2/w/120/format/jpg,1,,0,1770827067252,0
68615a1b000000000400d032,1751210524000,澳大利亚,6687c6bf000000001f004fa9,请问怎么下载这个app呀,5c49a9700000000010002a5a,穿越时空的水滴,https://sns-avatar-qc.xhscdn.com/avatar/ae351b5abc78ae2e8d79998354db8440.jpg?imageView2/2/w/120/format/jpg,0,,0,1770827067255,0
683fdbc60000000008025e80,1749015494000,山东,6687c6bf000000001f004fa9,有源文件吗,66584712000000000303129d,讨厌小葱,https://sns-avatar-qc.xhscdn.com/avatar/1040g2jo31gj0slv93s005pio8s90u4ktuon59s8?imageView2/2/w/120/format/jpg,0,,0,1770827067258,0
683fdbc0000000000b02f82d,1749015489000,山东,6687c6bf000000001f004fa9,可以回一下私信吗[微笑R][微笑R],66584712000000000303129d,讨厌小葱,https://sns-avatar-qc.xhscdn.com/avatar/1040g2jo31gj0slv93s005pio8s90u4ktuon59s8?imageView2/2/w/120/format/jpg,0,,0,1770827067260,0
67a42d56000000000b018f2f,1738812759000,,6687c6bf000000001f004fa9,怎么下载？,655722780000000008002765,幸福的鳄鱼儿,https://sns-avatar-qc.xhscdn.com/avatar/1040g2jo31kao4ao52o5g5pan49s209r5k8f1d00?imageView2/2/w/120/format/jpg,0,,0,1770827067262,0
673ee1c9000000001a01253d,1732174282000,,6687c6bf000000001f004fa9,这个有瓷片区吗,62c76e2f0000000002001db6,难哄小掌柜,https://sns-avatar-qc.xhscdn.com/avatar/1040g2jo31pdpc0ub24605om7dongg7dmq1gdb8o?imageView2/2/w/120/format/jpg,0,,0,1770827067265,0
670c8778000000002a02b7e1,1728874360000,,6687c6bf000000001f004fa9,可以看看都有页面吗，想看看各类功能页[哭惹R],5e784d940000000001006c7d,笨咪,https://sns-avatar-qc.xhscdn.com/avatar/1040g2jo3188chpg53u005njo9ma08r3t163akq8?imageView2/2/w/120/format/jpg,0,,0,1770827067268,1
66d44bb3000000000a0176b3,1725189043000,,6687c6bf000000001f004fa9,求源文件,6051ab6c000000000100b158,iuan,https://sns-avatar-qc.xhscdn.com/avatar/1040g2jo31rg2i88c0a005o2hldm09cao9a1f8o8?imageView2/2/w/120/format/jpg,0,,0,1770827067270,0
640f2c94000000001603d527,1678716052000,,640f0d76000000001300790b,我是买次卡，没啥积分哎。。。每次6.7块的路程刷次卡只要3块就超级爽[偷笑R],579aec3f50c4b447509bca85,周立方陈波。洛。熙,https://sns-avatar-qc.xhscdn.com/avatar/1040g2jo31qd2ug4an25048j2e9m3vik5pr1qgh0?imageView2/2/w/120/format/jpg,5,,0,1770827071541,4
640fd80c000000000700bda7,1678759948000,,640f0d76000000001300790b,碳积分是0  感觉上班坐的一年多地铁白坐了,550d1110a46e9628b2a7314c,用户已注销,https://sns-avatar-qc.xhscdn.com/avatar/529594cd91bbf4c43608131bf9134bdc.jpg?imageView2/2/w/120/format/jpg,2,,0,1770827071544,4
640f23450000000007024e7d,1678713669000,,640f0d76000000001300790b,25万积分得到啥时候,5783d27a6a6a6919be8e333b,Impetus,https://sns-avatar-qc.xhscdn.com/avatar/6434f83447807117dee1b176.jpg?imageView2/2/w/120/format/jpg,1,,0,1770827071548,5
640f1b2a000000001801f394,1678711594000,,640f0d76000000001300790b,在哪里呀,557195a75894465cb67d0646,花边蛋挞🥧,https://sns-avatar-qc.xhscdn.com/avatar/1040g2jo31rgnu3sf700040o9v5aqe1i6d289c4o?imageView2/2/w/120/format/jpg,2,,0,1770827071551,2
640f12b400000000150019d6,1678709428000,,640f0d76000000001300790b,不是25w.嘛[笑哭R],5d859f6900000000010196ce,食不食油饼,https://sns-avatar-qc.xhscdn.com/avatar/1040g2jo31nhge6b7l8005nc5jtkgb5me8l9rvqg?imageView2/2/w/120/format/jpg,1,,0,1770827071553,2
641180f80000000017010733,1678868728000,,640f0d76000000001300790b,25w吧，2.5w就好了[笑哭R][笑哭R],5a069f7ee8ac2b5d6cb1628b,年糕,https://sns-avatar-qc.xhscdn.com/avatar/1040g2jo31lvgtng7l26049vdiofnsokb6is973g?imageView2/2/w/120/format/jpg,1,,0,1770827071556,0
64112996000000001903733c,1678846358000,,640f0d76000000001300790b,请求中台异常，进不去[笑哭R],58fd85006a6a69038cf8ccb8,心碎小狗,https://sns-avatar-qc.xhscdn.com/avatar/644ceb9746534cda96f76bd9.jpg?imageView2/2/w/120/format/jpg,1,,0,1770827071560,0
640fc3dd000000000a008513,1678754781000,,640f0d76000000001300790b,那个2750是蚂蚁森林里面的能量吗,5dba3d0c00000000010072a6,ㅤ,https://sns-avatar-qc.xhscdn.com/avatar/1000g2jo2qhrqdpqk606g5ndq7k608sl69tg6bdg?imageView2/2/w/120/format/jpg,1,,0,1770827071563,0
640fc1c2000000001500e529,1678754242000,,640f0d76000000001300790b,第一次知道有这玩意 坐一次地铁大概能积多少分？,5cd13a1b000000001702aa67,毛豆薅羊毛,https://sns-avatar-qc.xhscdn.com/avatar/1040g2jo30tokkdhqko005n6h78dltaj7pc8i958?imageView2/2/w/120/format/jpg,1,,0,1770827071566,0
640fc3a7000000001900c9e5,1678754727000,,640f0d76000000001300790b,[doge]小心骗子啊盆友们，除了工作人员老年卡谁上地铁不要钱啊[doge],63ded26d00000000260069e7,天才花枝鼠,https://sns-avatar-qc.xhscdn.com/avatar/1040g2jo31jh82gln2u005ouuq9mpgqf7jathnf0?imageView2/2/w/120/format/jpg,1,,0,1770827071570,2
625bd1960000000021036fb9,1650184598000,,624d9cac00000000010245ca,这个平台从哪下载呢！,5b6aaa47f784180001478180,盾儿,https://sns-avatar-qc.xhscdn.com/avatar/1040g2jo310nvm35hmc004ab4col4f0c02pnj6bg?imageView2/2/w/120/format/jpg,1,,0,1770827075892,1
653282380000000019038dfb,1697808952000,,624d9cac00000000010245ca,能链智电开发推广碳普惠创新机制，率先在行业建立充电碳账户功能，用户通过充电，获取碳积分，并计入碳账本，所得碳积分可在碳商城中进行积分兑换，激励用户参与碳减排。截至2022年底，使用碳账户用户数量达 46.3 万。,5e58dd04000000000100b071,豆子哥,https://sns-avatar-qc.xhscdn.com/avatar/1040g2jo30pdh56gu446g5niork209c3h4imi1hg?imageView2/2/w/120/format/jpg,0,,0,1770827075895,0
6279defc000000000102883e,1652154108000,,624d9cac00000000010245ca,logo不是浙江碳普惠的[笑哭R]这个是我们来做的，感谢宣传,5e3a68210000000001000746,柚子在路上,https://sns-avatar-qc.xhscdn.com/avatar/5e3ba19e1cb928000107d104.jpg?imageView2/2/w/120/format/jpg,0,,0,1770827075898,1
65d9f85c000000000d00f13f,1708783708000,,627ee97300000000210369e1,请问可以同时在多个平台参与碳普惠吗？,6447ccb4000000002a00b66e,小红薯64481019,https://sns-avatar-qc.xhscdn.com/avatar/cd255d0e201935e0d852bd371f18c198.jpg?imageView2/2/w/120/format/jpg,0,,0,1770827080120,1
67c018fa0000000019014ef6,1740642555000,四川,6669633f0000000006005b07,它跟我说加时卡库存不足，有积分也换不了。这还能有库存不足？,62273909000000001000e5bd,DZ的林中空地,https://sns-avatar-qc.xhscdn.com/avatar/63a72827a52379537c9e1625.jpg?imageView2/2/w/120/format/jpg,1,,0,1770827084378,1
66dd8451000000000b0205fb,1725793362000,,6669633f0000000006005b07,暂停的时间算吗？,5937841c5e87e71832abc455,少女情怀饰品,https://sns-avatar-qc.xhscdn.com/avatar/1040g2jo31ip8tv9thg0g49ivsa21ph2lgbk1mto?imageView2/2/w/120/format/jpg,0,,0,1770827084381,0
667b6f1700000000170036ab,1719365400000,,6669633f0000000006005b07,请问加时卡的时间是累计的还是只能用一次超时会议,5d042f260000000012022be3,Cath爱弹琴🎹（重生版）,https://sns-avatar-qc.xhscdn.com/avatar/1040g2jo31kiit03fj4dg5n845sj4kav3nrrhf9o?imageView2/2/w/120/format/jpg,0,,0,1770827084383,3
668c5fc1000000002300ee3d,1720475585000,,6669633f0000000006005b07,姐妹问一下如果开通会员后再建会议，但是成员没有开通会员，他们可以进入会议超过2小时吗？,64e301fb0000000002012a5c,Déception.,https://sns-avatar-qc.xhscdn.com/avatar/1040g2jo31ktnq5mok8005p7307tgiaisdrurcv8?imageView2/2/w/120/format/jpg,0,,0,1770827084387,0
66a3c02d0000000015011e3a,1722007597000,,6669633f0000000006005b07,还有2种办法是啥,5660e356a40e1848c46092a7,momo,https://sns-avatar-qc.xhscdn.com/avatar/1040g2jo31getvsq4j45g43m6tahld4l7ncpio3g?imageView2/2/w/120/format/jpg,0,,0,1770827084390,1
677109990000000011033062,1735461273000,,6669633f0000000006005b07,不够1800,61b2d85a000000001000daab,小蜂蜜罐熊🍯,https://sns-avatar-qc.xhscdn.com/avatar/1040g2jo313lsk992ho605odir1d41mlbj9sljf8?imageView2/2/w/120/format/jpg,0,,0,1770827084395,0
669e55bb000000002601e66d,1721652668000,,6669633f0000000006005b07,@xoxo,61337e38000000000201a1bb,白开水,https://sns-avatar-qc.xhscdn.com/avatar/7121a416be8e543266fd62c1cc9d575e.jpg?imageView2/2/w/120/format/jpg,0,,0,1770827084398,0
67441fd90000000002005fc9,1732517850000,,6742f2da0000000008005ee2,NFC也是15次后9折，30次8折，一样的，就是没有碳积分，但是主打一个方便,5627962f0bf90c6928bc2255,🍇我每天都不想起床🍇,https://sns-avatar-qc.xhscdn.com/avatar/5ea51a6fcd64010001d462e6.jpg?imageView2/2/w/120/format/jpg,17,,0,1770827088626,7
6742f500000000001b0062a7,1732441344000,,6742f2da0000000008005ee2,[doge]住的地方离地铁500m 门口🈶公交 6毛钱坐到地铁口，坐4站地铁🚇换乘优惠0元，一天来回1.2,63534795000000001802887e,联诗杰,https://sns-avatar-qc.xhscdn.com/avatar/1040g2jo31cqnanns0u005oqj8uam523ufr1e2rg?imageView2/2/w/120/format/jpg,2,,0,1770827088629,11
67d79730000000000f0302f6,1742182193000,江苏,6742f2da0000000008005ee2,那个城市通的3.5元12张券，7天内用完，除非每天通勤才能回本[笑哭R]以后再也不买,57c1095fa9b2ed3f9f394f2a,北极巨🐰,https://sns-avatar-qc.xhscdn.com/avatar/1040g2jo31rchd2e2gm0048llm54lujpasj8o1rg?imageView2/2/w/120/format/jpg,3,,0,1770827088631,2
6946c1900000000038009fc9,1766244752000,江苏,6742f2da0000000008005ee2,@没病走两步 今年没啥机会了，明年试试,5dd6a1990000000001006c3a,彼岸,https://sns-avatar-qc.xhscdn.com/avatar/1040g2jo31cokg62o0k0g5nemk6cg8r1qclotuuo?imageView2/2/w/120/format/jpg,2,,0,1770827088634,1
675868a800000000070141ec,1733847208000,,6742f2da0000000008005ee2,NFC连刷两次地铁之间有减两元的优惠吗？,5bbf6df595e66c00014716da,momo,https://sns-avatar-qc.xhscdn.com/avatar/1040g2jo30un0l5b3l4604bdoi6mva5mqnlcqmug?imageView2/2/w/120/format/jpg,2,,0,1770827088636,0
674490690000000007020095,1732546665000,,6742f2da0000000008005ee2,老人卡，学生卡[捂脸R],5a8e8283e8ac2b7f7765b9a0,小红薯薯_,https://sns-avatar-qc.xhscdn.com/avatar/1040g2jo31rstqn8b2g004a1m8t187ed0p7d7hh0?imageView2/2/w/120/format/jpg,1,,0,1770827088639,0
68831745000000001e031743,1753421638000,江苏,6742f2da0000000008005ee2, @吃吃吃 ,607ed7d600000000010013eb,momo,https://sns-avatar-qc.xhscdn.com/avatar/1040g2jo31ksvgcnnj4005o3uqvb084vbuusk35g?imageView2/2/w/120/format/jpg,0,,0,1770827088641,0
67446b85000000001a010a86,1732537222000,,6742f2da0000000008005ee2,直接使用工作卡彻底不花钱[笑哭R],5fb7d267000000000101c6a1,白荡村,https://sns-avatar-qc.xhscdn.com/avatar/1040g2jo311f7asjame6g5ntnq9jgbhl18tm1bn8?imageView2/2/w/120/format/jpg,0,,0,1770827088643,0
68fd829f00000000390229bf,1761444511000,广东,6873d6a5000000000d019c5c,出吗,61c4821c000000001000ceb7,Rouuy,https://sns-avatar-qc.xhscdn.com/avatar/1040g2jo319hd3cioms005oe4g8e41jln7mecum8?imageView2/2/w/120/format/jpg,0,,0,1770827092858,0
6944fc9d0000000030024570,1766128798000,山东,6873d6a5000000000d019c5c,出嘛,6198cf5400000000210274a5,刷刷牙,https://sns-avatar-qc.xhscdn.com/avatar/1040g2jo312estvuh6c6g5ocopta8ct55spn04r0?imageView2/2/w/120/format/jpg,0,,0,1770827092861,0
63086219000000001b006524,1661493785000,,62fced1b000000001d034428,现在有这种计算个人节能减排的app吗,5731e4165e87e756b6805ecc,可愛多很多,https://sns-avatar-qc.xhscdn.com/avatar/1040g2jo31fh2cr3f6q0048bmbvi1cnmcc7q52g0?imageView2/2/w/120/format/jpg,2,,0,1770827097090,2
6525047b0000000021001af1,1696924795000,,62fced1b000000001d034428,广州碳账户没有一年的50万交易记录凭证怎么破？,5b19d81d4eacab0a9fa232e4,靈和燕紫,https://sns-avatar-qc.xhscdn.com/avatar/2b4cefbb01e0a0824f5c173dde7f98b2.jpg?imageView2/2/w/120/format/jpg,1,,0,1770827097092,0
686c73a8000000000602c49e,1751937960000,四川,62fced1b000000001d034428,现在登陆兴业银行APP必须开碳账号，不懂什么意思,5a13ff8d4eacab4f4b0b4962,莉香,https://sns-avatar-qc.xhscdn.com/avatar/5a13ff8fb46c5d069bad36df.jpg?imageView2/2/w/120/format/jpg,0,,0,1770827097095,0
695efedd000000000f029158,1767833310000,上海,67b688a50000000029036569,你猜为啥没啥人做,554cc0414fac636b9a450ae1,陈住气,https://sns-avatar-qc.xhscdn.com/avatar/6420626676181d2e7127e961.jpg?imageView2/2/w/120/format/jpg,1,,0,1770827101333,3
68d78e640000000023015720,1758957157000,日本,67b688a50000000029036569,你的灵魂恋人，还有谁没玩过的[偷笑R],62fa6b480000000012001e1b,笑个不停,https://sns-avatar-qc.xhscdn.com/avatar/1040g2jo30rc9d7bh18005onqdd44g7gr0n4q03g?imageView2/2/w/120/format/jpg,0,,0,1770827101335,1
6963c536000000000b037d12,1768146230000,江苏,67b688a50000000029036569,这是ai写的吗...,672365b6000000001c018b09,momo,https://sns-avatar-qc.xhscdn.com/avatar/1040g2jo31n7db35e6g005pp3cmr732o9dl66jg0?imageView2/2/w/120/format/jpg,0,,0,1770827101337,0
64c76427000000001d039d8a,1690788903000,,641b012e0000000013030d5a,碳交易应该是指碳排放权的交易，而不是碳积分的交易吧[萌萌哒R],5d25cb7c00000000160231a7,镂空舟岱,https://sns-avatar-qc.xhscdn.com/avatar/620661a01272d7566a64b25f.jpg?imageView2/2/w/120/format/jpg,0,,0,1770827105552,1
635a6ca1000000000d03b81b,1666870433000,,628b337100000000010240ed,所以碳积分新能车补贴是不是假的,59295176a9b2ed5d46ecdbaf,用户已注销,https://sns-avatar-qc.xhscdn.com/avatar/ae351b5abc78ae2e8d79998354db8440.jpg?imageView2/2/w/120/format/jpg,1,,0,1770827109815,1
64bba152000000001f03170a,1690018130000,,64ba6654000000001701bf39,等周五大家成功抢到的截图[偷笑R][偷笑R],55600aee58944630d2a01579,家有三小妖,https://sns-avatar-qc.xhscdn.com/avatar/63bf708c649d2902894f2290.jpg?imageView2/2/w/120/format/jpg,2,,0,1770827118280,0
64bf04a4000000001900e754,1690240164000,,64ba6654000000001701bf39,我的卡还有三万多次[捂脸R][捂脸R]用不完 根本用不完,5fad5f8d0000000001000f57,逸辰潮牌工作室,https://sns-avatar-qc.xhscdn.com/avatar/5fad5f8d0000000001000f57.jpg?imageView2/2/w/120/format/jpg,7,,0,1770827118283,1
64c4742e000000001802c6a5,1690596398000,,64ba6654000000001701bf39,昨天早晚都试了抢不到，好卡,575995d982ec39217da69327,小May大大卷,https://sns-avatar-qc.xhscdn.com/avatar/1040g2jo31p00j7jvj26g48fp3jatj4p7ft1o78g?imageView2/2/w/120/format/jpg,6,,0,1770827118285,0
64bbc55300000000180078fc,1690027347000,,64ba6654000000001701bf39,已经攒了快20万碳积分了,5aac6cb311be101fb9eed23b,生活鱼快,https://sns-avatar-qc.xhscdn.com/avatar/1040g2jo30vbelpj9le6g4a3lj3mb7khrq4bvcmg?imageView2/2/w/120/format/jpg,4,,0,1770827118287,0
64bb875e000000002b0355b2,1690011486000,,64ba6654000000001701bf39,不用抢，坐地铁本来就不要钱[害羞R],5d15e96c0000000010020e8e,你头发乱了喔_,https://sns-avatar-qc.xhscdn.com/avatar/1040g2jo31pvsfa95g4005n8lt5m443ket7hrg90?imageView2/2/w/120/format/jpg,3,,0,1770827118290,0
64bb238a000000001802e314,1689985930000,,64ba6654000000001701bf39,在哪里啊,55faa08067bc652c42373d5a,朱令,https://sns-avatar-qc.xhscdn.com/avatar/642cc843b81a2b454d576c34.jpg?imageView2/2/w/120/format/jpg,2,,0,1770827118292,0
64ba6db2000000001802bc3a,1689939378000,,64ba6654000000001701bf39,在哪里领啊,5fc2ff8c0000000001004296,蚂蚁爬爬树,https://sns-avatar-qc.xhscdn.com/avatar/1040g2jo30vir0q19lo605nu2vu608gkmu7q1ulo?imageView2/2/w/120/format/jpg,2,,0,1770827118295,0
64deba37000000002b03415a,1692318263000,,64ba6654000000001701bf39,有没有姐妹 抢的时候显示 商品服务暂不可用啊 返回又显示可以抢[失望R],5e414575000000000100416b,哈哈就还行,https://sns-avatar-qc.xhscdn.com/avatar/628caee7a40cbebd130d55f3.jpg?imageView2/2/w/120/format/jpg,5,,0,1770827118298,0
64bbd187000000001501d58d,1690030471000,,64ba6654000000001701bf39,积分选25万兑10次的最划算，攒起来,5c9f07da000000001701bc64,豚门信徒吃朵朵,https://sns-avatar-qc.xhscdn.com/avatar/1040g2jo312mia9lnii505n4v0vd5rf34gqt1tjo?imageView2/2/w/120/format/jpg,1,,0,1770827118300,2
64cc3dc1000000001a03b153,1691106754000,,64ba6654000000001701bf39,又要开始了[偷笑R],55600aee58944630d2a01579,家有三小妖,https://sns-avatar-qc.xhscdn.com/avatar/63bf708c649d2902894f2290.jpg?imageView2/2/w/120/format/jpg,1,http://sns-webpic-qc.xhscdn.com/202602120025/7384bca24802f5606281f28ddd89e2d5/comment/1040g2h030nb4p2n25u6g40lq0s5es5bpfd71pvo!nd_whgt34_webp_wm_1,0,1770827118302,0
6603d94c00000000150025f8,1711528268000,,657a907e000000003803597f,是有的城市没有吗？,5ac178c711be107e0722170a,Mika,https://sns-avatar-qc.xhscdn.com/avatar/5ac1790914de411afb1af4a2.jpg?imageView2/2/w/120/format/jpg,2,,0,1770827122523,0
657a91e10000000014015f7d,1702531553000,,657a907e000000003803597f,有没有觉得低碳星球的界面很蒸汽朋克[得意R],5ff1bb05000000000100756e,腾讯地图,https://sns-avatar-qc.xhscdn.com/avatar/61dea96fb37da00001c08371.jpg?imageView2/2/w/120/format/jpg,0,,0,1770827122526,1
657a922b000000001002e4bf,1702531627000,,657a907e000000003803597f,好玩欸，刚打开小红书又要去打开腾讯地图🗺️,5d20a7890000000012008fc6,Janeeezz,https://sns-avatar-qc.xhscdn.com/avatar/1040g2jo31fguhhub6a005n90ku4kh3u6drrcamo?imageView2/2/w/120/format/jpg,0,,0,1770827122529,1
67eb8a3b000000001e038357,1743489595000,广东,657a907e000000003803597f,为什么现在商城兑换啥也没有啊,5643248af53ee06271ccd101,minmin227,https://sns-avatar-qc.xhscdn.com/avatar/1040g2jo31r5iinvn0a0042b37fi8lk81piolg00?imageView2/2/w/120/format/jpg,0,,0,1770827122533,0
67eb881e000000001e0117a0,1743489054000,广东,657a907e000000003803597f,碳账户现在啥也没有 无法兑换,5643248af53ee06271ccd101,minmin227,https://sns-avatar-qc.xhscdn.com/avatar/1040g2jo31r5iinvn0a0042b37fi8lk81piolg00?imageView2/2/w/120/format/jpg,0,,0,1770827122536,0
660ff20d0000000019030773,1712321038000,,657a907e000000003803597f,咋搞？能和园区结合吗。,5ba32026f6c6770001bb7d8f,祉因喜欢-懿家味道,https://sns-avatar-qc.xhscdn.com/avatar/1040g2jo31aofjmk36u604b2to0g2cvcfkdhpf18?imageView2/2/w/120/format/jpg,0,,0,1770827122538,0
657f1f850000000016025f51,1702829957000,,657a907e000000003803597f,保护地球人人有责[仙女R],5cf86144000000000501e15c,🎀蝴蝶结猪头🐟,https://sns-avatar-qc.xhscdn.com/avatar/1040g2jo31225apukjg605n7oc521boasssm9hd0?imageView2/2/w/120/format/jpg,0,,0,1770827122540,1
657c68e00000000038012b70,1702652128000,,657a907e000000003803597f,保护环境 从我做起[举手R],5eaab78000000000010008d3,辣笔小欣,https://sns-avatar-qc.xhscdn.com/avatar/1040g2jo31q1us4cmg2005nlamu00826ju6fbhv8?imageView2/2/w/120/format/jpg,0,,0,1770827122545,0
657c68ac000000001b004ab2,1702652076000,,657a907e000000003803597f,好棒,5a86da0811be105f3ffe977c,酪梨,https://sns-avatar-qc.xhscdn.com/avatar/62e3b80eb51a8813cd4d8061.jpg?imageView2/2/w/120/format/jpg,0,,0,1770827122547,0
657b19f0000000001003ffb7,1702566384000,,657a907e000000003803597f,保护环境 低碳星球 从我做起[偷笑R],606dcc180000000001003a16,鱼头欣欣🌟,https://sns-avatar-qc.xhscdn.com/avatar/1040g2jo314q2e3qb1e005o3dpgc08egml0spv88?imageView2/2/w/120/format/jpg,0,,0,1770827122550,0
67c022590000000018034e53,1740644953000,江苏,677f9e8f000000000900f111,领的这个乘车券是乘车免费吗还是抵扣,621787a2000000001000b8af,momo,https://sns-avatar-qc.xhscdn.com/avatar/1040g2jo31656f5j70u6g5ognguh41e5ftcr3aco?imageView2/2/w/120/format/jpg,4,,0,1770827126845,0
6787ba31000000001b03b67b,1736948274000,,677f9e8f000000000900f111,谢谢[偷笑R],558ff5d8c2bdeb190a075c1f,南通丨雨慢文创,https://sns-avatar-qc.xhscdn.com/avatar/1040g2jo31l23k8roio0040ssviqtgn0vt69edsg?imageView2/2/w/120/format/jpg,1,,0,1770827126848,0
678f3474000000001a03ec86,1737438325000,,677f9e8f000000000900f111,谢谢！领了几张[喝奶茶R],5c6a78170000000011008f6a,momo,https://sns-avatar-qc.xhscdn.com/avatar/63cffbfa34d324a3dba3f445.jpg?imageView2/2/w/120/format/jpg,1,,0,1770827126850,0
6936ccc40000000038028531,1765199044000,江苏,677f9e8f000000000900f111,app怎么更换手机号咧？[海豚R],5944a6f45e87e735cfbb012a,一捋猫毛,https://sns-avatar-qc.xhscdn.com/avatar/1040g2jo31liqihr6580049kb05jf809ancva0po?imageView2/2/w/120/format/jpg,0,,0,1770827126852,0
678730b9000000002103fdfa,1736913081000,,677f9e8f000000000900f111,@酸性小糖,5f10ebca000000000100394f,不爱吃大米,https://sns-avatar-qc.xhscdn.com/avatar/1040g2jo3159ab9gh146g5nogtf508eaf7emfm0g?imageView2/2/w/120/format/jpg,0,,0,1770827126855,1
6786372500000000220095cf,1736849190000,,677f9e8f000000000900f111,@_17,63d4ff060000000027036b01,starrism（微醺版）🌽,https://sns-avatar-qc.xhscdn.com/avatar/1040g2jo311qf8nkr743g5oukvs39uqo120rv0p8?imageView2/2/w/120/format/jpg,0,,0,1770827126857,0
6788a035000000002200058c,1737007157000,,677f9e8f000000000900f111,下好通行app好像有几张免费乘车券,5b9cb18e98c11e0001bee528,Kittenfaith,https://sns-avatar-qc.xhscdn.com/avatar/1040g2jo31qbnj45t7u004b05tnootp982mqkkkg?imageView2/2/w/120/format/jpg,4,,0,1770827126860,2
6787e1a5000000002200d1fc,1736958373000,,677f9e8f000000000900f111,谢谢！！领了两张,65fcefdf000000000600c315,xyxyxyjbei,https://sns-avatar-qc.xhscdn.com/avatar/1040g2jo31qbo10297g005pfstvfhhgolfar5fe0?imageView2/2/w/120/format/jpg,1,,0,1770827126862,0
667caad90000000017010da1,1719446234000,,656842ab000000000f028ac9,一次地铁要50000分，咋这么贵,5bea19caeb956700019b3d99,美人尖,https://sns-avatar-qc.xhscdn.com/avatar/1040g2jo30ug9p9tulc6g4bqap1cskfcp2r8hq6o?imageView2/2/w/120/format/jpg,11,,0,1770827131130,0
65f016930000000007003cb8,1710233235000,,656842ab000000000f028ac9,没开通[哭惹R]现在才知道,5b4ddf994eacab31ff7b2fff,奶盖甜🍊,https://sns-avatar-qc.xhscdn.com/avatar/1040g2jo31hj72n0qj4004a780vfpibvvi0uabn0?imageView2/2/w/120/format/jpg,9,,0,1770827131133,0
65913901000000000601f8d5,1704016129000,,656842ab000000000f028ac9,碳积分怎么开通呀，一直坐地铁，但显示0[哭惹R],59452e136a6a690d9d86025b,玉玊,https://sns-avatar-qc.xhscdn.com/avatar/64737b763e6d2bf88800dfa5.jpg?imageView2/2/w/120/format/jpg,9,,0,1770827131136,0
656e69f00000000038010d46,1701734896000,,656842ab000000000f028ac9,什么时候可以抢啊，我今天看的时候10次都兑完了[捂脸R],59fbf9cd11be101067d511ed,店店,https://sns-avatar-qc.xhscdn.com/avatar/6361f9cac5ddeb456681cb90.jpg?imageView2/2/w/120/format/jpg,3,,0,1770827131137,1
67c639a40000000018005bda,1741044132000,江苏,656842ab000000000f028ac9,开启了关怀模式 还会有碳积分嘛,5add5e8a11be104c3da475f0,Lili,https://sns-avatar-qc.xhscdn.com/avatar/1040g2jo30sdbnnj7j8004a4ohdf8ktfguldgs20?imageView2/2/w/120/format/jpg,3,,0,1770827131139,0
670c59ef000000000e0376e7,1728862703000,,656842ab000000000f028ac9,我的400000过期了[笑哭R],5ca47ad80000000010030636,momo,https://sns-avatar-qc.xhscdn.com/avatar/625cca7ecb1dbb3a30bd16e3.jpg?imageView2/2/w/120/format/jpg,3,,0,1770827131140,0
6684cc0a00000000030387c2,1719979019000,,656842ab000000000f028ac9,为什么我的显示授权码code无效,658a7956000000002200b8f8,Noora,https://sns-avatar-qc.xhscdn.com/avatar/1040g2jo31lmcrbfh5m005pcaf5b8he7oqg4t62g?imageView2/2/w/120/format/jpg,3,,0,1770827131142,0
657effcd000000001a00f712,1702821837000,,656842ab000000000f028ac9,请问我已经买了次票，现在兑换后是先使用兑换的次票么还是需要我自己买的票用完才能用兑换的票,61f2b712000000001000466e,夏日回音音音,https://sns-avatar-qc.xhscdn.com/avatar/1040g2jo31j0anq72he005ofims940hjenlgc54g?imageView2/2/w/120/format/jpg,3,,0,1770827131143,0
677d237e000000001b0304f4,1736254335000,,656842ab000000000f028ac9,这个有姐妹开通吗,64ce5287000000000b009453,％,https://sns-avatar-qc.xhscdn.com/avatar/1040g2jo31p7fqt702u005p6eaa3ip52j939sja0?imageView2/2/w/120/format/jpg,1,http://sns-webpic-qc.xhscdn.com/202602120025/45478170417ed26ff3e2b422ead94d71/comment/1040g2h031cbsqfp50u005p6eaa3ip52jfj8jpvg!nd_whgt34_webp_wm_1,0,1770827131144,0
65d1a7850000000009014f3f,1708238725000,,656842ab000000000f028ac9,这碳积分可以交易给车企吗,5f4122b300000000010093e6,titanium,https://sns-avatar-qc.xhscdn.com/avatar/62a6367adb7275c881062d20.jpg?imageView2/2/w/120/format/jpg,1,,0,1770827131150,0
658ac3d4000000001f033f64,1703592916000,,6583f6040000000038015e0f,姐妹想问一下你怎么抢的？[哭惹R]今天没抢到,5bbb2a0d219cd90001126261,别在这理发店,https://sns-avatar-qc.xhscdn.com/avatar/1040g2jo3184n63magsd04bc2epl0qoj1ojj0p7o?imageView2/2/w/120/format/jpg,6,,0,1770827135433,2
658cccc70000000018024486,1703726279000,,6583f6040000000038015e0f,为什么我连续蹲点，还是抢不到腾讯视频31天的会员，我发现到九点31天会员还是显示明日再来，根本就没有兑换不了[笑哭R],5f37cdb300000000010029ed,顺利通过,https://sns-avatar-qc.xhscdn.com/avatar/1040g2jo30suloo4bju005npnpmpg8afd482hij8?imageView2/2/w/120/format/jpg,3,,0,1770827135436,6
65a3f3230000000002022cb2,1705243427000,,6583f6040000000038015e0f,姐姐可以问问积分怎么存的嘛[哭惹R],64e83b480000000001011e9f,07.,https://sns-avatar-qc.xhscdn.com/avatar/1040g2jo30o7ofd8e2e005p787d40a7kvmfnqt60?imageView2/2/w/120/format/jpg,4,,0,1770827135439,0
65b06f3300000000080329b2,1706061620000,,6583f6040000000038015e0f,这个时间点都还有300多名额，看见的快去换！！,61c8556b000000001000643b,小南方,https://sns-avatar-qc.xhscdn.com/avatar/1040g2jo30t6kd8ui466g5oe8allk0p1rt3phcco?imageView2/2/w/120/format/jpg,3,http://sns-webpic-qc.xhscdn.com/202602120025/74c07a5ae6f37deca417fd905e850628/comment/1040g2h030u9vq7gp5e6g5oe8allk0p1rtuiorr8!nd_whgt34_webp_wm_1,0,1770827135442,0
65c599660000000008032019,1707448678000,,6583f6040000000038015e0f,会议主持要几个啊,5561df545894467ccad4f941,元元的🌙深深的🌟,https://sns-avatar-qc.xhscdn.com/avatar/1040g2jo316om8c24gm6040m3bcfl9ua1c4lifjg?imageView2/2/w/120/format/jpg,1,,0,1770827135446,1
685aa2580000000020027a4a,1750770264000,广东,6583f6040000000038015e0f,想问一下兑换了QQ音乐现在想解绑，怎么解绑呢,5dad71e000000000010001b8,vvvie,https://sns-avatar-qc.xhscdn.com/avatar/1040g2jo316pn44dv3q705ndde7g080dok1g1lg0?imageView2/2/w/120/format/jpg,1,,0,1770827135449,0
67829361000000001b035760,1736610659000,,6583f6040000000038015e0f,你们都开年费会员兑换的吗，我普通会员这么多积分只能看着干着急，好想领微信读书30天会员[叹气R],5aec850e4eacab56421a8679,嘻嘻,https://sns-avatar-qc.xhscdn.com/avatar/64290aa8281f80892251ce5b.jpg?imageView2/2/w/120/format/jpg,1,http://sns-webpic-qc.xhscdn.com/202602120025/ddd28498aeef59c1e8dd3fce5cdee04d/comment/1040g2h031ch6brabgs604a526n2gt1jpvo9tq9g!nd_whgt34_webp_wm_1,0,1770827135451,0
694427a4000000003900781c,1766074277000,广东,6583f6040000000038015e0f,姐妹，我之前帮朋友充了qq音乐，然后我想充回自己的一直显示我的qq号被别的账号绑定是啥情况呀[暗中观察R],581c395d82ec395455ba1407,美食庄庄主,https://sns-avatar-qc.xhscdn.com/avatar/615dd13c4acb4601f754aff5.jpg?imageView2/2/w/120/format/jpg,0,,0,1770827135454,0
676bdc1a000000001102de70,1735121946000,,6583f6040000000038015e0f,永远库存不足，从来没兑换成功过,5937d52f82ec393c7e3cd643,趁早,https://sns-avatar-qc.xhscdn.com/avatar/5937d52f82ec393c7e3cd643.jpg?imageView2/2/w/120/format/jpg,0,,0,1770827135457,0
658cc9f5000000001702fd9d,1703725557000,,6583f6040000000038015e0f,现在抢不到了,5ab826624eacab7cfc93c550,加麻加辣,https://sns-avatar-qc.xhscdn.com/avatar/1040g2jo31rims5soig004a3tlpj65hagh1pvks8?imageView2/2/w/120/format/jpg,0,,0,1770827135460,0
683b2915000000000903acd1,1748707607000,河南,683acfd50000000023002d6a,,5c411a560000000007020f4a,十卄🍟卅卌,https://sns-avatar-qc.xhscdn.com/avatar/1040g2jo31nl37lof52605n2139b1s3qautpgd3g?imageView2/2/w/120/format/jpg,17,http://sns-webpic-qc.xhscdn.com/202602120026/e4f282a4c3a617e160b4cb6ecae8bb04/comment/1040g2h031i5de14smo205n2139b1s3qa594r8ro!nd_whlt34_webp_wm_1,0,1770827190742,215
683bbee5000000000d016319,1748745958000,浙江,683acfd50000000023002d6a,六号线进站前拍到的[偷笑R],59d5c6e26eea880a3253a5f4,星海_之一,https://sns-avatar-qc.xhscdn.com/avatar/1040g2jo31erbnsse5o0049s6rj3e59fk3iemht8?imageView2/2/w/120/format/jpg,5,http://sns-webpic-qc.xhscdn.com/202602120026/3ecf349482dd76d31194d5fbb24ef4b6/comment/1040g2h031i619h8gmq0049s6rj3e59fkcjad5u8!nd_whlt34_webp_wm_1,0,1770827190745,38
683af0da000000000b01e760,1748693212000,浙江,683acfd50000000023002d6a,我也有[飞吻R],5f14356a0000000001006770,牧云恋猫,https://sns-avatar-qc.xhscdn.com/avatar/1040g2jo31otjv9efhodg5nok6ll08prgcai92ig?imageView2/2/w/120/format/jpg,0,http://sns-webpic-qc.xhscdn.com/202602120026/fbc6e6cc89052ad6494596390a83ae28/comment/1040g2h031i584ltm7e6g5nok6ll08prgdmdcai0!nd_whgt34_webp_wm_1,0,1770827190748,22
683d1e11000000001c02fcb6,1748835858000,浙江,683acfd50000000023002d6a,只有16号有吗[抓狂R]昨天在3号等了好久 总是感觉下一个就是[哭惹R],61069f1a000000000100a6a4,kk,https://sns-avatar-qc.xhscdn.com/avatar/1040g2jo31ihvgle90c6g5o86jsd099l4cacf2fg?imageView2/2/w/120/format/jpg,6,,0,1770827190751,2
683bcc2d000000000802403c,1748749360000,浙江,683acfd50000000023002d6a,,5d7b95d10000000001004a51,PinK_tiiiiiiinG,https://sns-avatar-qc.xhscdn.com/avatar/1040g2jo31ci37jhg0k005nbrin8g8iihuv1qjc8?imageView2/2/w/120/format/jpg,0,http://sns-webpic-qc.xhscdn.com/202602120026/f2ae910a67e6c8b0ce2603d2ee921aaf/comment/1040g2h031i62tdhlna005nbrin8g8iihobepvvo!nd_whlt34_webp_wm_1,0,1770827190755,14
683c0645000000000703645e,1748764234000,浙江,683acfd50000000023002d6a,昨天拍到的[哭惹R],667268930000000007006060,skyday_,https://sns-avatar-qc.xhscdn.com/avatar/1040g2jo319g8srl2mm705pjid29hoo308l9j518?imageView2/2/w/120/format/jpg,5,http://sns-webpic-qc.xhscdn.com/202602120026/5f240b16cbbedcf65d514067ad8c43cc/comment/1040g2h031i6a0b4emo005pjid29hoo30kqgls18!nd_whlt34_webp_wm_1,0,1770827190758,16
683bcb60000000001c01e96a,1748749153000,浙江,683acfd50000000023002d6a,,5e47801b0000000001005d45,momo,https://sns-avatar-qc.xhscdn.com/avatar/1040g2jo31j12skgph4005ni7g0dg8na5rsllpqg?imageView2/2/w/120/format/jpg,0,http://sns-webpic-qc.xhscdn.com/202602120026/f5e6d8c1deaa447d9c3a5e08da81c36f/comment/1040g2h031i62panfnc0g5ni7g0dg8na50llapto!nd_whgt34_webp_wm_1,0,1770827190760,10
683b2d03000000000b016dd5,1748708612000,浙江,683acfd50000000023002d6a,16号线！！！,60b9dde80000000001001f72,Stmimophd,https://sns-avatar-qc.xhscdn.com/avatar/1040g2jo31jk57emojq005o5prnk087ris0a4gm8?imageView2/2/w/120/format/jpg,2,,0,1770827190763,3
683c39b9000000001c01cadb,1748777402000,山西,683acfd50000000023002d6a,哇塞塞求图片,6108d87900000000010059d9,时肆^＿🏓,https://sns-avatar-qc.xhscdn.com/avatar/1040g2jo31i773rmp706g5o88r1sg8mepl92nb20?imageView2/2/w/120/format/jpg,2,,0,1770827190765,0
683ad274000000001c01cced,1748685429000,浙江,683acfd50000000023002d6a,感谢我吧[doge],62a58255000000001000b911,star,https://sns-avatar-qc.xhscdn.com/avatar/1040g2jo313f33faa046g5ol5g9ak1e8hrh7c3e8?imageView2/2/w/120/format/jpg,0,,0,1770827190768,5
648b101000000000150072d6,1686835216000,,6471e4100000000011011554,张航避一避避一避,5f8bcd2d0000000001006379,🍔,https://sns-avatar-qc.xhscdn.com/avatar/62dad1ceeca9628aca9d1896.jpg?imageView2/2/w/120/format/jpg,3,,0,1770827195103,3
648b5743000000001803b69c,1686853443000,,6471e4100000000011011554,可以借鉴吗？,5b6e4de67979810001532caf,ber,https://sns-avatar-qc.xhscdn.com/avatar/1040g2jo31hum841c5u6g4acdpc6ucb5f779lang?imageView2/2/w/120/format/jpg,1,,0,1770827195106,0
6594e7540000000001021502,1704257364000,,6471e4100000000011011554,广幼避避,62b1d6e800000000150151e6,兮沫澜,https://sns-avatar-qc.xhscdn.com/avatar/1040g2jo31poaf5esl06g5olhqrk5akf6qkgdhb0?imageView2/2/w/120/format/jpg,3,,0,1770827195109,0
647f45a9000000001a013482,1686062505000,,6471e4100000000011011554,广商院避一避[合十R],5e4f9b4e00000000010069ee,momo,https://sns-avatar-qc.xhscdn.com/avatar/647f3b48c021bc9a2bf96ec0.jpg?imageView2/2/w/120/format/jpg,3,,0,1770827195111,0
6570680f000000001003df9f,1701865487000,,6471e4100000000011011554,南理避一下[飞吻R],62922a710000000021025a3f,momo,https://sns-avatar-qc.xhscdn.com/avatar/1040g2jo31c18djcq10005oki59oocmhv9h9ikd0?imageView2/2/w/120/format/jpg,2,,0,1770827195113,2
6487f15400000000150072bd,1686630740000,,6471e4100000000011011554,@郁欢 这个有论点[吃瓜R],5ef35864000000000101e2d7,～～,https://sns-avatar-qc.xhscdn.com/avatar/63735adf784bd5145519f5bf.jpg?imageView2/2/w/120/format/jpg,2,,0,1770827195116,0
6571cd4c000000001003f6e1,1701956940000,,6471e4100000000011011554,第一眼感觉没什么奇怪的(ー_ー)!!第二眼才发现，WC！这是大学论文，我一个初中生，我不配抄，好吧,6571cc74000000002002e49c,李诗雅,https://sns-avatar-qc.xhscdn.com/avatar/1040g2jo30scqifa5j86g5pbhphq85p4s587vnu0?imageView2/2/w/120/format/jpg,0,,0,1770827195118,4
65d2bfc7000000000501a161,1708310471000,,6471e4100000000011011554,江中避一避,5da9ccd500000000010069cc,欧巴你把我落下了,https://sns-avatar-qc.xhscdn.com/avatar/1040g2jo31kgoimh62u005nd9pjag8qec06pkp58?imageView2/2/w/120/format/jpg,1,,0,1770827195120,0
675951b7000000000e01d780,1733906871000,,6471e4100000000011011554,泰护避一避,5b9b6e48f26997000140ce14,Sylvia,https://sns-avatar-qc.xhscdn.com/avatar/1040g2jo31l877m73li6g4avnj4n4hjgkaaemp50?imageView2/2/w/120/format/jpg,0,,0,1770827195122,0
673b4faa0000000002007945,1731940266000,,6471e4100000000011011554,虫幼避,610bb9cd0000000001003bab,wowo,https://sns-avatar-qc.xhscdn.com/avatar/1040g2jo31o14msq75m005o8bn76g8etbrrd5bn0?imageView2/2/w/120/format/jpg,0,,0,1770827195124,0
63c163c4000000002301ddc2,1673618372000,,63250739000000000903173b,作者真的是我这三天来看到的最好的结构化博主，逻辑清楚，不僵硬，明天就要考试了，后悔没有早点看到，希望明天能顺利！,5bca9121b7b683000185600a,脑力智宝,https://sns-avatar-qc.xhscdn.com/avatar/5bca92df274e160001e4b22a.jpg?imageView2/2/w/120/format/jpg,6,,0,1770827199388,6
632547920000000009000c2c,1663387538000,,63250739000000000903173b,“做好充足的钱准备”不太对吧,5d9e9c2e0000000001003c3a,李书同,https://sns-avatar-qc.xhscdn.com/avatar/1040g2jo31pafoj9r2s705ncujgn08f1qn0htrf0?imageView2/2/w/120/format/jpg,2,,0,1770827199390,3
6325258400000000120361d2,1663378820000,,63250739000000000903173b,名人录制视频这个点挺好的，我的了[doge],59d0eb286eea8817b961299a,張不醒,https://sns-avatar-qc.xhscdn.com/avatar/605499d7558cc016f0e5fd4c.jpg?imageView2/2/w/120/format/jpg,1,,0,1770827199392,21
632b194a000000000800c7ac,1663768906000,,63250739000000000903173b,公交车车身广告宣传,5afd8ff411be100cb695fc61,All-Road,https://sns-avatar-qc.xhscdn.com/avatar/1040g2jo311b5rka76k0g4a5dl07v9v31advthkg?imageView2/2/w/120/format/jpg,1,,0,1770827199395,9
6325794f0000000009002785,1663400271000,,63250739000000000903173b,打卡,5d1c38b800000000100212c0,久笙,https://sns-avatar-qc.xhscdn.com/avatar/5d1c38b800000000100212c0.jpg?imageView2/2/w/120/format/jpg,1,,0,1770827199398,0
67052553000000001601cbf0,1728390483000,,63250739000000000903173b,一宣传就组队，太模板了[微笑R],5f27d801000000000101ddba,小红薯5F294A48,https://sns-avatar-qc.xhscdn.com/avatar/7121a416be8e543266fd62c1cc9d575e.jpg?imageView2/2/w/120/format/jpg,2,,0,1770827199400,0
649927b6000000002b0368c5,1687758774000,,63250739000000000903173b,老师这个是一个高级模板啊,64834b4700000000120348fd,灯火阑珊,https://sns-avatar-qc.xhscdn.com/avatar/53ba1722242c3e9344db7b0fc2e1005f.jpg?imageView2/2/w/120/format/jpg,1,,0,1770827199403,0
63252275000000001202fab5,1663378037000,,63250739000000000903173b,打卡,5ef18eed00000000010062be,妖7股,https://sns-avatar-qc.xhscdn.com/avatar/640ddc0b68c57054fc805d1b.jpg?imageView2/2/w/120/format/jpg,1,,0,1770827199406,0
64b02fe0000000001501c1c0,1689268192000,,63250739000000000903173b,[哭惹R][哭惹R]看了好多宣传活动的视频，觉得你的这个最容易记住而且逻辑什么的也是最好的,5e90a78a000000000100a9dd,月出。,https://sns-avatar-qc.xhscdn.com/avatar/1040g2jo317g9j5i4k6605nkgku509aetd6s6sh8?imageView2/2/w/120/format/jpg,0,,0,1770827199408,1
65df36fb000000000c025ca4,1709127419000,,63250739000000000903173b,@Wjh,5d3943db000000001202329f,小番茄,https://sns-avatar-qc.xhscdn.com/avatar/1040g2jo31qu4sp397g0g5n9p8fdkkckv6ldv508?imageView2/2/w/120/format/jpg,0,,0,1770827199410,1
693c1028000000001403d1b6,1765543976000,安徽,693bd995000000001e012eca,学姐可以出一个公民旅游的统计图作文吗,62aa9a35000000001b026dda,llyy,https://sns-avatar-qc.xhscdn.com/avatar/1040g2jo31rdh8615mu605olaj8qmsreq8rt0a18?imageView2/2/w/120/format/jpg,6,,0,1770827203667,1
693c28270000000016027e37,1765550120000,广东,693bd995000000001e012eca,明天早上写[哇R],67eb6609000000000e012fd8,momo,https://sns-avatar-qc.xhscdn.com/avatar/1040g2jo31s1ekui3ko0g5pvbco4jibuoiiefpio?imageView2/2/w/120/format/jpg,4,,0,1770827203671,1
693eb096000000001403f09d,1765716118000,安徽,693bd995000000001e012eca,第一段只描述左边的图吗学姐,62aa9a35000000001b026dda,llyy,https://sns-avatar-qc.xhscdn.com/avatar/1040g2jo31rdh8615mu605olaj8qmsreq8rt0a18?imageView2/2/w/120/format/jpg,2,,0,1770827203674,1
693e0a6d000000001d0251fe,1765673582000,江苏,693bd995000000001e012eca,想问一下第一段的metro and buses的metro不需要加复数嘛,6020ebc70000000001000b50,。。,https://sns-avatar-qc.xhscdn.com/avatar/1040g2jo31cm67ndggc005o10tf3g82qgd90hc3o?imageView2/2/w/120/format/jpg,2,,0,1770827203677,0
693d91260000000016025b6f,1765642535000,广东,693bd995000000001e012eca,这个太好写了全是模版句,5afa668ce8ac2b2a7ca3d8e0,more,https://sns-avatar-qc.xhscdn.com/avatar/1040g2jo31h7r0lkr3q004a5bapj8pm70dllpjgo?imageView2/2/w/120/format/jpg,1,,0,1770827203679,0
6941538c000000001d01db9a,1765888908000,江苏,693bd995000000001e012eca,好棒[哇R],62fca239000000001501e45e,小羊咩咩,https://sns-avatar-qc.xhscdn.com/avatar/1040g2jo31h5u6i0l3o605onsk8slbp2u6p7t6q0?imageView2/2/w/120/format/jpg,1,,0,1770827203682,0
693bda48000000000601bbf0,1765530185000,安徽,693bd995000000001e012eca,[害羞R]一直想做的新能源汽车预测题也是被我弄出来了,62720189000000002102071c,杰瑞学姐的魔法英语角,https://sns-avatar-qc.xhscdn.com/avatar/1040g2jo31in9qnan0u0g5oji064oc1osnku47mg?imageView2/2/w/120/format/jpg,0,,0,1770827203684,2
693eb0bf000000000e037867,1765716159000,安徽,693bd995000000001e012eca,三个段落一样长，这个在结构上会不好吗,62aa9a35000000001b026dda,llyy,https://sns-avatar-qc.xhscdn.com/avatar/1040g2jo31rdh8615mu605olaj8qmsreq8rt0a18?imageView2/2/w/120/format/jpg,1,,0,1770827203686,0
694250330000000038029535,1765953587000,浙江,693bd995000000001e012eca,学姐想请问一下我第一段光描述两个图表就写了13段了[哭惹R]是不是写太多了[皱眉R]这种双图表的作文需要描述的这么详细嘛,5e3b8440000000000100033d,土豆片儿,https://sns-avatar-qc.xhscdn.com/avatar/1040g2jo31rjkv7rqigcg5nhrgh0080ptn6seu98?imageView2/2/w/120/format/jpg,1,,0,1770827203689,1
693c27fb000000001702dc45,1765550076000,广东,693bd995000000001e012eca,爆赞[赞R][赞R][赞R],67eb6609000000000e012fd8,momo,https://sns-avatar-qc.xhscdn.com/avatar/1040g2jo31s1ekui3ko0g5pvbco4jibuoiiefpio?imageView2/2/w/120/format/jpg,0,,0,1770827203691,0
691c7ea8000000001502fe91,1763475112000,山东,691866c5000000000d038a2c,阅读会有吗[哇R],5c5e93f4000000001103b513,Rainbow,https://sns-avatar-qc.xhscdn.com/avatar/1040g2jo31s31f9j4k45g5n2uifq4fd8j1k6fnf8?imageView2/2/w/120/format/jpg,2,,0,1770827207953,0
691b33190000000039030667,1763390234000,安徽,691866c5000000000d038a2c,听力会有吗[哭惹R],5b3c20724eacab3611548d4f,wwwc,https://sns-avatar-qc.xhscdn.com/avatar/1040g2jo318ukie3tjk004a6qjtg753afbhcpie0?imageView2/2/w/120/format/jpg,1,,0,1770827207957,0
69186b5e0000000038027ddd,1763208030000,山东,691866c5000000000d038a2c,字太好看好啦！码住[亲一个R],5bc53c31edc12400014df6a2,蹙损了淡淡春山,https://sns-avatar-qc.xhscdn.com/avatar/63ca169a453a38712e5ec229.jpg?imageView2/2/w/120/format/jpg,1,,0,1770827207959,0
691967f8000000003902c6f3,1763272697000,湖北,691866c5000000000d038a2c,姐姐 写作什么时候分享呀[害羞R],635bc342000000001801c8b5,你真的很烦,https://sns-avatar-qc.xhscdn.com/avatar/1040g2jo31q88mh3cmu005oqrod163i5l1phbmjo?imageView2/2/w/120/format/jpg,1,,0,1770827207961,0
691b0f210000000033024486,1763381025000,上海,691866c5000000000d038a2c,关于四六级写作的技巧已发！移步主页～,5b58614f4eacab38b2f9dac3,松皖,https://sns-avatar-qc.xhscdn.com/avatar/62ec7537fbd0a1a59e68a0a7.jpg?imageView2/2/w/120/format/jpg,0,,0,1770827207964,1
691dd46b000000001d027909,1763562604000,江苏,691866c5000000000d038a2c,码住码住,66c45282000000001d03366d,.,https://sns-avatar-qc.xhscdn.com/avatar/1040g2jo3193ca996kg5g5pm4aa17edjd943jvu8?imageView2/2/w/120/format/jpg,0,,0,1770827207965,0
691ddd690000000039002204,1763564906000,湖南,691866c5000000000d038a2c,会出作文吗[完啦R],59c60fa582ec397b9f03e913,呆胶布,https://sns-avatar-qc.xhscdn.com/avatar/1040g2jo31jjgqprb2o0049r1qb7qbq8jrgl68d8?imageView2/2/w/120/format/jpg,0,,0,1770827207968,0
6921aaa9000000001403cec0,1763814058000,江苏,691866c5000000000d038a2c,蹲蹲写作！！,5cfb0c0d0000000005025f2f,孟婆爱喝优乐美,https://sns-avatar-qc.xhscdn.com/avatar/1040g2jo31odtbqphku005n7r1g6hcnpfs5kk38g?imageView2/2/w/120/format/jpg,0,,0,1770827207970,0
6928e3c7000000001403dad6,1764287431000,广东,692815cb000000001e023baa,这个星期日你有空吗,623175bf000000001000cdd7,雾里看花，假装看不见,https://sns-avatar-qc.xhscdn.com/avatar/1040g2jo31fdct4705s405ohhemvk1jen9cmi320?imageView2/2/w/120/format/jpg,2,,0,1770827212220,2
6929061b000000001600d117,1764296220000,辽宁,692815cb000000001e023baa,妻离子散语音包。[棒R],613725b200000000020256e3,✨      隐,https://sns-avatar-qc.xhscdn.com/avatar/1040g2jo31laklp99li305o9n4mp0kln3sv60ujo?imageView2/2/w/120/format/jpg,1,,0,1770827212223,24
692fc20e000000000601b51f,1764737550000,辽宁,692815cb000000001e023baa,什么导航,5b35a663e8ac2b4ec2819c3b,失忆,https://sns-avatar-qc.xhscdn.com/avatar/1040g2jo30ttmvr6l50604a6m2jj6771r2rkq5g0?imageView2/2/w/120/format/jpg,0,,0,1770827212226,0
693789ff000000001602302c,1765247487000,河南,692815cb000000001e023baa,想用，但是害怕我妈揍我[doge][流汗R],6865e42f000000001b0217b2,川口名人,https://sns-avatar-qc.xhscdn.com/avatar/1040g2jo31p4m1lkdig6g5q35sgnms5til913fng?imageView2/2/w/120/format/jpg,0,,0,1770827212230,0
692c7964000000001601d665,1764522340000,四川,692815cb000000001e023baa,求求你不要超了~会很危险,61cc7eb3000000002102bcb9,海绵宝宝,https://sns-avatar-qc.xhscdn.com/avatar/1040g2jo319hbvnsmn2005oecfqpodf5p86ob6hg?imageView2/2/w/120/format/jpg,1,,0,1770827212232,2
69321c9d0000000016026faa,1764891805000,江苏,692815cb000000001e023baa,副驾暴怒语音包[偷笑R],5af9308a4eacab1fc011f085,Alan,https://sns-avatar-qc.xhscdn.com/avatar/1040g2jo311iqa6656e6g4a5acqo8ls455sg5nr8?imageView2/2/w/120/format/jpg,0,,0,1770827212235,1
692e4b12000000003800a415,1764641554000,浙江,692815cb000000001e023baa,我怕我老婆打我[doge],5d2b1f71000000001103b813,摆烂,https://sns-avatar-qc.xhscdn.com/avatar/1040g2jo318qgcn7m446g5n9b3tokfe0jrs26hcg?imageView2/2/w/120/format/jpg,0,,0,1770827212237,0
67ee4f00000000001f00763e,1743671040000,浙江,67ee492a000000001b03e403,谁爱我[生气R]怎么👍越来越少了！！！不爱了是吗[生气R][生气R][生气R],61372248000000001f03c688,蚂蚁森林,https://sns-avatar-qc.xhscdn.com/avatar/64740636afaef400012c9bd8.jpg?imageView2/2/w/120/format/jpg,37,,0,1770827216476,33
698377ec000000000b034b4c,1770223597000,陕西,67ee492a000000001b03e403,电子账单是啥,655b48440000000008000563,菠萝,https://sns-avatar-qc.xhscdn.com/avatar/1040g2jo31gn3hncsjs0g5par912201b35gi3k48?imageView2/2/w/120/format/jpg,3,,0,1770827216478,0
67ee50ae000000002001374f,1743671470000,陕西,67ee492a000000001b03e403,攒不动了宝[哭惹R][哭惹R][哭惹R],607d7d7c0000000001003b72,独角戏,https://sns-avatar-qc.xhscdn.com/avatar/1040g2jo31a63juhp6m605o3tflu08erig9am8ho?imageView2/2/w/120/format/jpg,19,,0,1770827216479,8
698ae6950000000006032a07,1770710677000,湖南,67ee492a000000001b03e403,123g是什么呀[皱眉R],6666868600000000030307a2,🎄,https://sns-avatar-qc.xhscdn.com/avatar/1040g2jo31mpunv3ql0005pj6gq30u1t2a0v6p1g?imageView2/2/w/120/format/jpg,0,,0,1770827216481,0
6892f531000000002b0221da,1754461491000,陕西,67ee492a000000001b03e403,这是出轨了吗,6145a31d00000000020184ad,滿洲里有象,https://sns-avatar-qc.xhscdn.com/avatar/6145a31d00000000020184ad.jpg?imageView2/2/w/120/format/jpg,3,http://sns-webpic-qc.xhscdn.com/202602120026/d023c89633b27e94acc1b31fd19c0136/comment/1040g2h031kr6lk5qiu005oa5kcegj15dlvu8970!nd_whgt34_webp_wm_1,0,1770827216482,0
67ee4e0200000000200107e4,1743670786000,湖南,67ee492a000000001b03e403,可以直接送我10万能量吗我想去森林种树,6062d958000000000100b696,绝味鸭脖,https://sns-avatar-qc.xhscdn.com/avatar/1040g2jo31mfnbbsll2005o32r5c09dkml24c72g?imageView2/2/w/120/format/jpg,11,,0,1770827216483,2
67ee49dc000000001f00f6df,1743669724000,河南,67ee492a000000001b03e403,891那个怎么弄,5c78d8d3000000001801dfdc,momo,https://sns-avatar-qc.xhscdn.com/avatar/1040g2jo31fjtv71e7e6g5n3or39m3nus77npkr8?imageView2/2/w/120/format/jpg,7,,0,1770827216484,0
67ee86b600000000120008e7,1743685303000,浙江,67ee492a000000001b03e403,23克除了etc还是什么呀 我没有etc也有23克产生[石化R][呃R],63f39396000000001001e631,Utopia,https://sns-avatar-qc.xhscdn.com/avatar/1040g2jo31mciglholi005ovjieb43phhepjujm0?imageView2/2/w/120/format/jpg,6,,0,1770827216485,3
67ee4b27000000001e00d0ac,1743670057000,江西,67ee492a000000001b03e403,是未出险吧，扣绩效[偷笑R],673fe498000000001d02e0f5,.,https://sns-avatar-qc.xhscdn.com/avatar/1040g2jo31ghvkka13q6g5ppvsic7do7l8cb6pgg?imageView2/2/w/120/format/jpg,3,http://sns-webpic-qc.xhscdn.com/202602120026/03c176327f3b2fd8fe98c132428cca7b/comment/1040g2h031fqctdd50i6g5ppvsic7do7lmpoj12g!nd_whgt34_webp_wm_1,0,1770827216486,0
67ee4aab000000001f00bb5e,1743669932000,浙江,67ee492a000000001b03e403,高德导航要在支付宝上使用高德小程序吗,634f88cd000000001202622c,是姗姗不是珊珊🌈,https://sns-avatar-qc.xhscdn.com/avatar/634f8a00faecc9da3a916975.jpg?imageView2/2/w/120/format/jpg,9,,0,1770827216488,0
695de8b000000000140375be,1767762096000,广东,695cebcd000000000a0323db,工行的基本抢不到了，这些人服了。估计6点7点就开始了,5d4e1635000000001603caff,小陈故事,https://sns-avatar-qc.xhscdn.com/avatar/1040g2jo31osdd1figu5g5nae2oqlninvjfuuv68?imageView2/2/w/120/format/jpg,27,,0,1770827220756,12
69605b40000000001d01f57d,1767922501000,广东,695cebcd000000000a0323db,少了个农业银行6分10次周卡，每次封顶减1元,5e480fbf0000000001000619,肉肉爱吃肉肉,https://sns-avatar-qc.xhscdn.com/avatar/624965194db09947b6d54655.jpg?imageView2/2/w/120/format/jpg,10,http://sns-webpic-qc.xhscdn.com/202602120027/0c29d57ebc127fb1da76c55b1292ab32/comment/1040g4b831r3pc9nong705ni81uvg81gptnfpqng!nd_whgt34_webp_wm_1,0,1770827220758,6
69635dd1000000001601eefa,1768119761000,湖北,695cebcd000000000a0323db,支付宝会员中心已经没有券了,5f8aedf1000000000100028d,小新,https://sns-avatar-qc.xhscdn.com/avatar/1040g2jo31fa2dl18n4005nsatnog80kd7rpd8ig?imageView2/2/w/120/format/jpg,6,,0,1770827220759,10
695dad3c000000001d02455b,1767746876000,湖南,695cebcd000000000a0323db,一折乘车[笑哭R]为什么就减几毛,5f748f9f0000000001008f1d,阿呦,https://sns-avatar-qc.xhscdn.com/avatar/1040g2jo31ipkkc2e0u5g5nrkhufg93otcv2rm1o?imageView2/2/w/120/format/jpg,9,,0,1770827220762,3
695f67fd000000001d00fd0c,1767860221000,辽宁,695cebcd000000000a0323db,8点半下车  工行建行的都没了[笑哭R][笑哭R][笑哭R],61d178bd000000001000a09b,苍天呀,https://sns-avatar-qc.xhscdn.com/avatar/1040g2jo319uc0v1v7c0g5oehf2uk184ri7a5ln8?imageView2/2/w/120/format/jpg,5,,0,1770827220763,10
695e43da000000001403f2b2,1767785434000,安徽,695cebcd000000000a0323db,建行惠省钱哪里有5折啊,61652ab20000000002027b18,it's椰椰冰,https://sns-avatar-qc.xhscdn.com/avatar/1040g2jo31514feg4gm605ob55ap0kuoo9hdus0o?imageView2/2/w/120/format/jpg,3,,0,1770827220764,1
696752d6000000000f01894d,1768379096000,辽宁,695cebcd000000000a0323db,地方的,5b04117e4eacab139f927315,命中注定没有你,https://sns-avatar-qc.xhscdn.com/avatar/5b0411bcd2c8a506602473e5.jpg?imageView2/2/w/120/format/jpg,8,http://sns-webpic-qc.xhscdn.com/202602120027/a56f28ee736ea1bd14a567f819d909a1/comment/1040g2h031raj3dv17g004a5ibj8nssolrm84550!nd_whgt34_webp_wm_1,0,1770827220765,0
695d232c000000001600f06a,1767711532000,广东,695cebcd000000000a0323db,6在哪,61e2dc93000000001000759c,???,https://sns-avatar-qc.xhscdn.com/avatar/1040g2jo314v40dauhe005of2ri9k0tcs935vhqg?imageView2/2/w/120/format/jpg,3,,0,1770827220766,0
6971749d000000000f02aae5,1769043101000,广东,695cebcd000000000a0323db,云闪付10次五折乘车是指手机pay吧，我开通oppo pay，绑了卡，然后就不知道怎么用了,635cc529000000001901d364,大麦麦,https://sns-avatar-qc.xhscdn.com/avatar/1040g2jo31mbbhjp7686g5oqsokkmbkr4380aejo?imageView2/2/w/120/format/jpg,4,,0,1770827220768,0
695efc3f0000000018020af3,1767832639000,北京,695cebcd000000000a0323db,云闪付各大银行的在哪里领呢？,685f8e49000000001e0388d7,冬日暖阳,https://sns-avatar-qc.xhscdn.com/avatar/1040g2jo31j90e0b4iu6g5q2vhp4nn26nrvvnhag?imageView2/2/w/120/format/jpg,0,,0,1770827220770,1
67f0ec01000000001f02a396,1743842306000,广东,67d29d38000000001c00f7c8,24年4月已经出了网上购物的选题，25年不太可能会出了,6252fdb00000000010004a2f,Alan,https://sns-avatar-qc.xhscdn.com/avatar/1040g2jo31gdaqnmn42005oiivmo40ihfhle550o?imageView2/2/w/120/format/jpg,2,,0,1770827225045,0
67fb19500000000012013a7d,1744509265000,广东,67d29d38000000001c00f7c8,广东的能借鉴吗,5f0cdb06000000000100017d,小红薯65DC1570,https://sns-avatar-qc.xhscdn.com/avatar/5f0cdb06000000000100017d.jpg?imageView2/2/w/120/format/jpg,0,,0,1770827225047,0
67fb7ffd000000001f00412e,1744535550000,广东,67d29d38000000001c00f7c8,考完才刷到，网上购物的优劣势中了[哭惹R][哭惹R],5951495b5e87e76415d3e4a2,NN,https://sns-avatar-qc.xhscdn.com/avatar/5951495b5e87e76415d3e4a2.jpg?imageView2/2/w/120/format/jpg,0,,0,1770827225049,0
67d4f175000000001800a851,1742008694000,河南,67d29d38000000001c00f7c8,今年4月考试这个模版可以背吗？河南的,66f3d6c4000000001d020094,爱吃香菜的宝宝,https://sns-avatar-qc.xhscdn.com/avatar/1040g2jo31hvkuddfm4005pnjqr27c04k1rgp880?imageView2/2/w/120/format/jpg,0,,0,1770827225050,0
682b52d6000000001c01ebeb,1747669719000,广东,67d29d38000000001c00f7c8,哇塞,5fddccee0000000001006224,🍯🍯,https://sns-avatar-qc.xhscdn.com/avatar/1040g2jo30u4a0sfp58005nutpjn08oh4n319l38?imageView2/2/w/120/format/jpg,0,,0,1770827225051,0
67e50051000000001f0014d6,1743061074000,广东,67d29d38000000001c00f7c8,请问下这个是广东4月份的作文押题吗,6252fdb00000000010004a2f,Alan,https://sns-avatar-qc.xhscdn.com/avatar/1040g2jo31gdaqnmn42005oiivmo40ihfhle550o?imageView2/2/w/120/format/jpg,0,,0,1770827225053,0
67db5e92000000000f03a327,1742429843000,山西,67d29d38000000001c00f7c8,只压了四个嘛,60b44f41000000000100b6be,不是山谷,https://sns-avatar-qc.xhscdn.com/avatar/63f846e56c9e16b482ed24f4.jpg?imageView2/2/w/120/format/jpg,0,,0,1770827225054,1
67e93b7e000000001200b154,1743338366000,四川,67d29d38000000001c00f7c8,有学位英语的吗,5fdf40a300000000010080a5,想不出来,https://sns-avatar-qc.xhscdn.com/avatar/601ca4ba566f001f0167cf6e.jpg?imageView2/2/w/120/format/jpg,0,,0,1770827225055,0
67fb817e0000000020017334,1744535934000,广东,67d29d38000000001c00f7c8,真的考了购物的优劣势[哭惹R][哭惹R],5b1640d1e8ac2b7299b01abf,大白呀,https://sns-avatar-qc.xhscdn.com/avatar/53ba1722242c3e9344db7b0fc2e1005f.jpg?imageView2/2/w/120/format/jpg,0,,0,1770827225056,0
67e7d1bf000000001f00ce88,1743245760000,广东,67d29d38000000001c00f7c8,@嘻嘻嘻嘻 @JIAting呀,5bd1cc33c29fe00001bfcffa,Jennty,https://sns-avatar-qc.xhscdn.com/avatar/1040g2jo31edn6fa7gc004bk57d637jvq1hd43lg?imageView2/2/w/120/format/jpg,0,,0,1770827225057,2
6863c4b7000000000c01545e,1751368888000,上海,68629ded000000001c034ad1,把你那个斜面浮雕赶紧走多远扔多远,62638640000000001000c4af,不睡觉,https://sns-avatar-qc.xhscdn.com/avatar/1040g2jo31puq9ggmmel05oj3gp041h5fh0vcbmo?imageView2/2/w/120/format/jpg,39,,0,1770827229345,1024
6862af6b000000000c014295,1751297900000,陕西,68629ded000000001c034ad1,第一次做 求指点 不会用ps 用的可画,5d386b3a00000000160216d6,小陈会有很多钱📷（女摄版）,https://sns-avatar-qc.xhscdn.com/avatar/1040g2jo31duojjml0s005n9odct5k5mm4vhachg?imageView2/2/w/120/format/jpg,70,http://sns-webpic-qc.xhscdn.com/202602120027/4939294390429b108ba914bc0793a5b8/comment/1040g2h031jc252fpio005n9odct5k5mm88b5iq0!nd_whgt34_webp_wm_1,0,1770827229346,11
687932c000000000040097ab,1752773315000,广西,68629ded000000001c034ad1,求指点[哭惹R],5f9ec8f800000000010054a7,w.,https://sns-avatar-qc.xhscdn.com/avatar/1040g2jo30mra8hq64o5g5nsup3s08l579riecio?imageView2/2/w/120/format/jpg,17,http://sns-webpic-qc.xhscdn.com/202602120027/2cea43ba643f2411b348addd43c670af/comment/1040g2h031k21m3c030005nsup3s08l572tnnld0!nd_whgt34_webp_wm_1,0,1770827229348,2
686e497b000000001303763b,1752058236000,山西,68629ded000000001c034ad1,大家给点指导意见,6524d42f000000002a018825,妙妙,https://sns-avatar-qc.xhscdn.com/avatar/1040g2jo315o6e9vp0m605p94qgnqj21510k03t8?imageView2/2/w/120/format/jpg,10,http://sns-webpic-qc.xhscdn.com/202602120027/21e0690fa774482749053dc4391f52c7/comment/1040g2h031jncmsh6ig6g5p94qgnqj215536v0k0!nd_whgt34_webp_wm_1,0,1770827229349,1
6874b634000000000c02691b,1752479287000,安徽,68629ded000000001c034ad1,我都在瞎搞[笑哭R],635a8868000000001801deab,氧化钙公主,https://sns-avatar-qc.xhscdn.com/avatar/1040g2jo31ip2lu79ha5g5oqqh1k63nlb3c4ofjg?imageView2/2/w/120/format/jpg,15,http://sns-webpic-qc.xhscdn.com/202602120027/78d37ffcc872a0e2a2ab4d3a44209ec1/comment/1040g2h031jtlfisg34605oqqh1k63nlb9mtjfdg!nd_whgt34_webp_wm_1,0,1770827229351,3
6864ffd3000000000c027e8c,1751449555000,重庆,68629ded000000001c034ad1,我觉得你这个封面做的最好[偷笑R],6117eea40000000001000e75,娃哈哈,https://sns-avatar-qc.xhscdn.com/avatar/1040g2jo31nlq6od2mm6g5o8ntqi083jlosbuq20?imageView2/2/w/120/format/jpg,1,,0,1770827229352,0
686e7359000000000401c916,1752068955000,江苏,68629ded000000001c034ad1,,5bf7f679218cee0001f17fc9,Ciri啊,https://sns-avatar-qc.xhscdn.com/avatar/1040g2jo310m5th376g004bt79cr7ivu91qmcbbg?imageView2/2/w/120/format/jpg,1,http://sns-webpic-qc.xhscdn.com/202602120027/cc29cddccfaa2301265328d9b8259c17/comment/1040g2h031jnhqdqe32004bt79cr7ivu92795fho!nd_whlt34_webp_wm_1,0,1770827229353,4
686422d7000000000f03dda4,1751392983000,江西,68629ded000000001c034ad1,有点像豆包画的,61475e8b000000000201874c,荷花柳叶生香玫.,https://sns-avatar-qc.xhscdn.com/avatar/1040g2jo31hom672634505oa7bq5gj1qc16i8ac8?imageView2/2/w/120/format/jpg,1,,0,1770827229354,4
6862a19a000000002000e2d8,1751294363000,浙江,68629ded000000001c034ad1,这是ai做的?,63591b41000000001801d68e,今天也有很多新点子！,https://sns-avatar-qc.xhscdn.com/avatar/1040g2jo31hf26vcq3o6g5oqp3d0m3lkeevut94o?imageView2/2/w/120/format/jpg,1,,0,1770827229355,7
6876432600000000020180ed,1752580905000,四川,68629ded000000001c034ad1,求锐评[皱眉R],647c61f5000000001f004f26,yrrol,https://sns-avatar-qc.xhscdn.com/avatar/1040g2jo30ql1kbds0a005p3sc7qnojp6ras9gf8?imageView2/2/w/120/format/jpg,4,http://sns-webpic-qc.xhscdn.com/202602120027/3bb7c040bbfef1d1d6a6225311b88c89/comment/1040g2h031jv5u540io705p3sc7qnojp62cp0mb8!nd_whgt34_webp_wm_1,0,1770827229356,6
673fec860000000007021e3d,1732242567000,,673c6574000000000703be7f,老师可以把你的手换给我吗[皱眉R][皱眉R][皱眉R],595662925e87e72491164fdc,学在茶山刘（网球版）,https://sns-avatar-qc.xhscdn.com/avatar/6665b573c91bf9b208a4ab33.jpg?imageView2/2/w/120/format/jpg,1,,0,1770827233696,1
67f14c06000000001203370a,1743866886000,广东,673c6574000000000703be7f,用什么笔画的？[红色心形R],634296de000000001802f614,🍪,https://sns-avatar-qc.xhscdn.com/avatar/1040g2jo31s1ba9ahku5g5oq2irf65tgkv42v920?imageView2/2/w/120/format/jpg,1,,0,1770827233699,0
67b1565d000000001900389a,1739675229000,,673c6574000000000703be7f,好适合当做环保主题的模板[赞R],5e7315d4000000000100a315,觅,https://sns-avatar-qc.xhscdn.com/avatar/1040g2jo31r5dmdjb0a0g5njj2na098ol39vn16g?imageView2/2/w/120/format/jpg,0,,0,1770827233702,1
67f326a3000000001e012cf5,1743988388000,湖南,673c6574000000000703be7f,这个有线稿吗老师,65476a78000000000400be75,财神财神到,https://sns-avatar-qc.xhscdn.com/avatar/1040g2jo316ct5sjvio005pa7d9s11fjll67i7e8?imageView2/2/w/120/format/jpg,0,,0,1770827233705,0
6819d2fd0000000013010e00,1746522877000,山东,673c6574000000000703be7f,可以借鉴吗？[哇R][哇R],6621d0140000000017006e0e,小红薯66230001,https://sns-avatar-qc.xhscdn.com/avatar/645b802c0f5b598e07f39dc7.jpg?imageView2/2/w/120/format/jpg,0,,0,1770827233708,0
673d42c60000000002005336,1732068038000,,673c6574000000000703be7f,[哇R]环保主题很适合画循环图标，考研er们也一起试试看吧。,5cbde73e00000000110321ce,凡是绘,https://sns-avatar-qc.xhscdn.com/avatar/61d9255f125e096a559eb494.jpg?imageView2/2/w/120/format/jpg,0,,0,1770827233710,0
6748357a0000000007000c53,1732785531000,,673c6574000000000703be7f,每个元素都融合的恰到好处 [清单R]记笔记ing,560f58693f95a3751f9a2839,GYpinkitty,https://sns-avatar-qc.xhscdn.com/avatar/6422f732791182156ac13704.jpg?imageView2/2/w/120/format/jpg,0,,0,1770827233713,0
6749e5010000000002006758,1732896001000,,673c6574000000000703be7f,超实用主题[点赞R],5edef86200000000010035bf,芝丸星星,https://sns-avatar-qc.xhscdn.com/avatar/643394dd7cf83cd837dee85d.jpg?imageView2/2/w/120/format/jpg,0,,0,1770827233715,0
673da455000000001b0237bb,1732093013000,,673c6574000000000703be7f,好实用的场景[赞R][赞R],5afa645e11be101b63998467,Lhhao,https://sns-avatar-qc.xhscdn.com/avatar/6425c41260b50a2af0d08d7c.jpg?imageView2/2/w/120/format/jpg,1,,0,1770827233718,1
6791a724000000000c013413,1737598758000,,6790dcf800000000180127e1,[飞吻R]来了来了  请尽情的戳我主页[买爆R][买爆R][买爆R],5c7f878c000000001600f2ff,岭南通,https://sns-avatar-qc.xhscdn.com/avatar/620a1c634774b10001705774.jpg?imageView2/2/w/120/format/jpg,16,http://sns-webpic-qc.xhscdn.com/202602120027/2c220391c545b0f5a2bdfdb2392bec0d/comment/1040g2h031cvtso2ggs605n3vgu65hsnv2bvu938!nd_whgt34_webp_wm_1,0,1770827238164,13
67924bf9000000000b00b7b6,1737640953000,,6790dcf800000000180127e1,为什么不是永久的，甚至没有这个选项，或者不用新春，普通的联名可以梦一个永久吗,66f90eb5000000001d0226cf,huang17,https://sns-avatar-qc.xhscdn.com/avatar/1040g2jo31qeff15c7u605pnp1qqnc9mfutiesoo?imageView2/2/w/120/format/jpg,3,,0,1770827238166,6
6791a34e0000000021017383,1737597776000,,6790dcf800000000180127e1,[暗中观察R],617ce3ac000000000201bc2c,刷新,https://sns-avatar-qc.xhscdn.com/avatar/1040g2jo3184g8vl90q005obssem0jf1cuvpfnao?imageView2/2/w/120/format/jpg,4,http://sns-webpic-qc.xhscdn.com/202602120027/7fc4918a992b572a8f30adcf80306199/comment/1040g2h031cvtdoc212005obssem0jf1c53p97m0!nd_whgt34_webp_wm_1,0,1770827238169,2
6791a4bf00000000090207db,1737598143000,,6790dcf800000000180127e1,怎么只有90天，改成永久听到没有[生气R][生气R],5b2684efe8ac2b68773b9a6c,Teri_tarts,https://sns-avatar-qc.xhscdn.com/avatar/63ab9b8b59e0f0e912f395de.jpg?imageView2/2/w/120/format/jpg,1,,0,1770827238172,2
6791a310000000001a039431,1737597713000,,6790dcf800000000180127e1,皮肤为什么不是永久的[哭惹R][哭惹R][哭惹R],5f7b4af3000000000100a9b5,蟹壳抱枕,https://sns-avatar-qc.xhscdn.com/avatar/1040g2jo31emaifi7lk005nrr9bpg9adlcllmg2g?imageView2/2/w/120/format/jpg,3,,0,1770827238175,3
679275af000000000a0378fa,1737651724000,,6790dcf800000000180127e1,咦好我中了!,676c259b000000001801f940,搞怪的皮皮虾,https://sns-avatar-qc.xhscdn.com/avatar/645b7e17e29f7d0acadad89f.jpg?imageView2/2/w/120/format/jpg,1,http://sns-webpic-qc.xhscdn.com/202602120027/fbc945d03f9cd25e148f50768a3ab99d/comment/1040g2h031d0n3hrv0u6g5prc4mdm3ua00l755e8!nd_whgt34_webp_wm_1,0,1770827238178,1
6791c55c000000000b03b244,1737606493000,,6790dcf800000000180127e1,上海的买啦！！！[哇R][哇R],5fbf289e0000000001002d18,纸亦泡泡子,https://sns-avatar-qc.xhscdn.com/avatar/1040g2jo31rfo23fpnu005ntv52f08b8ofdi9mng?imageView2/2/w/120/format/jpg,1,http://sns-webpic-qc.xhscdn.com/202602120027/24b3e5e6f75f5083c231f09ecb9c0156/comment/1040g2h031d01ip5ags005ntv52f08b8ormtinlg!nd_whgt34_webp_wm_1,0,1770827238181,0
6791a423000000000b03adfa,1737597988000,,6790dcf800000000180127e1,皮肤只有90天[哭惹R][哭惹R]狡猾的角！,60ebf78f000000000100a2a1,真是喵了个咪！,https://sns-avatar-qc.xhscdn.com/avatar/1040g2jo31omv511ug65g5o7buu7g98l1rvti6l0?imageView2/2/w/120/format/jpg,1,,0,1770827238183,2
6791d989000000000a036313,1737611658000,,6790dcf800000000180127e1,角你为什么不直接160里程换永久的！！！[抓狂R][抓狂R][抓狂R]兴冲冲换完发现才90天！！！,642e291b0000000011020f00,特浓苹果汁,https://sns-avatar-qc.xhscdn.com/avatar/1040g2jo311f89hnl6o005p1e54dkc3o0jb9ha28?imageView2/2/w/120/format/jpg,2,,0,1770827238186,11
6791c838000000000a02d2b5,1737607225000,,6790dcf800000000180127e1,线上卡面长沙能用吗[哭惹R],63707154000000001f01580e,譯,https://sns-avatar-qc.xhscdn.com/avatar/1040g2jo313mtpvuu1k605orge5a7qm0ee0osqi0?imageView2/2/w/120/format/jpg,1,,0,1770827238189,0
67f9fc50000000001e017edc,1744436305000,陕西,67f9f270000000001c035023,第三题 做法和成效分开写是不这题分很低啊,5caf3d0700000000160153f0,momo,https://sns-avatar-qc.xhscdn.com/avatar/5caf45b73f79890001f13ad9.jpg?imageView2/2/w/120/format/jpg,12,,0,1770827242706,1
67f9fb5f000000001f00cc49,1744436064000,江苏,67f9f270000000001c035023,第一题，一样的点。第二题，问题和对策都差不多，但是我是一个问题，一个对策。第三题，直接写的关于什么的推荐材料，然后123456分点写，点差不多。然后我大作文写的乡村市集，但是没有分开写旧的、新的、再写融合，我是三个分论点每个都直接写了旧的是什么，怎么在旧的上面怎么去创新发展，点大概是文化人才内容形式等等这些。然后我58,5ce38c15000000001103f4c3,大momo,https://sns-avatar-qc.xhscdn.com/avatar/1040g2jo30rqp5flt2o6g5n73hgakft637vcunqg?imageView2/2/w/120/format/jpg,14,,0,1770827242710,9
67f9f446000000001200a0f7,1744434246000,安徽,67f9f270000000001c035023,真心觉得我跟你写的答案差不多，可惜b只考了66[呃R][呃R],5b444c20f7e8b963e80500aa,冰糖雪梨不含糖,https://sns-avatar-qc.xhscdn.com/avatar/635bb38fef013da526608974.jpg?imageView2/2/w/120/format/jpg,4,,0,1770827242714,5
67f9f73100000000120011ff,1744434993000,安徽,67f9f270000000001c035023,大神求问，如果实在理不清要点，可不可以按照一段一点啊？就像这个第一题，我看你分六个要点，我在考场上也想这么做，但是我又怕太啰嗦了强行合并成4个[哭惹R],5b84da5626cd5c0001868b9b,平仄,https://sns-avatar-qc.xhscdn.com/avatar/1040g2jo313htnctm06004al3abd5d2srn1b9rsg?imageView2/2/w/120/format/jpg,5,,0,1770827242716,2
67fa0aea000000001e012974,1744440043000,安徽,67f9f270000000001c035023,可以看下你写的字啥样的么，大神[飞吻R],5790f0f75e87e7437356090f,拽姐甜心,https://sns-avatar-qc.xhscdn.com/avatar/1040g2jo31fkvabf8026048iaa9ofe28f4n1d8oo?imageView2/2/w/120/format/jpg,4,,0,1770827242718,0
67fa2a8a0000000012002c59,1744448138000,安徽,67f9f270000000001c035023,问题和对策不用一一对应吗,5de0f3760000000001006622,啊行行,https://sns-avatar-qc.xhscdn.com/avatar/1040g2jo30vahs0a15k005nf0udr08ph217gccf0?imageView2/2/w/120/format/jpg,2,,0,1770827242720,0
67fa0f5b000000001e00ec68,1744441179000,安徽,67f9f270000000001c035023,第三大题那么少吗,64f6d68a0000000004024dd8,丑苹果,https://sns-avatar-qc.xhscdn.com/avatar/1040g2jo31ovtlrtd1g005p7mqq514jeocsj9ljg?imageView2/2/w/120/format/jpg,1,,0,1770827242722,0
67fc5b3a000000001e03a9ec,1744591674000,安徽,67f9f270000000001c035023,@小红薯65A9AC7F,6353771000000000120242e8,偷走法人秋裤,https://sns-avatar-qc.xhscdn.com/avatar/1040g2jo31ptkv89ekm005oqjes84kgn88dqma6o?imageView2/2/w/120/format/jpg,0,,0,1770827242724,0
67fcc7c80000000012033bbc,1744619465000,安徽,67f9f270000000001c035023,请问大佬有参加过国考苏考吗，是不是更重总结概括一些,677e84530000000004035146,小红薯饼,https://sns-avatar-qc.xhscdn.com/avatar/645b7ecfb46568f58064957a.jpg?imageView2/2/w/120/format/jpg,0,,0,1770827242727,0
67fa2194000000001e017517,1744445844000,安徽,67f9f270000000001c035023,我想说，安徽是不是不用写总括词,5983fa4c50c4b40d6646687b,qd蓝调,https://sns-avatar-qc.xhscdn.com/avatar/d784fc20c996f3d2f39d034c404f234e.jpg?imageView2/2/w/120/format/jpg,0,,0,1770827242729,1
65ed641d0000000007000ff2,1710056477000,,652d0d5c000000001d039e21,礼貌截图,601683fc0000000001008043,多多多加辣椒,https://sns-avatar-qc.xhscdn.com/avatar/1040g2jo311rt940nn26g5o0mgfu090238tqtjl8?imageView2/2/w/120/format/jpg,1,,0,1770827247185,3
653a71cc000000002100d7f8,1698329036000,,652d0d5c000000001d039e21,可以拿图嘛,5f3212ea0000000001004405,吃不饱（见过莎头版,https://sns-avatar-qc.xhscdn.com/avatar/1040g2jo31ikteu7p0a105npi2bl08h0520vcovo?imageView2/2/w/120/format/jpg,1,,0,1770827247188,2
67dc06170000000012032893,1742472727000,山东,652d0d5c000000001d039e21,打卡,666adcca000000000303177d,云吃吃,https://sns-avatar-qc.xhscdn.com/avatar/1040g2jo31r4i2mv3ga005pjarj50u5rta07oqno?imageView2/2/w/120/format/jpg,3,,0,1770827247190,2
65e53d97000000000c024e70,1709522327000,,652d0d5c000000001d039e21,礼貌拿图[飞吻R][飞吻R][飞吻R],64e5d4aa0000000001006608,玲泠一,https://sns-avatar-qc.xhscdn.com/avatar/1040g2jo31215iq1kja605p75qil08pg8qpv6g1o?imageView2/2/w/120/format/jpg,0,,0,1770827247195,2
67d435710000000018015491,1741960562000,山东,652d0d5c000000001d039e21,打卡,667f9ad60000000007006485,墨韵-Sandy,https://sns-avatar-qc.xhscdn.com/avatar/1040g2jo314vspnr0h46g5pjvjbb1op45edcs5k0?imageView2/2/w/120/format/jpg,1,,0,1770827247198,3
66795e5e000000001500a43c,1719230047000,,652d0d5c000000001d039e21,礼貌拿图,64af8906000000001f0045df,Wᴇ,https://sns-avatar-qc.xhscdn.com/avatar/1040g2jo30nophokmn29g5p5fh437ohevhfg9epo?imageView2/2/w/120/format/jpg,1,,0,1770827247200,1
66701928000000002101fef0,1718622504000,,652d0d5c000000001d039e21,礼貌拿图[偷笑R],6095f5040000000001000e84,听🐾,https://sns-avatar-qc.xhscdn.com/avatar/638862dfbf7efcd76dc05499.jpg?imageView2/2/w/120/format/jpg,0,,0,1770827247203,2
6610abfb00000000150030ee,1712368635000,,652d0d5c000000001d039e21,礼貌借图[害羞R][害羞R],5fba615a000000000100a89f,哈哈,https://sns-avatar-qc.xhscdn.com/avatar/1040g2jo31gkd7acv3i6g5ntqc5d09a4vr30gjno?imageView2/2/w/120/format/jpg,0,,0,1770827247205,2
68b29866000000000b0234f7,1756534886000,广西,652d0d5c000000001d039e21,礼貌拿图[亲一个R],5c2d8d67000000000700118b,等等的涨知识日记.,https://sns-avatar-qc.xhscdn.com/avatar/1040g2jo31rdld9bb7g6g5n1dhljho4cbo9tfqro?imageView2/2/w/120/format/jpg,0,,0,1770827247208,0
68a49d75000000002700be5d,1755618677000,黑龙江,652d0d5c000000001d039e21,礼貌拿图,65b25a390000000014007a0f,隔壁老T,https://sns-avatar-qc.xhscdn.com/avatar/1040g2jo31k3ahra534005pdib8sl0ugf8kp46gg?imageView2/2/w/120/format/jpg,0,,0,1770827247210,0
67d1288d0000000018006db5,1741760653000,广东,67d125bb000000001201e23e,"2【长按复制这条邀请码消息，打开小红书即可加入该群】
 4月9日前可加入群聊""四级自取-7⃣️"" CZ1510:/#s
🥑🤗🐤🥕🥕🐮
🐻🍑🐱🍋😘🍰",6687b8ef0000000003033bcf,小猴-小贴上岸记,https://sns-avatar-qc.xhscdn.com/avatar/69006b9bba3ef800018416fb.jpg?imageView2/2/w/120/format/jpg,0,,0,1770827251443,2
67d2823d000000000f033b61,1741849151000,上海,67d125bb000000001201e23e,U,667fb169000000001e00636a,😃,https://sns-avatar-qc.xhscdn.com/avatar/1040g2jo31nqh771i4u005pjvm5kngora5t0mmlg?imageView2/2/w/120/format/jpg,0,http://sns-webpic-qc.xhscdn.com/202602120027/1c5eb22ab2b2a3f8cf6e1111692dd336/comment/1040g2h031ev80to55u0g5pjvm5kngorabgl8h38!nd_whgt34_webp_wm_1,0,1770827251446,0
639c6e0400000000240270f5,1671196164000,,63367fca000000001d0113e2,主页有更多绿建资讯哦～,61def75e000000001000f0f0,LEED在中国,https://sns-avatar-qc.xhscdn.com/avatar/63047327f375d7b75a7c787c.jpg?imageView2/2/w/120/format/jpg,0,,0,1770827255693,0
672db44b000000001b036795,1731048524000,,63367fca000000001d0113e2,这个图有最新的吗,5c67826c000000001202047c,朕乃天之饺子,https://sns-avatar-qc.xhscdn.com/avatar/1040g2jo31p0rrlol320g5n37g9m4k13s6egl5u0?imageView2/2/w/120/format/jpg,1,,0,1770827255696,0
66549ec3000000000e0318cd,1716821699000,,65dc42e1000000000b0185df,@Nuyoah,5e4dcf76000000000100467c,海盐昭昭,https://sns-avatar-qc.xhscdn.com/avatar/1040g2jo31c2b9666126g5nidptr08hjsc72lr20?imageView2/2/w/120/format/jpg,0,,0,1770827260163,1
6641cbf00000000004019f83,1715588081000,,65dc42e1000000000b0185df,@牛🐮,5fd77ccd0000000001007404,我吃小土豆,https://sns-avatar-qc.xhscdn.com/avatar/5fd77ccd0000000001007404.jpg?imageView2/2/w/120/format/jpg,0,,0,1770827260165,0
65f47bb300000000060257a3,1710521267000,,65dc42e1000000000b0185df,@@YONG,5f303f4d0000000001006671,#,https://sns-avatar-qc.xhscdn.com/avatar/5f303f4d0000000001006671.jpg?imageView2/2/w/120/format/jpg,0,,0,1770827260168,0
64a7727d000000001101ee2a,1688695421000,,64a4c280000000001c00e813,面对严重的生态破坏和环境污染问题已成为当代人类社会面临的重大问题。为营造一个健康、清洁、可持续发展的生存环境，可以举行公益活动来加强同学们的环境保护意识，培养良好的环保习惯。,61315aff00000000020262b0,momo,https://sns-avatar-qc.xhscdn.com/avatar/64186b6e96f1673aea6606b1.jpg?imageView2/2/w/120/format/jpg,1,,0,1770827264718,10
64a4da48000000001c016a12,1688525384000,,64a4c280000000001c00e813,践行低碳生活，要从哪些方面做起,60fb6a2100000000010035b9,唐老鸭的向日葵🌻,https://sns-avatar-qc.xhscdn.com/avatar/64a39993819b225fb0faf3ad.jpg?imageView2/2/w/120/format/jpg,0,,0,1770827264722,3
65758429000000000901e469,1702200361000,,64a4c280000000001c00e813,[微笑R],64e8110f0000000001010c77,^小哭包_.婉柒 ^,https://sns-avatar-qc.xhscdn.com/avatar/1040g2jo31nf42hdrli605p78247ga33nb3toajo?imageView2/2/w/120/format/jpg,0,,0,1770827264724,5
66232812000000001c03646e,1713580051000,,64a4c280000000001c00e813,礼貌求图,58b1a2106a6a6935be15cfcc,庆子,https://sns-avatar-qc.xhscdn.com/avatar/1000g2jo2oei9kl8ji0004974i9h11juc30b9b5o?imageView2/2/w/120/format/jpg,0,,0,1770827264727,0
6759495c0000000007000008,1733904733000,,6646d9c4000000001500be3a,泰护避,5b9b6e48f26997000140ce14,Sylvia,https://sns-avatar-qc.xhscdn.com/avatar/1040g2jo31l877m73li6g4avnj4n4hjgkaaemp50?imageView2/2/w/120/format/jpg,2,,0,1770827269096,0
671383f300000000120255d2,1729332211000,,6646d9c4000000001500be3a,江服避,6482f1db000000001003790a,n25,https://sns-avatar-qc.xhscdn.com/avatar/1040g2jo31atd41ic7a005p42u7dk6u8ai0ojg8o?imageView2/2/w/120/format/jpg,2,,0,1770827269099,0
684a2c9b000000001c02e384,1749691548000,河南,6646d9c4000000001500be3a,郑智科避一避,635cb31e000000001802ccdd,默陌,https://sns-avatar-qc.xhscdn.com/avatar/635cb31e000000001802ccdd.jpg?imageView2/2/w/120/format/jpg,0,,0,1770827269102,0
67d91c92000000000f03b869,1742281874000,广西,6646d9c4000000001500be3a,南宁理工避避[哭惹R][哭惹R][哭惹R],60c5b6b2000000000100224b,一位不知名的美女,https://sns-avatar-qc.xhscdn.com/avatar/1040g2jo30t5va5gcjs0g5o65mqp088ib9nrg2p0?imageView2/2/w/120/format/jpg,0,,0,1770827269104,0
675028d90000000007005f99,1733306585000,,6646d9c4000000001500be3a,践行低碳生活方式,6102b5de0000000001003d8e,•,https://sns-avatar-qc.xhscdn.com/avatar/529594cd91bbf4c43608131bf9134bdc.jpg?imageView2/2/w/120/format/jpg,0,,0,1770827269107,0
675028cf0000000007005cbb,1733306576000,,6646d9c4000000001500be3a,普及低碳生活知识,6102b5de0000000001003d8e,•,https://sns-avatar-qc.xhscdn.com/avatar/529594cd91bbf4c43608131bf9134bdc.jpg?imageView2/2/w/120/format/jpg,0,,0,1770827269109,0
675028c40000000007005957,1733306564000,,6646d9c4000000001500be3a,树立低碳生活理念,6102b5de0000000001003d8e,•,https://sns-avatar-qc.xhscdn.com/avatar/529594cd91bbf4c43608131bf9134bdc.jpg?imageView2/2/w/120/format/jpg,0,,0,1770827269111,0
66f4e70a000000000f00c1e0,1727325963000,,6646d9c4000000001500be3a,郑商避一避,5b8609a6e8ac2b2fe6bc4fbc,Lbeng,https://sns-avatar-qc.xhscdn.com/avatar/1040g2jo31hpp4jktkq004aln7l4qcjts79j6ta8?imageView2/2/w/120/format/jpg,0,,0,1770827269114,1
664779de000000001c037182,1715960287000,,6646d9c4000000001500be3a,打卡[赞R],5c9cd97d0000000011025663,牛肉包子,https://sns-avatar-qc.xhscdn.com/avatar/1040g2jo31fip224702005n4sr5ukclj35dre088?imageView2/2/w/120/format/jpg,0,,0,1770827269116,0
68f1ecb30000000037024414,1760685236000,江苏,68ef945e0000000003018cf7,个人认为答一下为什么是重点更能反套路，如本次活动是为了宣传绿色环保理念，确定一个主题就像广告语一样能让理念更加深入人心。。。。面向社区开展的宣传活动，要充分考虑社区居民的构成，尽量选择多样化的宣传活动，才能更好达到宣传效果。。。。为了让绿色理念长留人心，重点必须要实现常态化开展，同时要提高针对性。。。。,65d6af2f0000000005033589,雅尔达曙光,https://sns-avatar-qc.xhscdn.com/avatar/1040g2jo31h294sq8jq605pemlsnhedc99udrhp0?imageView2/2/w/120/format/jpg,7,,0,1770827273650,12
693e23f6000000003900b126,1765680119000,广东,68ef945e0000000003018cf7,云局你好~三道题答题时间你是按4-3-3分配的吗，你这道题答这么多是不是语速要非常快[笑哭R][赞R][赞R],66f21740000000001d030e02,松岛洞薄荷奶绿（备考版）,https://sns-avatar-qc.xhscdn.com/avatar/1040g2jo31gun2lg6ju005pni2t07e3g2nt2etqg?imageView2/2/w/120/format/jpg,1,,0,1770827273652,0
693902340000000038011f81,1765343796000,广东,68ef945e0000000003018cf7,请问云局，那么多的话题点，每个话题点都有它的意义作用对策等，这些素材都怎么背下来啊,57cbcc5982ec396ce8b404d9,kilololo,https://sns-avatar-qc.xhscdn.com/avatar/58c62f50e9521a3c2e6aec97.jpg?imageView2/2/w/120/format/jpg,1,,0,1770827273655,1
69383f57000000001403e39e,1765293911000,广东,68ef945e0000000003018cf7,云局别删，过几个月我有用,65142780000000002402eefa,冷酷的交易杀手,https://sns-avatar-qc.xhscdn.com/avatar/645b7f4a9262aeee795c99e7.jpg?imageView2/2/w/120/format/jpg,1,,0,1770827273658,2
693848120000000016023792,1765296147000,广东,68ef945e0000000003018cf7,关注了，多写写嘿嘿,5da9d1310000000001000426,哈哈哈想笑,https://sns-avatar-qc.xhscdn.com/avatar/1040g2jo31qtr07qkga005nd9q4og8116uj30jco?imageView2/2/w/120/format/jpg,1,,0,1770827273661,0
693b040b0000000014034b37,1765475340000,广东,68ef945e0000000003018cf7,现实中处理是街道办指导社区开展宣传工作，第一点，了解情况，第二点，多样宣传，第三点，指导社区工作，第四点，了解宣传情况，听取社区工作汇报，长效机制。,616bf87b000000000202487b,国考税局备考专业领航,https://sns-avatar-qc.xhscdn.com/avatar/1040g2jo31iku77eeni605obbv1tgki3r7d9pq60?imageView2/2/w/120/format/jpg,0,,0,1770827273664,1
676ff417000000001003d829,1735390232000,,667232ee000000000d00e6f5,干货分,67475607000000001d02c18a,用户已注销,https://sns-avatar-qc.xhscdn.com/avatar/645b80521e6a57c3bdb8f301.jpg?imageView2/2/w/120/format/jpg,0,,0,1770827331480,1
6676b53d0000000017010090,1719055678000,,667232ee000000000d00e6f5,干货，谢谢分享,666fabaf000000000303043e,東幕制造｜商业活动拍摄🎬,https://sns-avatar-qc.xhscdn.com/avatar/666faf6d8dc98099a7b6449a.jpg?imageView2/2/w/120/format/jpg,1,,0,1770827331483,3
68497ee3000000001c0302b4,1749647075000,北京,667232ee000000000d00e6f5,受益匪浅[赞R],5806f9ef50c4b45d1a2f1030,康斯坦007,https://sns-avatar-qc.xhscdn.com/avatar/1040g2jo313rv5omjho0048pocssuu41g1so2lj8?imageView2/2/w/120/format/jpg,1,,0,1770827331486,1
66e00fee000000001203dfcb,1725960174000,,667232ee000000000d00e6f5,干饭社长干出干货[赞R],664ee1f00000000003030a53,小小鑫淼,https://sns-avatar-qc.xhscdn.com/avatar/1040g2jo31sc5jbj1ls005pies7o0u2ij2su5f98?imageView2/2/w/120/format/jpg,1,,0,1770827331489,2
6673ebc6000000002100db56,1718873030000,,667232ee000000000d00e6f5,喜欢这种实用的干货，感谢分享[合十R],5b986f05166cc10001e75dae,梦游全球🌍的佩尔,https://sns-avatar-qc.xhscdn.com/avatar/1040g2jo31n0s4n3e6m004aubo4ngandeg5483i8?imageView2/2/w/120/format/jpg,1,,0,1770827331492,16
667c0688000000000500489d,1719404168000,,667232ee000000000d00e6f5,学到了[飞吻R],667c05e600000000030315c3,小红薯667D8B74,https://sns-avatar-qc.xhscdn.com/avatar/645b7f6e338379fac1893093.jpg?imageView2/2/w/120/format/jpg,1,,0,1770827331494,3
67389b01000000001b006ae8,1731762945000,,667232ee000000000d00e6f5,赞同,67286796000000001c0185d1,桃子味日落🌄,https://sns-avatar-qc.xhscdn.com/avatar/1040g2jo31adomg097e005pp8cub731ehic0o2gg?imageView2/2/w/120/format/jpg,0,,0,1770827331496,1
677f58b2000000002200137f,1736399027000,,667232ee000000000d00e6f5,学到了,61455cbf000000000201fa3d,不运营啦友友们,https://sns-avatar-qc.xhscdn.com/avatar/1040g2jo31c6f6i5ih0d05oa5bivgjuhtnaurl9g?imageView2/2/w/120/format/jpg,0,,0,1770827331500,1
67208aae000000001503b940,1730185902000,,667232ee000000000d00e6f5,点线面,6344bbce000000001802a584,空间折叠,https://sns-avatar-qc.xhscdn.com/avatar/66dff03402d97e414b84edd4.jpg?imageView2/2/w/120/format/jpg,0,,0,1770827331502,1
66b78ab1000000000c019e65,1723304625000,,667232ee000000000d00e6f5,[飞吻R],5fc07eb6000000000100422c,邓力行,https://sns-avatar-qc.xhscdn.com/avatar/1040g2jo314n8nt3c0c6g5nu0fqr08ghc947cbsg?imageView2/2/w/120/format/jpg,0,,0,1770827331504,1
67de472300000000200128aa,1742620451000,河南,6561e774000000003202db35,学到了[doge],5af5a8cae8ac2b0988826a1d,禾生观自在,https://sns-avatar-qc.xhscdn.com/avatar/1040g2jo31rl75lhk26004a5844kckqgt4rpjcco?imageView2/2/w/120/format/jpg,0,,0,1770827335755,0
65e2941b000000000200ed1d,1709347867000,,6561e774000000003202db35,已关注求分享,5b5dd9714eacab4cee3bac4a,Hello 琪琪,https://sns-avatar-qc.xhscdn.com/avatar/1040g2jo31704olsik6004a7lbvcn3b2as8nk06g?imageView2/2/w/120/format/jpg,0,,0,1770827335759,1
664bf797000000001c0343ff,1716254616000,,6561e774000000003202db35,求分享,60c6a030000000000101eb72,在城歧,https://sns-avatar-qc.xhscdn.com/avatar/1040g2jo310fr0iepmi5g5o66k0o0bqri8emvrko?imageView2/2/w/120/format/jpg,0,,0,1770827335761,0
662b1d1600000000130279bc,1714101527000,,6561e774000000003202db35,求分享[哭惹R],62a12a55000000001b025f4f,00好运连连,https://sns-avatar-qc.xhscdn.com/avatar/1040g2jo31ffq60t65s005ol159amsnqf9o00qng?imageView2/2/w/120/format/jpg,0,,0,1770827335764,8
67cfe405000000001702894b,1741677573000,上海,6561e774000000003202db35,@巧克力工厂 @未来知名摸🐟大师 @曲翠松破门弟子,5b540905e8ac2b55e41d7980,超级小垚yo,https://sns-avatar-qc.xhscdn.com/avatar/1040g2jo31b01rr1r726g4a7cv04gauc0m6a3dco?imageView2/2/w/120/format/jpg,1,,0,1770827335767,0
66dc7355000000000d01dd63,1725723477000,,6561e774000000003202db35,可以分享么？,61c2ad0d0000000021021689,爱波妞的雪🍐,https://sns-avatar-qc.xhscdn.com/avatar/1040g2jo31odcb6ns4q005oe2lk6oc5k9s4tpiso?imageView2/2/w/120/format/jpg,0,,0,1770827335770,1
67f51a990000000012023618,1744116378000,浙江,6561e774000000003202db35,jiedai,6424e17e000000001102275f,苏打瓶瓶,https://sns-avatar-qc.xhscdn.com/avatar/1040g2jo31bjistongu6g5p14s5v4c9qvdj1cgfg?imageView2/2/w/120/format/jpg,0,,0,1770827335773,0
67e685cc000000001e03ddcb,1743160781000,河南,6561e774000000003202db35,@Sugar,5c329b87000000000701c67c,夏日星,https://sns-avatar-qc.xhscdn.com/avatar/1040g2jo30s74sps0j25g5n1ije3hrhjs0f84ri0?imageView2/2/w/120/format/jpg,0,,0,1770827335775,0
6685ff220000000004008033,1720057634000,,6561e774000000003202db35,求分享,62860247000000002102a206,ccc,https://sns-avatar-qc.xhscdn.com/avatar/1040g2jo31go4jhubjodg5ok6093od8g6p3sm0eg?imageView2/2/w/120/format/jpg,0,,0,1770827335778,0
66eaf29e000000000f006ae3,1726673567000,,6561e774000000003202db35,求分享！！[仙女R][哭惹R],62a20b7000000000190284c5,阿迷驮fo,https://sns-avatar-qc.xhscdn.com/avatar/1040g2jo31ppku6dsl0705ol21do6d1654funnt0?imageView2/2/w/120/format/jpg,0,,0,1770827335781,1
5e743be60000000001000f35,1584675814000,,5e743a540000000001002142,我！终于！更新了！最近被毕业论文折磨的苦不堪言🤣,5aa4ed304eacab45480a54dc,Toly学长,https://sns-avatar-qc.xhscdn.com/avatar/1040g2jo31mquigpemm004a38tsmj0l6stqad5j8?imageView2/2/w/120/format/jpg,1,,0,1770827340327,46
5e7475b1000000000100053b,1584690609000,,5e743a540000000001002142,太优秀了，同是写毕业论文的人，怎么你跑的这么快呢，谢谢你的激励，让我知道还有很多优秀的人值得学习。,57e146e6a9b2ed5f250d8567,huar,https://sns-avatar-qc.xhscdn.com/avatar/642d80d7ec2be016c1ce02a0.jpg?imageView2/2/w/120/format/jpg,1,,0,1770827340331,15
5e8d4380000000000100326e,1586316160000,,5e743a540000000001002142,被你帅气封面图深深吸引[害羞R],5c9273d10000000016003371,晴曦玥玥,https://sns-avatar-qc.xhscdn.com/avatar/5e8e89b5d6544a0001d5dea7.jpg?imageView2/2/w/120/format/jpg,5,,0,1770827340334,0
5e747ae00000000001006804,1584691936000,,5e743a540000000001002142,宝藏男孩日常发光,59901dd350c4b4528cbe12a0,用户已注销,https://sns-avatar-qc.xhscdn.com/avatar/645b7f8f2a34639eb26eb1cd.jpg?imageView2/2/w/120/format/jpg,1,,0,1770827340336,8
5f7f1c9e000000000102e2e8,1602165918000,,5e743a540000000001002142,请问你看书一般是纸质书还是电子书呀,593a6c215e87e723eed608cb,吃肉能开心,https://sns-avatar-qc.xhscdn.com/avatar/60537285ed28ad152c162f79.jpg?imageView2/2/w/120/format/jpg,1,,0,1770827340339,0
5f7f194f0000000001029090,1602165071000,,5e743a540000000001002142,是今年毕业的吗？同样今年毕业，也在持续不断学习中,593a6c215e87e723eed608cb,吃肉能开心,https://sns-avatar-qc.xhscdn.com/avatar/60537285ed28ad152c162f79.jpg?imageView2/2/w/120/format/jpg,1,,0,1770827340342,0
5e7abdfa00000000010096a7,1585102330000,,5e743a540000000001002142,学长，近期很想学python，请教一下您零基础的文科生一枚，也适合在夜曲编程上学习python吗？,583800be6a6a6957ce2a4919,鲁班不吃鱼,https://sns-avatar-qc.xhscdn.com/avatar/1040g2jo31112bn5umk0048t0s80bsi8p47c3t18?imageView2/2/w/120/format/jpg,1,,0,1770827340346,5
5e79734b000000000100a65d,1585017675000,,5e743a540000000001002142,最后的是不是广告哈哈,5551d8409c5a6e6e6a46a0c1,一颗柠檬_🍋,https://sns-avatar-qc.xhscdn.com/avatar/1040g2jo31mqi6lp1520040ju9ac41861buu8utg?imageView2/2/w/120/format/jpg,2,,0,1770827340350,1
5e743f730000000001006202,1584676723000,,5e743a540000000001002142,学长戴眼镜和不戴眼镜都帅[偷笑R][偷笑R][偷笑R],5dc584ea00000000010059bd,Mrs. Yu,https://sns-avatar-qc.xhscdn.com/avatar/1040g2jo318ma9c8bk4005ne5gjl08mdtg6k496o?imageView2/2/w/120/format/jpg,2,,0,1770827340353,1
5e7d4a8f000000000100ac64,1585269391000,,5e743a540000000001002142,夜曲编程是网站还是书籍,5e35984b0000000001003bb6,66,https://sns-avatar-qc.xhscdn.com/avatar/1040g2jo31mf7404p68605nhlj15g8etmds58ua0?imageView2/2/w/120/format/jpg,1,,0,1770827340356,3
682bfde80000000008025315,1747713513000,北京,681076810000000022025570,,604cefad0000000001000e56,糯米,https://sns-avatar-qc.xhscdn.com/avatar/1040g2jo31grmt7253u705o2ctumg83imj4ageo8?imageView2/2/w/120/format/jpg,66,http://sns-webpic-qc.xhscdn.com/202602120029/f34063fad11833d188f64c66aef61c20/comment/1040g2h031hmkvle3jq005o2ctumg83im2i2sopo!nd_whgt34_webp_wm_1,0,1770827344927,206
682d9eee0000000007037b79,1747820272000,广东,681076810000000022025570,永远第一位，蜡笔小新,62ff858d000000000f00411e,不友好,https://sns-avatar-qc.xhscdn.com/avatar/1040g2jo31pq2u11g54605onvgm6jog8ukid8ieg?imageView2/2/w/120/format/jpg,15,http://sns-webpic-qc.xhscdn.com/202602120029/ab086d3b2e8cd821f1eabb5525543453/comment/1040g2h031ho7slmkja6g5onvgm6jog8u52j678g!nd_whgt34_webp_wm_1,0,1770827344930,193
682d3631000000000b01e25b,1747793457000,浙江,681076810000000022025570,"线条小狗已经变成情侣之间的情趣了，天知道我每次刷到线条小狗的视频底下一堆情侣隔空调情“宝宝你也这样""的时候有多绝望…",6499413b000000000b01673e,Momo,https://sns-avatar-qc.xhscdn.com/avatar/1040g2jo31ajumki6ne005p4p84tiqppufl2p8m0?imageView2/2/w/120/format/jpg,25,,0,1770827344932,109
682e866b000000000d017fbc,1747879534000,湖北,681076810000000022025570,吉伊卡哇我们喜欢你,5d198a930000000012018d39,蛋挞大王uu,https://sns-avatar-qc.xhscdn.com/avatar/1040g2jo31r0ogl4in2005n8pha9kj39pvn4ai7g?imageView2/2/w/120/format/jpg,12,http://sns-webpic-qc.xhscdn.com/202602120029/7197d040cad77f6af72cdf0b7a833a36/comment/1040g2h031hp44tvgja005n8pha9kj39pn9b1jbg!nd_whgt34_webp_wm_1,0,1770827344934,100
682fee59000000000901464b,1747971675000,山东,681076810000000022025570,,629db49f000000001501e333,澍,https://sns-avatar-qc.xhscdn.com/avatar/636a05275855188c6e0b4cdc.jpg?imageView2/2/w/120/format/jpg,13,http://sns-webpic-qc.xhscdn.com/202602120029/d96d75acbe03a2c6705c5d345e75f53b/comment/1040g2h031hqg2st4ja6g5oktmiflbopjfn2eeg0!nd_whgt34_webp_wm_1,0,1770827344937,59
682d4647000000000b016777,1747797576000,上海,681076810000000022025570,集合！,648d7fac000000000f006557,橹橹晕,https://sns-avatar-qc.xhscdn.com/avatar/1040g2jo31o3db1f1l06g5p4dfum3opanb7epgsg?imageView2/2/w/120/format/jpg,1,http://sns-webpic-qc.xhscdn.com/202602120029/423a3c73d85241d1143413c6ed7bb258/comment/1040g290312ou3delni1000000000003rmu4omr8!nd_whgt34_webp_wm_1,0,1770827344939,4
682ca5e0000000000903a8d6,1747756513000,浙江,681076810000000022025570,我喜欢这个,62a12ae300000000210273ad,猛踹瘸子那条好腿,https://sns-avatar-qc.xhscdn.com/avatar/1040g2jo31o9m95qkks005ol15bhocstditpj688?imageView2/2/w/120/format/jpg,1,http://sns-webpic-qc.xhscdn.com/202602120029/f979c62f2c3a62fe79169f7bf8067c6d/comment/1040g2h031hn9fpnt3a005ol15bhocstdb33lg5o!nd_whgt34_webp_wm_1,0,1770827344941,3
68274a5e000000001c01ffc2,1747405408000,浙江,681076810000000022025570,老师，我们噜噜也很可爱,62888d13000000002102b1fc,满满,https://sns-avatar-qc.xhscdn.com/avatar/1040g2jo31pk45ifr4u605ok8hk9odcfsreo98a8?imageView2/2/w/120/format/jpg,12,http://sns-webpic-qc.xhscdn.com/202602120029/2abee233aeb7bb81abd2336d488b887b/comment/1040g2h031hi22bgljo6g5ok8hk9odcfss2g5d0o!nd_whlt34_webp_wm_1,0,1770827344944,70
68252f01000000000400a08f,1747267331000,重庆,681076810000000022025570,自嘲熊[哭惹R],5c675b2a000000001000e371,77yu,https://sns-avatar-qc.xhscdn.com/avatar/1040g2jo31o6076o606605n37bcl41orhl576f4g?imageView2/2/w/120/format/jpg,4,http://sns-webpic-qc.xhscdn.com/202602120029/d933d3707ff25dd85e033e30c51e18a8/comment/1040g2h031hg07f7i3u505n37bcl41orhsq4idc8!nd_whlt34_webp_wm_1,0,1770827344947,20
682cc0e3000000000d014bbf,1747763429000,江西,681076810000000022025570,我们家奶龙呢[哭惹R],610f3ae4000000000101c0a6,momo,https://sns-avatar-qc.xhscdn.com/avatar/1040g2jo31f32enbnlu605o8f7bi0bg5672r7j08?imageView2/2/w/120/format/jpg,6,http://sns-webpic-qc.xhscdn.com/202602120029/a659f93deec04a939422c91499e0133b/comment/1040g2h031hncpacl3a6g5o8f7bi0bg56m385plo!nd_whgt34_webp_wm_1,0,1770827344950,32
63f00aac0000000014039d4f,1676675756000,,638db5f10000000022028cd1,[害羞R][害羞R][害羞R]求分享,5e4a5b7100000000010057cb,看书Ray,https://sns-avatar-qc.xhscdn.com/avatar/60e539db299c0ce4dee5c33f.jpg?imageView2/2/w/120/format/jpg,3,,0,1770827349399,2
63e49936000000001e03bfe3,1675925814000,,638db5f10000000022028cd1,可以分享一下吗,5d219031000000001000b62a,Qianqianonlyone,https://sns-avatar-qc.xhscdn.com/avatar/1040g2jo31jn651m72a0g5n91i0ok1dhafr7k1l8?imageView2/2/w/120/format/jpg,1,,0,1770827349401,1
638eb12e00000000190271e3,1670295854000,,638db5f10000000022028cd1,哇～可以分享下嘛[害羞R],61fdd9a10000000010006bd9,麦芽糖浆~呀,https://sns-avatar-qc.xhscdn.com/avatar/6362363b2ce5819aa8d7347b.jpg?imageView2/2/w/120/format/jpg,1,,0,1770827349404,1
6406c55700000000190359c8,1678165335000,,638db5f10000000022028cd1,求,5c1277370000000005025d4f,一叶知秋,https://sns-avatar-qc.xhscdn.com/avatar/1040g2jo31f39261im6004bv1mqrjenafqlb4i6o?imageView2/2/w/120/format/jpg,1,,0,1770827349406,0
63920347000000001e039dfb,1670513479000,,638db5f10000000022028cd1,求分享,5c7d3ff1000000001203774a,觅candy-锦鲤,https://sns-avatar-qc.xhscdn.com/avatar/1040g2jo3112587jb6o005n3t7vokmtqasmosa90?imageView2/2/w/120/format/jpg,1,,0,1770827349410,0
6396cf510000000024021fca,1670827857000,,638db5f10000000022028cd1,求分享[害羞R],5f720d35000000000100b132,Ethereal.,https://sns-avatar-qc.xhscdn.com/avatar/1040g2jo31pah80192g005nri1kqg9c9ikgs01b0?imageView2/2/w/120/format/jpg,0,,0,1770827349412,0
672b32bb000000003d01df26,1730884284000,,638db5f10000000022028cd1,求,6714dc69000000001d0236b9,momo（好运版）,https://sns-avatar-qc.xhscdn.com/avatar/1040g2jo31lkiv0jml2005pokrhkncdlpborj39o?imageView2/2/w/120/format/jpg,0,,0,1770827349416,0
66f3cf470000000012027640,1727254344000,,638db5f10000000022028cd1,求分享,6144409b000000000202396a,大粽子,https://sns-avatar-qc.xhscdn.com/avatar/667a25fb899e8022258c032a.jpg?imageView2/2/w/120/format/jpg,0,,0,1770827349419,0
666798db0000000005026bf9,1718065371000,,638db5f10000000022028cd1,私,5b3320cc11be1007df9d29ea,Yaelle_,https://sns-avatar-qc.xhscdn.com/avatar/1040g2jo31g2ejql506004a6k5rgcoafaqigtsb8?imageView2/2/w/120/format/jpg,0,,0,1770827349421,0
6639f6460000000012024332,1715074630000,,638db5f10000000022028cd1,求分享,5e64918e000000000100a5c7,一西,https://sns-avatar-qc.xhscdn.com/avatar/be4e54a984a21be925a215a08fb36c8b.jpg?imageView2/2/w/120/format/jpg,0,,0,1770827349424,0
68ab12b7000000003002825c,1756041912000,四川,68ab0ebb000000001b0339e8,难道只有我把钱花到吃的上[捂脸R][捂脸R][捂脸R],66fab311000000001d033a33,🍄,https://sns-avatar-qc.xhscdn.com/avatar/1040g2jo31mmn2dsnl8605pnqmc8neehjs7bm3v8?imageView2/2/w/120/format/jpg,33,,0,1770827353895,481
68ab13a5000000003001faf6,1756042150000,湖南,68ab0ebb000000001b0339e8,这只是有钱的 00 后，我们这种没钱的都省的很[黑薯问号R],5e354ac00000000001000502,撞钟,https://sns-avatar-qc.xhscdn.com/avatar/65e09892d53190b779bda396.jpg?imageView2/2/w/120/format/jpg,7,,0,1770827353898,411
68abc2700000000027009cad,1756086897000,山东,68ab0ebb000000001b0339e8,我是个假00后[笑哭R]喜欢种花做陶养龟撸猫[大笑R],65614659000000001103c485,芊芊的花园日记🐾,https://sns-avatar-qc.xhscdn.com/avatar/1040g2jo30vh0rsc75s505pb18pckfh45n5dgdpg?imageView2/2/w/120/format/jpg,7,,0,1770827353900,21
68ab17bd000000003001b6d9,1756043198000,北京,68ab0ebb000000001b0339e8,也不完全是吧。感觉00后更喜欢便宜的个性玩意，不是奢侈品，看这两年奢侈品行业业绩就知道。,5c93851100000000110299b4,米,https://sns-avatar-qc.xhscdn.com/avatar/1040g2jo31838t3b50s0g5n4jgk8kd6dk6d8cel8?imageView2/2/w/120/format/jpg,7,,0,1770827353903,168
68ad9c7d000000003002feff,1756208254000,广东,68ab0ebb000000001b0339e8,如今的人并不是说“要如何逃出资本的控制”，如果总是致力于所谓的逃出控制，那资本就可以变着花样用营销满足你的看法。博主想要表达的自由，其实说的是个人认知修养的提升，不心浮气躁，平淡看待世界，不用觉得自己的自由需要用任何手段证明，包括消费，这就是所说的真自由了,66a279e1000000000d0276d7,小蓝薯66A3335F,https://sns-avatar-qc.xhscdn.com/avatar/645b7e4b86578b8c6ab3b056.jpg?imageView2/2/w/120/format/jpg,1,,0,1770827353906,7
68ab179f0000000030025d2d,1756043168000,福建,68ab0ebb000000001b0339e8,按你的说法！无论我怎么挣扎都没办法摆脱资本[笑哭R],648f6ffc000000001c02bbbd,哆啦A胖&时光机,https://sns-avatar-qc.xhscdn.com/avatar/1040g2jo314odejftg06g5p4fdvu75ett7tn0mr0?imageView2/2/w/120/format/jpg,4,,0,1770827353909,25
68ac18c80000000026035ce2,1756109001000,天津,68ab0ebb000000001b0339e8,说实话我儿子只要不炒股，不买房，不结婚，不生娃，为兴趣花钱根本不会败家！我们这代没想明白而已！,632ef6a70000000023025263,洞妖洞妖我是洞拐,https://sns-avatar-qc.xhscdn.com/avatar/1040g2jo31qhph8lq7g605opeuqjoskj3l9e5tdg?imageView2/2/w/120/format/jpg,5,,0,1770827353911,37
68afd74f000000000b02debb,1756354383000,广东,68ab0ebb000000001b0339e8,我一个月消费压缩在1000以内，如果意外超支就下个月选择性绝食几天，通行全靠腿。只要对自己足够狠就没人能收割你[害羞R],678b14d3000000000e01db2b,无念无果,https://sns-avatar-qc.xhscdn.com/avatar/1040g2jo31cpk2i410k6g5psb2j9jjmpb47rqscg?imageView2/2/w/120/format/jpg,2,,0,1770827353913,12
68abebc40000000027000ab6,1756097476000,重庆,68ab0ebb000000001b0339e8,洞洞鞋配长袜也不行吗？？[失望R],6402032b000000001002a33a,镜子对面的我你在哪里,https://sns-avatar-qc.xhscdn.com/avatar/1040g2jo31r2kuk7t7o6g5p020clk58pqud5s0tg?imageView2/2/w/120/format/jpg,3,,0,1770827353916,5
68ad2801000000000a00b49d,1756178433000,浙江,68ab0ebb000000001b0339e8,不是我这10后误入高端局[捂脸R],62ab65ed000000001902af41,世界人民大团结万岁,https://sns-avatar-qc.xhscdn.com/avatar/1040g2jo31l54kbl72u0g5olbcnmmdbq15pa4lvo?imageView2/2/w/120/format/jpg,3,,0,1770827353919,3
68468f370000000007035fb2,1749454647000,北京,68426aa800000000220241ae,"我有的时候觉得，""Z世代""的各种标签，解说，吹捧是针对新一代的新型的精神鸦片或者营销骗局。就像针对上一代的那样""爱她就给她一个家""[笑哭R]",6266bb900000000010004bd8,文刀刘💋,https://sns-avatar-qc.xhscdn.com/avatar/1040g2jo31frodce1ge6g5oj6ne840iuoau2pmu8?imageView2/2/w/120/format/jpg,5,,0,1770827358474,62
684be7ed000000002000f607,1749805038000,上海,68426aa800000000220241ae,我们应该警惕这种不明所以的反抗，90%的所谓z时代都只是跟风，并不知道，也从来没有深入思考过我们为什么要反抗这些东西，只是给自己贴标签，相当于最新一代保守派，尤其是在面对自己人生大事的抉择时往往保守的可怕。同样作为05后，很多东西实在不敢苟同。当然思考需要大量学习和阅读，不是所有人都有能力做到的。[doge],607c3f840000000001004109,Jerry,https://sns-avatar-qc.xhscdn.com/avatar/1040g2jo31qi7vbku000g5o3s7u208g89dpd0r18?imageView2/2/w/120/format/jpg,0,,0,1770827358476,15
684b747d000000001102c91f,1749775485000,四川,68426aa800000000220241ae,爱看多发全是干货,5fa63ca1000000000101d643,无名玺君,https://sns-avatar-qc.xhscdn.com/avatar/1040g2jo31nunnsjj6g005nt67iggbli35l3o6s0?imageView2/2/w/120/format/jpg,1,,0,1770827358478,2
68490edf000000000802623f,1749618400000,四川,68426aa800000000220241ae,爱看多发，太需要了[皱眉R],5ff82e7a0000000001009bd2,CHUXUN,https://sns-avatar-qc.xhscdn.com/avatar/1040g2jo312dnp3mc646g5nvo5pt096ui0d6dic0?imageView2/2/w/120/format/jpg,1,,0,1770827358480,1
6842939b000000000b02d693,1749193628000,湖北,68426aa800000000220241ae,[得意R][得意R],5b986f05166cc10001e75dae,梦游全球🌍的佩尔,https://sns-avatar-qc.xhscdn.com/avatar/1040g2jo31n0s4n3e6m004aubo4ngandeg5483i8?imageView2/2/w/120/format/jpg,1,,0,1770827358483,4
6849137800000000070290a2,1749619576000,江西,68426aa800000000220241ae,建议看看国外怎么总结z时代人：最有仇恨的一群人。,6268b21600000000100048ff,烟雨江南守望先锋,https://sns-avatar-qc.xhscdn.com/avatar/6270b9e577f7bf4b715d5cef.jpg?imageView2/2/w/120/format/jpg,1,,0,1770827358485,13
684af601000000001e0344c5,1749743105000,广东,68426aa800000000220241ae,很有价值的分享！Z 世代作为消费主力，其生活趋势重塑多方面，报告为各方提供启示，值得关注。，欢迎回访评论支持，谢谢,624d5ee10000000010004b94,是JY,https://sns-avatar-qc.xhscdn.com/avatar/1040g2jo31ccv6rcugs005oidbrgk0isk6o94n58?imageView2/2/w/120/format/jpg,1,,0,1770827358487,2
68485050000000001c0306b6,1749569616000,四川,68426aa800000000220241ae,所以归根到底是研究人,60e71235000000002002fbeb,1到0,https://sns-avatar-qc.xhscdn.com/avatar/60e71235000000002002fbeb.jpg?imageView2/2/w/120/format/jpg,1,,0,1770827358489,4
68480c950000000007029ff8,1749552277000,上海,68426aa800000000220241ae,不管是产品还是内容 都要在短平快的即效体验和长效陪伴的情感共鸣之间找到一种共振，毕竟真正打动年轻人的不是单次的情绪加分,6571d9b0000000002002f33f,女性品牌设计师樱子,https://sns-avatar-qc.xhscdn.com/avatar/1040g2jo31hhkp2najo5g5pbhr6o85spvae930o0?imageView2/2/w/120/format/jpg,0,,0,1770827358491,10
6863a4c3000000001100e86c,1751360708000,广东,68426aa800000000220241ae,只要品牌硬实力就复制出来，招商去，解决市场和经济,6043a026000000000100b13f,招商泉策,https://sns-avatar-qc.xhscdn.com/avatar/1040g2jo31jbliqbnii005o23k0j09c9vsgjh7n0?imageView2/2/w/120/format/jpg,0,,0,1770827358494,0
6940f52700000000160237cf,1765864744000,上海,69400640000000001e0059cf,放到国内得把两个时间间隔都延后十年,64d9fdbb000000000100fc0b,momo,https://sns-avatar-qc.xhscdn.com/avatar/670f60a7592ba12b7a0ee4c8.jpg?imageView2/2/w/120/format/jpg,5,,0,1770827363042,276
694030cc000000001d01f027,1765814477000,德国,69400640000000001e0059cf,谁拍照那样拍......,602a0cf6000000000100ae55,张梦珂,https://sns-avatar-qc.xhscdn.com/avatar/1040g2jo30vf2ir7hls6g5o1a1jr09bilu7oilko?imageView2/2/w/120/format/jpg,6,,0,1770827363044,62
69445c700000000016024f82,1766087795000,广东,69400640000000001e0059cf,啊？为啥是这个手势,5658e8d86a6a690e6386d3e5,EViL&FloWErs,https://sns-avatar-qc.xhscdn.com/avatar/1040g2jo31sd6g77c5md043cc9hkdhkv5bjsdf88?imageView2/2/w/120/format/jpg,6,http://sns-webpic-qc.xhscdn.com/202602120029/72a6f58304bc63ea1aa91c0d5712356f/comment/1040g2h031q8efnce7o5g43cc9hkdhkv5pe83idg!nd_whgt34_webp_wm_1,0,1770827363047,21
697ef39d0000000006033ce4,1769927581000,广东,69400640000000001e0059cf,🫰这样呢,59eef8c44eacab5fd809f52a,AAA快乐摸鱼农家乐李老板,https://sns-avatar-qc.xhscdn.com/avatar/1040g2jo312qjhts9400049uroesc9t9a8ssp180?imageView2/2/w/120/format/jpg,0,,0,1770827363049,0
69498df1000000001d01fef8,1766428146000,中国台湾,69400640000000001e0059cf,这只是美国时间线下的分类 我们由于互联网发展比他们晚 时间都要推迟一点,6644c5cc0000000003033d1d,Mizuwari,https://sns-avatar-qc.xhscdn.com/avatar/645b7f4a9262aeee795c99e7.jpg?imageView2/2/w/120/format/jpg,1,,0,1770827363052,14
694fe0bd000000001602411f,1766842558000,广东,69400640000000001e0059cf,我97和右边一样,6710bacd000000001d031414,我不叫小红薯6710F16B,https://sns-avatar-qc.xhscdn.com/avatar/1040g2jo31hk9fo973s6g5pognb6ne50keci0eo0?imageView2/2/w/120/format/jpg,1,,0,1770827363054,4
694458780000000038007af7,1766086776000,广东,69400640000000001e0059cf,问题是其实Z世代也是右边那样过来的[笑哭R],5cbb660a00000000160285aa,机械贝果,https://sns-avatar-qc.xhscdn.com/avatar/1040g2jo31plf02epkk6g5n5rco55l1dac7tc648?imageView2/2/w/120/format/jpg,0,,0,1770827363056,47
6965af29000000003102e3c7,1768271657000,黑龙江,69400640000000001e0059cf,哈哈，看来指令背后藏着的是“画风大赛”，真是年龄的无声较量！����,63f89427000000001001cbb0,养乐多猫苑,https://sns-avatar-qc.xhscdn.com/avatar/63ff17b7f031877915dbfb5e.jpg?imageView2/2/w/120/format/jpg,0,,0,1770827363060,0
6957b9af0000000018021d5e,1767356847000,江苏,69400640000000001e0059cf,两个人看起来像同龄人,56a62c4ab8ce1a1359819bbb,萨&萨,https://sns-avatar-qc.xhscdn.com/avatar/1040g2jo31ockgk3b586g45c7g6m4l6trli942oo?imageView2/2/w/120/format/jpg,0,,0,1770827363064,0
695817540000000006018224,1767380821000,加拿大,69400640000000001e0059cf,垮掉的一代[吧唧R],5f8ca8710000000001006e1c,你是猪吗,https://sns-avatar-qc.xhscdn.com/avatar/640cde0d348916cd592aee7b.jpg?imageView2/2/w/120/format/jpg,0,,0,1770827363066,0
5e51f5b40000000001003178,1582429620000,,5e51f4ad00000000010096aa,我也是刚开始认真思考这些，但是又觉得非常重要，所以就马上拿出来给大家分享一下，后续这个系列还会做[偷笑R],5aa4ed304eacab45480a54dc,Toly学长,https://sns-avatar-qc.xhscdn.com/avatar/1040g2jo31mquigpemm004a38tsmj0l6stqad5j8?imageView2/2/w/120/format/jpg,0,,0,1770827367448,42
5e5200b80000000001007e11,1582432440000,,5e51f4ad00000000010096aa,学长，小狗钱钱那本书能学到什么？,5d00cae00000000012008305,LIN,https://sns-avatar-qc.xhscdn.com/avatar/1040g2jo31m373fh25m705n80pbg4h0o5u98cvng?imageView2/2/w/120/format/jpg,6,,0,1770827367451,9
5e51f5790000000001002daa,1582429561000,,5e51f4ad00000000010096aa,很久没更新旅行系列了，明天会有一篇关于旅行的攻略[赞R],5aa4ed304eacab45480a54dc,Toly学长,https://sns-avatar-qc.xhscdn.com/avatar/1040g2jo31mquigpemm004a38tsmj0l6stqad5j8?imageView2/2/w/120/format/jpg,0,,0,1770827367453,10
5faa3a22000000000102f5df,1604991522000,,5e51f4ad00000000010096aa,虽然兜里没有两百块，却还是觉得20万不多[笑哭R]我就是个傻璐,5d4d743200000000160255ec,璐璐侠,https://sns-avatar-qc.xhscdn.com/avatar/1040g2jo31m4h4ksn58005nadegp5klfc6i1b1vo?imageView2/2/w/120/format/jpg,1,,0,1770827367456,1
5e5227900000000001002bc0,1582442384000,,5e51f4ad00000000010096aa,攒钱那个是什么软件,5cbc7abb0000000012031337,SIDI 心邸,https://sns-avatar-qc.xhscdn.com/avatar/1040g2jo31sbt6rht620g5n5sfatkm4pnktjmmc0?imageView2/2/w/120/format/jpg,3,,0,1770827367459,0
5e926f9e000000000100a82b,1586655134000,,5e51f4ad00000000010096aa,年轻人，理财，不单纯是要它升值，而是既能让它流动的过程中财富增长，也能在关键时刻抵御风险。,54e9ef03a46e9618e2768d67,咸鱼,https://sns-avatar-qc.xhscdn.com/avatar/5fdb629e3cd8d60001b57f40.jpg?imageView2/2/w/120/format/jpg,1,,0,1770827367462,4
5e5278480000000001004da4,1582463048000,,5e51f4ad00000000010096aa,一次记得踢我一下[飞吻R],5964effc82ec3914ef2024fe,哎呦喂，你好,https://sns-avatar-qc.xhscdn.com/avatar/5a086791b46c5d56d2e1e0bf.jpg?imageView2/2/w/120/format/jpg,2,,0,1770827367465,1
5e525a670000000001006431,1582455399000,,5e51f4ad00000000010096aa,新债有什么好推荐吗？,5b7a60cf04121a0001c57c8f,用户已注销,https://sns-avatar-qc.xhscdn.com/avatar/645b7f257b3e7e60e53504de.jpg?imageView2/2/w/120/format/jpg,1,,0,1770827367468,3
5e527211000000000100a2cc,1582461457000,,5e51f4ad00000000010096aa,学长，请问对于小白来说 那一本书或者几本最有益？,5c0cf0a9000000000500bb48,贪戀你的温度,https://sns-avatar-qc.xhscdn.com/avatar/61a5e858d60fefeb37853a22.jpg?imageView2/2/w/120/format/jpg,2,,0,1770827367471,0
5e51f7c50000000001001589,1582430149000,,5e51f4ad00000000010096aa,跟你学理财,5cffb170000000002501d374,Catherina,https://sns-avatar-qc.xhscdn.com/avatar/1040g2jo31m5f2ioslm005n7vm5o9bkrkg6j21fg?imageView2/2/w/120/format/jpg,1,,0,1770827367474,2
6836c3fd000000000900ca6d,1748419581000,英国,667b7f28000000001c026e7a,gen z明明是97-12,5e99079700000000010086dc,叁叁不是三三,https://sns-avatar-qc.xhscdn.com/avatar/1040g2jo31eo19jl9ls105nkp0ubg91ms5adv3m8?imageView2/2/w/120/format/jpg,1,,0,1770827371960,6
667b800c000000000d00c2ad,1719369741000,,667b7f28000000001c026e7a,可带 私信[害羞R],5d1065410000000010006e78,:D哦.,https://sns-avatar-qc.xhscdn.com/avatar/1040g2jo31361gadt7m005n8gcl0k0rjocjivhdo?imageView2/2/w/120/format/jpg,0,,0,1770827371963,5
66be33e0000000000a014569,1723741152000,,667b7f28000000001c026e7a,求,5b5b7073e8ac2b55b916980a,乃秋呀,https://sns-avatar-qc.xhscdn.com/avatar/643677f9b81a2b454d5930e3.jpg?imageView2/2/w/120/format/jpg,0,,0,1770827371965,1
68a2d0db000000002700f6a3,1755500763000,湖南,667b7f28000000001c026e7a,@周一请吃饭 @辣牛肉汤,5eb60f190000000001001863,嫩豆腐汤,https://sns-avatar-qc.xhscdn.com/avatar/1040g2jo3139o1v2g00005nlm1scg86336er5le8?imageView2/2/w/120/format/jpg,0,,0,1770827371968,0
67da160400000000170385d4,1742345733000,湖南,667b7f28000000001c026e7a,🐟t号是什么,627c7e450000000021022f45,咫尺的蒲公英,https://sns-avatar-qc.xhscdn.com/avatar/1040g2jo31jrakrflio3g5ojsfp2ocbq5re70nm8?imageView2/2/w/120/format/jpg,0,,0,1770827371970,0
66f18a9c000000000403195e,1727105693000,,667b7f28000000001c026e7a,@爱豆,5ae09f8f11be10549dfca455,全熟sashimi,https://sns-avatar-qc.xhscdn.com/avatar/6354fe32e8863484c481480c.jpg?imageView2/2/w/120/format/jpg,0,,0,1770827371973,0
66be97f90000000026033326,1723766778000,,667b7f28000000001c026e7a,[飞吻R],5c2db4ac000000000700c377,未来,https://sns-avatar-qc.xhscdn.com/avatar/5fce43e4ec3dfe0001bcba66.jpg?imageView2/2/w/120/format/jpg,0,,0,1770827371976,2
678b2bad0000000022003a50,1737173933000,,667b7f28000000001c026e7a,@Soft',661bed6b0000000003030cae,feifeinb_,https://sns-avatar-qc.xhscdn.com/avatar/1040g2jo31scivb415m0g5pgrtllgu35enp08o88?imageView2/2/w/120/format/jpg,0,,0,1770827371978,0
6916ed8f000000003902f5b1,1763110287000,广东,667b7f28000000001c026e7a,@摸鱼能手,5f27dd91000000000101f691,究极折磨王,https://sns-avatar-qc.xhscdn.com/avatar/1040g2jo31l5ukuq6ks605np7rm8gbtkhe52tm28?imageView2/2/w/120/format/jpg,0,,0,1770827371981,1
67a44b450000000021035c8c,1738820422000,,667b7f28000000001c026e7a,@重生之杀光甲方,5cbb16d4000000001601a9a8,yze.,https://sns-avatar-qc.xhscdn.com/avatar/1040g2jo30n04l6epl06g5n5r2ra5jad84sffjmg?imageView2/2/w/120/format/jpg,0,,0,1770827371984,0
697660210000000005031b0c,1769365537000,新西兰,696e0f1c000000000e00d119,典型gen z小姑娘穿搭 过几年再长大点就不是这个样子对镜子自拍的风格的了哈哈,5e8165400000000001006d65,ciuto,https://sns-avatar-qc.xhscdn.com/avatar/5f1f648b33edf3000148aeae.jpg?imageView2/2/w/120/format/jpg,2,,0,1770827376374,64
69739988000000000b0368af,1769183625000,四川,696e0f1c000000000e00d119,犹太人么这个鼻子,5b5c4c5e11be100abf85a0a9,四阿哥的野生额娘,https://sns-avatar-qc.xhscdn.com/avatar/1040g2jo31fmj078604004a7k5o65t859k34hot0?imageView2/2/w/120/format/jpg,4,,0,1770827376376,34
69767a68000000000600fe32,1769372264000,海南,696e0f1c000000000e00d119,她有伊朗血统吗，看起来好像那边的混血,6247fce3000000001000cd0e,有福气,https://sns-avatar-qc.xhscdn.com/avatar/1040g2jo31fhp2rej7c6g5oi7vjhk1j8est8dsbo?imageView2/2/w/120/format/jpg,1,,0,1770827376378,8
697c3f230000000004000874,1769750308000,山东,696e0f1c000000000e00d119,想起《超人和露易丝》里超人在老家报社的女同事，那个演员跟她长得一模一样,565c74b4f53ee03afb1c2bf8,momo,https://sns-avatar-qc.xhscdn.com/avatar/1040g2jo31jftbhj93i6043ivegqb8avoknumhrg?imageView2/2/w/120/format/jpg,0,,0,1770827376381,0
697ccbec000000000c00b368,1769786348000,湖南,696e0f1c000000000e00d119,真的有点德国风格,6486dae40000000010035c9b,donotcareaboutthatmuch,https://sns-avatar-qc.xhscdn.com/avatar/1040g2jo31r1aj835gae05p46rbi46n4r8rfebn8?imageView2/2/w/120/format/jpg,0,,0,1770827376383,1
6977d24e000000000f02d23a,1769460303000,葡萄牙,696e0f1c000000000e00d119,完了miita是不是要大火了[失望R]本来打折季咬咬牙还能买，要再涨价真买不起了…,5a44b5e54eacab09c063fb01,Cynthia在葡读博日常~,https://sns-avatar-qc.xhscdn.com/avatar/1040g2jo31dp15pmhgu704a0hdequbuo139ol548?imageView2/2/w/120/format/jpg,0,,0,1770827376386,3
6977d2740000000008031671,1769460341000,美国,696e0f1c000000000e00d119,Zohran H 不发音[微笑R],5f2d93cd00000000010048f1,Coffee Name Vicky,https://sns-avatar-qc.xhscdn.com/avatar/666900c151dbbac8f58a2f15.jpg?imageView2/2/w/120/format/jpg,0,,0,1770827376388,3
69774c230000000006032d9f,1769425956000,湖北,696e0f1c000000000e00d119,这就是thrifter的风格...nothin special,6727792c000000001c0191c2,举头三尺有哈尼,https://sns-avatar-qc.xhscdn.com/avatar/1040g2jo31gckboh2j4005pp7f4m734e2kh0dt70?imageView2/2/w/120/format/jpg,0,,0,1770827376392,10
69772b56000000000600a59a,1769417558000,德国,696e0f1c000000000e00d119,印度人？,5a0e311411be1053a0509f38,Moin购物狂在德国,https://sns-avatar-qc.xhscdn.com/avatar/1040g2jo31ptaqdebl00049vlgcoh97poqp4k4og?imageView2/2/w/120/format/jpg,0,,0,1770827376394,0
69777691000000000603006b,1769436818000,日本,696e0f1c000000000e00d119,真的很有自己的风格！也很美,5e76e7b5000000000100bdcf,Tokyo_Meow,https://sns-avatar-qc.xhscdn.com/avatar/1040g2jo31nhqhng0l0005njmsuqg9fef8ml82mo?imageView2/2/w/120/format/jpg,0,,0,1770827376397,7
667e16dd0000000015009c31,1719539422000,,639aa7ca000000001f00ee49,求报告,5fa4ae68000000000101d878,西西姐姐🧐,https://sns-avatar-qc.xhscdn.com/avatar/1040g2jo31ognuscmku005nt4lpk0bm3odqnppc8?imageView2/2/w/120/format/jpg,0,,0,1770827380828,0
6735cb2c000000001b0021d4,1731578669000,,639aa7ca000000001f00ee49,求报告,5b913c118b419300014c2785,Dr.Bai,https://sns-avatar-qc.xhscdn.com/avatar/5b913c118b419300014c2785.jpg?imageView2/2/w/120/format/jpg,0,,0,1770827380831,0
65eea5c400000000040299c9,1710138820000,,639aa7ca000000001f00ee49,求报告,59f8085511be100ca5fba856,属于YT滴美好人生,https://sns-avatar-qc.xhscdn.com/avatar/59f80857b46c5d22ccc4da00.jpg?imageView2/2/w/120/format/jpg,0,,0,1770827380835,0
66613790000000001c017bed,1717647248000,,639aa7ca000000001f00ee49,求报告[哭惹R],6246f35f000000001000ca7d,momo,https://sns-avatar-qc.xhscdn.com/avatar/1040g2jo319rr34vu7cdg5oi6udfk1ijtsdfhq88?imageView2/2/w/120/format/jpg,0,,0,1770827380838,0
66f61bbc000000000d00cb81,1727404988000,,639aa7ca000000001f00ee49,求报告,59d222d86eea8818a2122bcd,暮暮（减脂版）,https://sns-avatar-qc.xhscdn.com/avatar/68a47535df13170cc0789c32.jpg?imageView2/2/w/120/format/jpg,0,,0,1770827380841,0
65b3167e00000000020184d7,1706235518000,,639aa7ca000000001f00ee49,求报告,5b13bd55e8ac2b533d8abc03,junjunmonica,https://sns-avatar-qc.xhscdn.com/avatar/1040g2jo31pvvc3vnmu0g4a5t6nulbf03ct8h348?imageView2/2/w/120/format/jpg,0,,0,1770827380844,0
6604f6fb0000000005001585,1711601403000,,639aa7ca000000001f00ee49,已三连求报告[蹲后续H],6093d6660000000001004d0d,Catflower,https://sns-avatar-qc.xhscdn.com/avatar/61c5c2ac45c9ae17ae27788a.jpg?imageView2/2/w/120/format/jpg,0,,0,1770827380847,1
6684f7ef0000000012026c20,1719990256000,,639aa7ca000000001f00ee49,求报告,5c602cd2000000001b02e6fd,Reyna杜,https://sns-avatar-qc.xhscdn.com/avatar/5c604c47ddab6b0001ed4c8f.jpg?imageView2/2/w/120/format/jpg,0,,0,1770827380849,0
66837212000000001303c48e,1719890450000,,639aa7ca000000001f00ee49,求报告[红色心形R],580a3a1f50c4b41bd73e2cab,甜茶,https://sns-avatar-qc.xhscdn.com/avatar/1040g2jo313hhr5u7nq0048pucqt1ub5bmfcdc8o?imageView2/2/w/120/format/jpg,0,,0,1770827380853,1
658e761f0000000011012d3d,1703835167000,,639aa7ca000000001f00ee49,求报告,5de7d148000000000100b6f7,请给我画一只绵羊吧,https://sns-avatar-qc.xhscdn.com/avatar/6565c3bc1732610d01fb77e4.jpg?imageView2/2/w/120/format/jpg,0,,0,1770827380855,0
69203973000000001702ea51,1763719539000,四川,67ba8fbb000000002602e61c,那你这个Z不也是定义？,5eb80b490000000001005af7,星河襟,https://sns-avatar-qc.xhscdn.com/avatar/66993a97a19061188b8fdff6.jpg?imageView2/2/w/120/format/jpg,0,,0,1770827385361,0
68478978000000000702800c,1749518712000,广东,67ba8fbb000000002602e61c,为啥叫Z呢？,5dbe6ca5000000000100a4e5,种花家的老龙,https://sns-avatar-qc.xhscdn.com/avatar/1040g2jo317c71lo83q605ndudiig9975h7eq1k8?imageView2/2/w/120/format/jpg,1,,0,1770827385364,13
683d851500000000080249a2,1748862229000,四川,67ba8fbb000000002602e61c,这个词来自于日文,631ffded00000000230258d0,艾艾,https://sns-avatar-qc.xhscdn.com/avatar/1040g2jo3108050fvlo005oovvnmosm6gvsmj0e0?imageView2/2/w/120/format/jpg,0,,0,1770827385368,2
68d0f6a0000000003002e1fd,1758525088000,湖北,67ba8fbb000000002602e61c,@梦幻杂货店. @蛋花玉米who @momo,6322b9b2000000002303c5b5,此人绝非扇贝,https://sns-avatar-qc.xhscdn.com/avatar/1040g2jo31codt2adgs605op2n6p8vhdl4p7v1no?imageView2/2/w/120/format/jpg,1,,0,1770827385370,2
693e5f59000000001d027dce,1765695322000,北京,66f210e5000000001b02022c,#呼呼,5fec1c0900000000010064b0,momo-momo,https://sns-avatar-qc.xhscdn.com/avatar/1040g2jo31herpucl42005nvc3g4g8p5g2lte808?imageView2/2/w/120/format/jpg,0,,0,1770827389962,0
67d0cac60000000015004792,1741736646000,广东,66f210e5000000001b02022c,@只想喝豆浆的LEO,62471f4c000000001000b71c,小🐑和肖恩,https://sns-avatar-qc.xhscdn.com/avatar/1040g2jo31ojdhlrj50605oi73t641dosjvih530?imageView2/2/w/120/format/jpg,0,,0,1770827389965,2
6829ad0f0000000003036974,1747561743000,江苏,66f210e5000000001b02022c,@momo @Lucky @仄言 @C,611defaf000000000101e011,momo,https://sns-avatar-qc.xhscdn.com/avatar/1040g2jo31abbl8i2726g5o8ttungbo0h2d6e25g?imageView2/2/w/120/format/jpg,1,,0,1770827389968,1
681e2054000000000401440e,1746804821000,四川,681d5946000000002202522b,我挺喜欢Z世代这种说法的，感觉酷酷的，反而，一提起00后，总有一种还被人认作小孩子的感觉。,5d384df8000000001202f020,momo,https://sns-avatar-qc.xhscdn.com/avatar/1040g2jo31pd60entiu6g5n9o9ns4ls106g934u8?imageView2/2/w/120/format/jpg,12,,0,1770827394464,1730
681e46ff0000000013012437,1746814720000,湖南,681d5946000000002202522b,感觉这个词有一种过时的新潮的感觉[笑哭R][笑哭R]就是那种千禧年间创造出来的使用的词，现在的使用频率很低,5ce0f27200000000120321c6,池凌,https://sns-avatar-qc.xhscdn.com/avatar/1040g2jo312qk498lk8005n70u9p4m8e6tn3f0d0?imageView2/2/w/120/format/jpg,18,,0,1770827394466,916
681e2d650000000013010787,1746808165000,福建,681d5946000000002202522b,Z时代其实挺年轻的，Z这个字母有一种简洁利落的感觉，既是尽头也是源头,5ce6b0c50000000018039bac,季節性降雨,https://sns-avatar-qc.xhscdn.com/avatar/1040g2jo31fulc43vgg005n76m32m76tcbtgrqc0?imageView2/2/w/120/format/jpg,6,,0,1770827394468,339
681e02e6000000000b017130,1746797287000,澳大利亚,681d5946000000002202522b,这个词和咱们叫90后00后甚至叫现在的小朋友小孩哥小孩姐本质一样啊...,60181e95000000000101dc77,叁叁,https://sns-avatar-qc.xhscdn.com/avatar/1040g2jo31a4n6ieg6m005o0o3qagbn3nq8ni4do?imageView2/2/w/120/format/jpg,9,,0,1770827394472,69
681d60f6000000000d016524,1746755831000,北京,681d5946000000002202522b,总感觉这个词平时不怎么常用但是ai生成的文本里就很多[doge],6242ccb5000000001000ca40,笙箫无梦夜,https://sns-avatar-qc.xhscdn.com/avatar/1040g2jo30ufcjvp35e6g5oi2piqk1ii0b7rkl60?imageView2/2/w/120/format/jpg,4,,0,1770827394475,18
681ed6ed0000000009014407,1746851566000,广东,681d5946000000002202522b,外网天天刷到gen z我还以为就是指00后[笑哭R],6730852b000000001c019309,用户已注销,https://sns-avatar-qc.xhscdn.com/avatar/645b6b2504c28aa15eab1dac.jpg?imageView2/2/w/120/format/jpg,4,,0,1770827394478,2
681db6cb00000000030348fc,1746777804000,浙江,681d5946000000002202522b,为啥嘞？别的年代也有配套的名字啊，比如genX genAlpha？不是杠，纯好奇为什么会有这种感觉。,64d7a305000000000100d86f,无敌钻钻猫,https://sns-avatar-qc.xhscdn.com/avatar/1040g2jo314m8ltik6e005p6nkc2g9m3flc2n54o?imageView2/2/w/120/format/jpg,6,,0,1770827394482,33
681d6ad80000000004016f30,1746758360000,广东,681d5946000000002202522b,DeepSeek超级无敌巨爱用这个词、、明明我上面写的东西和要求跟他毫不相关[抓狂R],5bc29ea17bb52900014856d2,撩撩_,https://sns-avatar-qc.xhscdn.com/avatar/672424b47885eb6c640d6b66.jpg?imageView2/2/w/120/format/jpg,14,,0,1770827394485,123
681e1e9000000000130110cd,1746804369000,北京,681d5946000000002202522b,啊啊……!刚写了对于这个词的指正的文章,6696ac9c000000000b032878,賜東風,https://sns-avatar-qc.xhscdn.com/avatar/1040g2jo31qil2a667o6g5pkmlie2ua3omj7igog?imageView2/2/w/120/format/jpg,5,,0,1770827394487,3
681ef289000000000a035e4e,1746858633000,天津,681d5946000000002202522b,y世代老人默默路过,5b022c45f7e8b91d736940f6,皮里皮里之翼,https://sns-avatar-qc.xhscdn.com/avatar/6392d828026d65d5cda0df1a.jpg?imageView2/2/w/120/format/jpg,2,,0,1770827394489,0
667d86a100000000170020d4,1719502498000,,667af433000000001e013522,～,5e8dee7a0000000001008b93,长春冰封玫瑰酱,https://sns-avatar-qc.xhscdn.com/avatar/1040g2jo31qi19c8r7g005nkdtpt092sjmao4ppg?imageView2/2/w/120/format/jpg,0,,0,1770827399170,0
6685f7400000000012025149,1720055617000,,667af433000000001e013522,牛的,653a2e9d000000000400adc9,克林（大屏主理人版,https://sns-avatar-qc.xhscdn.com/avatar/1040g2jo30vigc24lm6005p9q5qeh1be9k466gb0?imageView2/2/w/120/format/jpg,0,,0,1770827399176,0
693252040000000038024681,1764905477000,辽宁,6931202e000000001e02f824,芥末外语——日语口语/考级课程双十二享66折，欢迎厚台戳我领取试听！[派对R],6881bff3000000001d034d85,Kuma酱の修士辅导日记,https://sns-avatar-qc.xhscdn.com/avatar/1040g2jo31kfplclpj46g5q41nvpnejc5nmmh9hg?imageView2/2/w/120/format/jpg,0,,0,1770827403919,1
6933966c000000003803320a,1764988525000,四川,6931202e000000001e02f824,不该是ほんまに？吗😅,5830e12682ec3909b6e5ec46,阿尔博特的狗,https://sns-avatar-qc.xhscdn.com/avatar/1040g2jo31ncf83a4mm0048rs19gidr26gtpn0fo?imageView2/2/w/120/format/jpg,5,,0,1770827403921,3
69355da4000000001601ca92,1765105061000,日本,6931202e000000001e02f824,真是25年吗,6136d2560000000002024af9,errrsir,https://sns-avatar-qc.xhscdn.com/avatar/6136d2560000000002024af9.jpg?imageView2/2/w/120/format/jpg,0,,0,1770827403923,15
693911d2000000001601e536,1765347795000,湖南,6931202e000000001e02f824,今日ビジュいいじゃん是因为一酱的歌词吧 都唱出来了,61acd2f60000000021024a50,若秋霜,https://sns-avatar-qc.xhscdn.com/avatar/1040g2jo31s7b9toolm005odcqbr8ciigp90bdtg?imageView2/2/w/120/format/jpg,0,,0,1770827403926,2
693591e9000000003900b7e2,1765118442000,日本,6931202e000000001e02f824,114514,601bf2f1000000000100a9e2,みやの,https://sns-avatar-qc.xhscdn.com/avatar/1040g2jo31ejh80fogs605o0rubog9af2f6bm9d0?imageView2/2/w/120/format/jpg,0,,0,1770827403928,1
693982720000000016026a04,1765376626000,上海,6931202e000000001e02f824,已经是老梗了吧,5e88f39e0000000001006f09,小亓,https://sns-avatar-qc.xhscdn.com/avatar/1040g2jo31m3dnj0lm8005nk8uef08ro9qm0csmg?imageView2/2/w/120/format/jpg,0,,0,1770827403932,1
69365d93000000000e0376f1,1765170580000,日本,6931202e000000001e02f824,尴尬是きまず吧,5e3efbc10000000001006697,不是小谢,https://sns-avatar-qc.xhscdn.com/avatar/1040g2jo31gmv1lstk2005nhuvf0g8pknu2hgerg?imageView2/2/w/120/format/jpg,0,,0,1770827403935,2
6931230300000000380092fd,1764827907000,辽宁,6931202e000000001e02f824,我是Kuma酱，日语学习干货&留学资讯持续更新！[派对R],6881bff3000000001d034d85,Kuma酱の修士辅导日记,https://sns-avatar-qc.xhscdn.com/avatar/1040g2jo31kfplclpj46g5q41nvpnejc5nmmh9hg?imageView2/2/w/120/format/jpg,0,,0,1770827403938,0
69472934000000001600cf9c,1766271285000,浙江,6931202e000000001e02f824,てぇてぇ我怎么记得是国内的【贴贴】传过去的[汗颜R],6437ae73000000001400eff9,大土也,https://sns-avatar-qc.xhscdn.com/avatar/1040g2jo31l6vqb23lm6g5p1nlppl1rvpfri84e0?imageView2/2/w/120/format/jpg,0,,0,1770827403942,0
693647d10000000030026f44,1765165009000,四川,6931202e000000001e02f824,我问copilot，他说キャバい是轻佻浮夸过度打扮的意思...怎会如此,63c62dd0000000002600717f,再吃一口松鼠鱼,https://sns-avatar-qc.xhscdn.com/avatar/64294cee888bee6dcaff2948.jpg?imageView2/2/w/120/format/jpg,0,,0,1770827403944,0
636cec4a000000002700f6fa,1668082762000,,634bcc4e000000000602a2d3,z世代如果有根据地域区分的消费力区间，就绝赞,599166805e87e74b469d8fc2,Warren,https://sns-avatar-qc.xhscdn.com/avatar/614d2aa549948a7e793a1466.jpg?imageView2/2/w/120/format/jpg,2,,0,1770827408673,0
636274ed000000000e022158,1667396845000,,634bcc4e000000000602a2d3,刚好需要[偷笑R],62a98871000000001501aab3,用户已注销,https://sns-avatar-qc.xhscdn.com/avatar/cd255d0e201935e0d852bd371f18c198.jpg?imageView2/2/w/120/format/jpg,0,,0,1770827408676,0
6350b9e7000000000d02226d,1666234855000,,634bcc4e000000000602a2d3,@熙玛茶号,5bddddf3b86ade000182442b,小野炸炸,https://sns-avatar-qc.xhscdn.com/avatar/1040g2jo31oi3gog14s704bnl23ev6h1bvsdjfe8?imageView2/2/w/120/format/jpg,0,,0,1770827408679,1
689ecd290000000030012e97,1755237674000,四川,64bf6fb0000000000800cf8c,所以下一个十年是A世代了？,5f66029b00000000010094c6,路过的三三老师,https://sns-avatar-qc.xhscdn.com/avatar/1040g2jo31fkve798ni005nr60adg95665c4b2io?imageView2/2/w/120/format/jpg,3,,0,1770827413192,4
67248141000000001b0205e8,1730445634000,,67035d10000000001b022492,求文件,57f756ee6a6a6901b1e457de,Miss 不不,https://sns-avatar-qc.xhscdn.com/avatar/61d1813605a22c872e789154.jpg?imageView2/2/w/120/format/jpg,0,,0,1770827418219,0
67612651000000001001ac56,1734420049000,,67035d10000000001b022492,求文件,5ef43b020000000001005011,欧楚,https://sns-avatar-qc.xhscdn.com/avatar/5ef43b020000000001005011.jpg?imageView2/2/w/120/format/jpg,0,,0,1770827418222,0
6720d102000000001702ee42,1730203906000,,67035d10000000001b022492,求文件,5c7c95b10000000017024626,槑槑,https://sns-avatar-qc.xhscdn.com/avatar/5d81dfdb765a4b0001c6cab7.jpg?imageView2/2/w/120/format/jpg,0,,0,1770827418225,0
6703b963000000002400e2c6,1728297315000,,67035d10000000001b022492,分析得很精准,5b57e9b2e8ac2b30cfea0484,村村好野,https://sns-avatar-qc.xhscdn.com/avatar/5b57e9b2e8ac2b30cfea0484.jpg?imageView2/2/w/120/format/jpg,0,,0,1770827418228,0
672ab32a000000001b0264ae,1730851626000,,67035d10000000001b022492,求文件,56df6728bd0da5424925f27f,小红薯_8535,https://sns-avatar-qc.xhscdn.com/avatar/56df6728bd0da5424925f27f.jpg?imageView2/2/w/120/format/jpg,0,,0,1770827418230,0
675fc4f9000000000c029c69,1734329594000,,67035d10000000001b022492,求文件,64ef283400000000050003d2,揽月社,https://sns-avatar-qc.xhscdn.com/avatar/1040g2jo30od7msn82e1049sajah10vl21utp6r8?imageView2/2/w/120/format/jpg,0,,0,1770827418233,0
6729f92e0000000015039226,1730804014000,,67035d10000000001b022492,求文件,5bca0b0dd952f90001d61fac,蕾姐是文案,https://sns-avatar-qc.xhscdn.com/avatar/6218fc80d6d30ab41a2b8e7f.jpg?imageView2/2/w/120/format/jpg,0,,0,1770827418236,0
671cfb07000000001b000852,1729952520000,,67035d10000000001b022492,@lucky,5b59be2ce8ac2b0dc2c56dba,exin,https://sns-avatar-qc.xhscdn.com/avatar/166ad12ae9a7f6fbb4bbbf88d417895f.jpg?imageView2/2/w/120/format/jpg,0,,0,1770827418238,0
67039b81000000002701138b,1728289666000,,67035d10000000001b022492,@金牛星球一号,63beaead000000002601301b,小熊魔法师,https://sns-avatar-qc.xhscdn.com/avatar/1040g2jo319iea0j3ne0g5otulqmpic0ruf3t48g?imageView2/2/w/120/format/jpg,0,,0,1770827418241,0
670389eb000000002a02b43c,1728285163000,,67035d10000000001b022492,[赞R][赞R][赞R],5b986f05166cc10001e75dae,梦游全球🌍的佩尔,https://sns-avatar-qc.xhscdn.com/avatar/1040g2jo31n0s4n3e6m004aubo4ngandeg5483i8?imageView2/2/w/120/format/jpg,0,,0,1770827418244,6
660cb3760000000015001251,1712108407000,,65f4625d000000000d00eaf0,根本不显示这个低碳会员,6228bc75000000001000b224,㎡,https://sns-avatar-qc.xhscdn.com/avatar/1040g2jo31i29laef78005oh8nhqk1ch4ok0sh90?imageView2/2/w/120/format/jpg,0,,0,1770832389565,5
660fffbb000000001902eb0c,1712324539000,,65f4625d000000000d00eaf0,太聪明了吧,5e9544a4000000000100561a,精神状态稳定ing,https://sns-avatar-qc.xhscdn.com/avatar/1040g2jo31d5s92o3gu5g5nkl8ii08lgqi5n2q78?imageView2/2/w/120/format/jpg,0,,0,1770832389568,0
67b6bcaf0000000019002fd9,1740029104000,,65f4625d000000000d00eaf0,破案了，哈啰用骑行卡没有积分,623c0f87000000001000acd7,小红薯662096A1,https://sns-avatar-qc.xhscdn.com/avatar/53ba1722242c3e9344db7b0fc2e1005f.jpg?imageView2/2/w/120/format/jpg,0,,0,1770832389570,0
66559bc9000000001c008274,1716886473000,,65f4625d000000000d00eaf0,谢谢,63b6f3d700000000260120d3,小康,https://sns-avatar-qc.xhscdn.com/avatar/1040g2jo31a7efg1g7g5g5otmufbpi86jta3u2hg?imageView2/2/w/120/format/jpg,0,,0,1770832389573,0
670e3eda00000000270136ba,1728986843000,,65f4625d000000000d00eaf0,@我再吃一口,5eb3d6d20000000001003954,小羊杨是睿姐,https://sns-avatar-qc.xhscdn.com/avatar/1040g2jo31c7t332i10005nljqr908eakh3jm3eg?imageView2/2/w/120/format/jpg,0,,0,1770832389575,0
66f89f6900000000020050d0,1727569770000,,65f4625d000000000d00eaf0,感谢[笑哭R]我也找了好久  这个兑换每天是几点开始？十二点吗？,5f0d6483000000000100687c,如果爱比泪水多一些,https://sns-avatar-qc.xhscdn.com/avatar/1040g2jo31qniors4no6g5nodci1g8q3s4gt7kk8?imageView2/2/w/120/format/jpg,0,,0,1770832389578,2
6606bcb9000000001902d88f,1711717562000,,65f4625d000000000d00eaf0,！机智 我找了十五分钟实在没找着,557182038a75e160c40e1ba6,想做水母,https://sns-avatar-qc.xhscdn.com/avatar/557182038a75e160c40e1ba6.jpg?imageView2/2/w/120/format/jpg,0,,0,1770832389581,1
673cb6ff000000001a02592f,1732032256000,,65f4625d000000000d00eaf0,好人啊 我找了好久还是没找到[飞吻R] 总算换掉了，比心,61ef3b3b0000000010005722,kerokero,https://sns-avatar-qc.xhscdn.com/avatar/1040g2jo31kp0au8m3q505off7ctk0lp2t1tnr98?imageView2/2/w/120/format/jpg,0,,0,1770832389583,0
6625c41f000000001c037259,1713751072000,,65f4625d000000000d00eaf0,感谢分享，找了老半天找不着，百度都不如你[大笑R],604c1d7e0000000001007518,Jowaiting,https://sns-avatar-qc.xhscdn.com/avatar/641b044006530a7ba12d7621.jpg?imageView2/2/w/120/format/jpg,0,,0,1770832389585,2
6629ba96000000001603b415,1714010775000,,65f4625d000000000d00eaf0,兑换影视劵之后怎么使用啊，找不到啊[哭惹R][哭惹R],64c7d645000000000b005ebd,大口干饭人,https://sns-avatar-qc.xhscdn.com/avatar/1040g2jo311mn6jr3ni005p67qp2ionlt1b0mfn0?imageView2/2/w/120/format/jpg,1,,0,1770832389588,0
687c350f000000000900dba3,1752970511000,四川,67fdb146000000001c01fece,稀撇，还不自动积分，明显就是不想给实惠,56586b574476086ebb84e6ad,丹丹,https://sns-avatar-qc.xhscdn.com/avatar/5fff101882ab61daed85c56b.jpg?imageView2/2/w/120/format/jpg,0,,0,1770832393847,0
676e6eed0000000010018d13,1735290606000,,66ecf222000000000c01b049,@茄子奶酪_,5d24650e0000000012012f62,HalaMadrid,https://sns-avatar-qc.xhscdn.com/avatar/1040g2jo31kr3g1q13q005n94ck74ibr2ji4ml90?imageView2/2/w/120/format/jpg,0,,0,1770832398057,1
67dd6b97000000001e00dcca,1742564247000,浙江,67dd6b6d0000000006038d87,点个关注不迷路❤️，还有其他活动推送,61fd4bf1000000000201fb49,momo(薅羊毛版),https://sns-avatar-qc.xhscdn.com/avatar/1040g2jo30r2cqgvr1m005oft9fogjuq9838rju0?imageView2/2/w/120/format/jpg,2,,0,1770832402305,0
67dd6e6a000000001e03aec7,1742564970000,广东,67dd6b6d0000000006038d87,转账理财基金都不限金额嘛,5f6727850000000001008478,Xn,https://sns-avatar-qc.xhscdn.com/avatar/1040g2jo3135lnbimne005nr74u2g913o1v1d26o?imageView2/2/w/120/format/jpg,1,,0,1770832402310,1
67dec56d0000000020013be1,1742652782000,四川,67dd6b6d0000000006038d87,基金和理财可以无损退吗[doge],5e47f27a00000000010004bc,嘻嘻小🐶,https://sns-avatar-qc.xhscdn.com/avatar/5e5a5fa24a958f0001bcb40b.jpg?imageView2/2/w/120/format/jpg,1,,0,1770832402312,0
67f75c6b00000000200106ad,1744264300000,江西,67dd6b6d0000000006038d87,我买了理财和基金，但绿色能量没到账，各买四次，只有一次到账，博主是为什么啊[哭惹R][哭惹R][哭惹R],6728bd59000000001c01af62,小红薯6729890A,https://sns-avatar-qc.xhscdn.com/avatar/645b7f8f2a34639eb26eb1cd.jpg?imageView2/2/w/120/format/jpg,0,http://sns-webpic-qc.xhscdn.com/202602120153/93e5e05204d8a08b91aa2e5b914efb0d/comment/1040g2h031g388re3ge605pp8nlcn3br22gbhucg!nd_whgt34_webp_wm_1,0,1770832402315,0
67edfe31000000001e038f97,1743650354000,江苏,67dd6b6d0000000006038d87,积分有啥用,60f14397000000000100b220,momo,https://sns-avatar-qc.xhscdn.com/avatar/1040g2jo31dtkpq2cgs6g5o7h8ebg9ch0lfjmak8?imageView2/2/w/120/format/jpg,0,,0,1770832402319,0
67e60ef4000000001f00253f,1743130357000,广东,67dd6b6d0000000006038d87,50-10是25000积分不,5acdc73d11be101ef74aed30,可乐,https://sns-avatar-qc.xhscdn.com/avatar/1000g2jo2iqesudej406g4a4ep83jrr9gn7qsf0o?imageView2/2/w/120/format/jpg,0,,0,1770832402321,0
6807a149000000000400f06c,1745330505000,天津,61de8a470000000021035311,那目前传统车企需要生产新能源车对冲负积分么？,655fee73000000001103dfba,记忆。,https://sns-avatar-qc.xhscdn.com/avatar/1040g2jo31p5qg7m72g6g5pavtppkfntqshqlpho?imageView2/2/w/120/format/jpg,0,,0,1770832406521,0
68086c170000000012010bc2,1745382424000,江苏,680868ca0000000009015bfb,兴冲冲的点开[失望R]发现自己没打开过碳积分页面,59d390196eea88572659511b,烨离,https://sns-avatar-qc.xhscdn.com/avatar/1040g2jo31j5fu909340049s20g81ik8r8pism58?imageView2/2/w/120/format/jpg,7,http://sns-webpic-qc.xhscdn.com/202602120153/d334a0a597ccc685eef2b7ba5d966f74/comment/1040g2h031gjte2ha3i0g49s20g81ik8r2gcs5pg!nd_whgt34_webp_wm_1,0,1770832410785,1
685158d00000000004017586,1750161616000,江苏,680868ca0000000009015bfb,"我想问一下，630,000你是做了几次地铁才有的",5d7471c1000000000100355b,粥粥🥣,https://sns-avatar-qc.xhscdn.com/avatar/1040g2jo31rl633sq32005nbke70g8dart9g29u0?imageView2/2/w/120/format/jpg,1,,0,1770832410788,0
68c75f68000000000b0163ab,1757896553000,江苏,680868ca0000000009015bfb,请问用公交卡坐车，也有积分吗？,645ccefa000000001401118f,ABC露白的狒狒,https://sns-avatar-qc.xhscdn.com/avatar/1040g2jo31e7o3vdcgk605p2sprt524cfn15ttn8?imageView2/2/w/120/format/jpg,0,,0,1770832410790,0
68ec7c990000000039020e43,1760328857000,江苏,6818bedd000000002202b865,回收,5cd2eee100000000100330fe,缪菜铲屎官,https://sns-avatar-qc.xhscdn.com/avatar/1040g2jo31meljflo4s005n6itrgk6c7ugh03auo?imageView2/2/w/120/format/jpg,1,,0,1770832415065,1
68e89a2e0000000033024f33,1760074286000,江苏,6818bedd000000002202b865,回收,5bd2a7efa3b4080001916686,梦想是后空翻,https://sns-avatar-qc.xhscdn.com/avatar/1040g2jo31kaup84fj2004bkbf3juupk698rglb8?imageView2/2/w/120/format/jpg,1,,0,1770832415067,0
698c3a87000000000903682a,1770797703000,江苏,6818bedd000000002202b865,怎么联系,61cafec0000000001000bdbf,月下追梦,https://sns-avatar-qc.xhscdn.com/avatar/1000g2jo2poj0dqujs06g5oeavr041fdv6tn2cho?imageView2/2/w/120/format/jpg,0,,0,1770832415068,0
69294a79000000001601cf33,1764313722000,江苏,6818bedd000000002202b865,回收,66211cb50000000003030199,时尚滢,https://sns-avatar-qc.xhscdn.com/avatar/1040g2jo31dg3cp2ngu605ph13iqgu0cp45v11l8?imageView2/2/w/120/format/jpg,0,,0,1770832415073,1
686cd160000000000901578d,1751961953000,江苏,6818bedd000000002202b865,回收,5aa3f2b14eacab5114eb4621,海盐焙红薯,https://sns-avatar-qc.xhscdn.com/avatar/6201f15ffb0ad88887f076f2.jpg?imageView2/2/w/120/format/jpg,1,,0,1770832415075,0
6966403a0000000018021b0f,1768308794000,江苏,6818bedd000000002202b865,回收,5c3968a2000000000700150d,小红薯5C39E74C,https://sns-avatar-qc.xhscdn.com/avatar/64001b68b4f96d52007c147c.jpg?imageView2/2/w/120/format/jpg,0,,0,1770832415079,0
697ee1fe0000000009037b6d,1769923071000,江苏,6818bedd000000002202b865,旧衣服如何回收，均购于商城,5bb91ce62a88b400015c131c,小水滴,https://sns-avatar-qc.xhscdn.com/avatar/601e293d7dedc51540569969.jpg?imageView2/2/w/120/format/jpg,0,,0,1770832415082,0
694416d5000000001602153a,1766069974000,江苏,6818bedd000000002202b865,纸壳子有人上门回收吗？,622a01310000000021027b8d,爱你老己99,https://sns-avatar-qc.xhscdn.com/avatar/1040g2jo31gvig72tju005oha04oocusdr2kmta0?imageView2/2/w/120/format/jpg,0,,0,1770832415084,2
693b734d000000001502fef8,1765503822000,江苏,6818bedd000000002202b865,回收,5db80d1b0000000001008c7f,兔子不吃辣,https://sns-avatar-qc.xhscdn.com/avatar/1040g2jo31ae5l40smq5g5ndo1kdg933vsi4pj10?imageView2/2/w/120/format/jpg,0,,0,1770832415089,0
69788fa6000000000f01f235,1769508774000,江苏,6818bedd000000002202b865,回收,60927d36000000000100862a,抱不动的小曹,https://sns-avatar-qc.xhscdn.com/avatar/1040g2jo31g7h5ncg20e05o4ifkr091ha66cfgr0?imageView2/2/w/120/format/jpg,0,,0,1770832415091,0
695bae0f000000000f00e88b,1767616016000,浙江,695babcd000000002103f258,没有,5bd7ab67c7560700012f8c9f,新时代的炫哥,https://sns-avatar-qc.xhscdn.com/avatar/5bf2131c150d980001ab7c39.jpg?imageView2/2/w/120/format/jpg,2,,0,1770832419333,2
695e56a50000000016026233,1767790245000,江苏,695babcd000000002103f258,7块交了20电费[赞R],5db3d8cc0000000001005d64,VVVIIIff,https://sns-avatar-qc.xhscdn.com/avatar/1040g2jo316s4d3gj466g5ndjr3608nb4fdsl2q0?imageView2/2/w/120/format/jpg,3,,0,1770832419336,0
69870f0c000000000f01c724,1770458893000,江苏,695babcd000000002103f258,上个月有两万积分，这个月没有是怎么回事[哭惹R][哭惹R],5b6828b6316ccf00016fe586,波萝包,https://sns-avatar-qc.xhscdn.com/avatar/6097f2da5dbaf327f53496f9.jpg?imageView2/2/w/120/format/jpg,3,,0,1770832419338,0
695bd84f000000001403df9f,1767626832000,江苏,695babcd000000002103f258,2万的积分[偷笑R],55a735d93397db566c3ab283,小六,https://sns-avatar-qc.xhscdn.com/avatar/62ef7b4b873b0981e8010615.jpg?imageView2/2/w/120/format/jpg,0,,0,1770832419340,0
695d2bf8000000001803bc2b,1767713785000,湖北,695babcd000000002103f258,湖北没有,5d208192000000001203a310,师云,https://sns-avatar-qc.xhscdn.com/avatar/0dd6f7e91ce0bea602fbc47515b7c72f.jpg?imageView2/2/w/120/format/jpg,0,,0,1770832419343,0
695be41b000000000e035669,1767629851000,浙江,695babcd000000002103f258,浙江没有,59e7149f11be101ed06d1138,去吧皮卡丘噢耶,https://sns-avatar-qc.xhscdn.com/avatar/1040g2jo31llhi0mr4s0049ukvia9u49o284ivn8?imageView2/2/w/120/format/jpg,0,,0,1770832419345,1
695bc449000000000f0192f0,1767621705000,福建,695babcd000000002103f258,福建没有[捂脸R],6449c419000000000f005008,默懂,https://sns-avatar-qc.xhscdn.com/avatar/659e58b63f567dbb86a47903.jpg?imageView2/2/w/120/format/jpg,0,,0,1770832419350,0
695bdfa8000000001601cb5e,1767628713000,江苏,695babcd000000002103f258,小黑子来了,5b9d3757f110cc00012815a7,嘛一嘎,https://sns-avatar-qc.xhscdn.com/avatar/5b9d3b904f652e0001309120.jpg?imageView2/2/w/120/format/jpg,2,http://sns-webpic-qc.xhscdn.com/202602120153/d9badfebee4d4dcf55aefce7097330f6/comment/1040g2h031qvd9gbu7u6g4b0g48rle5d7rp821bo!nd_whgt34_webp_wm_1,0,1770832419353,0
68b81fb1000000000b02b72c,1756897201000,山西,686f6b54000000002400c23f,开发一个多少米,67b54928000000000700294b,云中月,https://sns-avatar-qc.xhscdn.com/avatar/1040g2jo31fa14h33669g5ptl94k1oaab5s7fcso?imageView2/2/w/120/format/jpg,0,,0,1770832427748,0
694fef4c000000001502c13f,1766846284000,山东,69206aa3000000001d0388c6,你好可以帮写吗,5b91a8e1df1f9e00011b3afa,文悦,https://sns-avatar-qc.xhscdn.com/avatar/6162d603bd86896cad000bc5.jpg?imageView2/2/w/120/format/jpg,1,,0,1770832431984,0
693ae49c0000000038011a22,1765467293000,山东,69206aa3000000001d0388c6,帮写吗,60361243000000000100aeee,聆听秋声,https://sns-avatar-qc.xhscdn.com/avatar/1040g2jo317q1i1vg464g5o1m291g9bnenmhqk50?imageView2/2/w/120/format/jpg,1,,0,1770832431986,0
6946c678000000003900b603,1766246009000,山东,69206aa3000000001d0388c6,帮写吗,65294e8d0000000002010087,ding,https://sns-avatar-qc.xhscdn.com/avatar/1040g2jo31kh3dabaj0605p999q6gi047lkcr3lo?imageView2/2/w/120/format/jpg,0,,0,1770832431988,1
69627190000000000e0356e7,1768059280000,山东,69206aa3000000001d0388c6,参加复赛就能获奖吗？,5f899637000000000100920f,上,https://sns-avatar-qc.xhscdn.com/avatar/63c7cfd7649d2902894f9a51.jpg?imageView2/2/w/120/format/jpg,0,,0,1770832431991,0
6880293f0000000009014ed4,1753229632000,江苏,66c7105a000000001d03a1db,碳积分兑换的计次票可以从苏州进站无感换乘到上海11号线出站吗？,563db905a40e1865b250514c,秋香,https://sns-avatar-qc.xhscdn.com/avatar/166ad12ae9a7f6fbb4bbbf88d417895f.jpg?imageView2/2/w/120/format/jpg,1,,0,1770832436215,0
66c74808000000000b00e99d,1724336137000,,66c7105a000000001d03a1db,只有苏州吗,5f102f290000000001005f8a,日富一日,https://sns-avatar-qc.xhscdn.com/avatar/5f102f290000000001005f8a.jpg?imageView2/2/w/120/format/jpg,1,,0,1770832436217,0
66c747eb000000000b00d9a0,1724336108000,,66c7105a000000001d03a1db,真的嘛,5f102f290000000001005f8a,日富一日,https://sns-avatar-qc.xhscdn.com/avatar/5f102f290000000001005f8a.jpg?imageView2/2/w/120/format/jpg,1,,0,1770832436220,0
69453e330000000038027f04,1766145587000,福建,69453751000000001e031fe2,"3【全文复制→开启🍠】 1月16日前进入，""大学生交流群""一起来聊 MU2351 :/#k😉🥕🍟🍖😄🍰🐔🐡🍔🐤🥝😙",61a9e789000000001000f25d,缓慢,https://sns-avatar-qc.xhscdn.com/avatar/1040g2jo31sed8qgtm86g5od9su4k1sitcgk5ffg?imageView2/2/w/120/format/jpg,0,,0,1770832444621,1
63f81523000000001900c4b2,1677202723000,,63f809c7000000001303f94c,苏e行地铁有没有优惠啊,571f422c4775a709117fd917,雪莉玫的小熊,https://sns-avatar-qc.xhscdn.com/avatar/1040g2jo30vplkfpjls0048avok12pm8nlmf2uio?imageView2/2/w/120/format/jpg,13,,0,1770832448834,0
63f83400000000001902bd39,1677210624000,,63f809c7000000001303f94c,我现在才2万，25万要多久呀[哭惹R],581d1d555e87e765331bb4bb,___再给我陈一碗饭🖖,https://sns-avatar-qc.xhscdn.com/avatar/1040g2jo31kn2gf88340048qrfqelbd5rlo9c4ao?imageView2/2/w/120/format/jpg,5,,0,1770832448837,0
63f8a031000000000700eaac,1677238321000,,63f809c7000000001303f94c,没找到在哪里换[哭惹R]只找到了我有多少这个积分,5b59c6d511be10524113c42e,柒,https://sns-avatar-qc.xhscdn.com/avatar/63f1a42f1a5c041f3a67cc83.jpg?imageView2/2/w/120/format/jpg,4,,0,1770832448841,0
63f80ca30000000016034065,1677200547000,,63f809c7000000001303f94c,这样的吗，看来每次用nfc刷亏了[笑哭R],5aec63366b58b7171be0825e,赤豆小圆子,https://sns-avatar-qc.xhscdn.com/avatar/1040g2jo31mrckeecl2004a5222hjd0iu71t0vag?imageView2/2/w/120/format/jpg,3,,0,1770832448844,1
63f83107000000001a0060e3,1677209863000,,63f809c7000000001303f94c,坐了一年地铁了，亏了亏了，今天开始攒,55d5ef79f5a2631b481b4432,我们要开心,https://sns-avatar-qc.xhscdn.com/avatar/1040g2jo31qv1b1ul7u00414b0rnnih1it9pc5l8?imageView2/2/w/120/format/jpg,3,,0,1770832448847,0
63f9c903000000001900ff55,1677314307000,,63f809c7000000001303f94c,亏了[笑哭R]一直没开通[笑哭R],627f93b80000000010009803,浮白,https://sns-avatar-qc.xhscdn.com/avatar/1040g2jo31e5f4ve2106g5ojvies41603mmtmv2g?imageView2/2/w/120/format/jpg,2,,0,1770832448849,1
647ff91d000000001603e068,1686108445000,,63f809c7000000001303f94c,碳积分今年的都保留到明年兑换可以的不,5fc2ff8c0000000001004296,蚂蚁爬爬树,https://sns-avatar-qc.xhscdn.com/avatar/1040g2jo30vir0q19lo605nu2vu608gkmu7q1ulo?imageView2/2/w/120/format/jpg,2,,0,1770832448851,0
63f857a3000000001802c17f,1677219747000,,63f809c7000000001303f94c,我没开通[哭惹R][哭惹R][哭惹R],574251275e87e717c82500a2,AOE,https://sns-avatar-qc.xhscdn.com/avatar/602a396b816ab524fa531c1c.jpg?imageView2/2/w/120/format/jpg,2,,0,1770832448854,0
63f8f18d00000000070222f1,1677259149000,,63f809c7000000001303f94c,兴冲冲打开，发现我没开通[微笑R],5a9838ece8ac2b4d5e71ffcc,Cello,https://sns-avatar-qc.xhscdn.com/avatar/5a9839a314de4171c053542e.jpg?imageView2/2/w/120/format/jpg,1,,0,1770832448857,0
63f8dc5b000000001603a426,1677253723000,,63f809c7000000001303f94c,太好了，终于有用了[偷笑R]每天1804*2,5cef3c98000000001101198b,momo不momo,https://sns-avatar-qc.xhscdn.com/avatar/1040g2jo31s6dnpngl8005n7f7ic4a6cbq1s0cq0?imageView2/2/w/120/format/jpg,1,,0,1770832448859,0
6657dc94000000000e0323ab,1717034134000,,663f2fe9000000001e0204ae,等我快够888的时候，他又涨了的，服了,5ca6056a000000001600a39f,小A爱买买买,https://sns-avatar-qc.xhscdn.com/avatar/c94b2589011be6d87bfbbbf21db9e2a0.jpg?imageView2/2/w/120/format/jpg,9,http://sns-webpic-qc.xhscdn.com/202602120154/67e601b8a64d215abf1cc3d2241e6d27/comment/1040g2h0313dftfp43k005n560ll5h8svvs7i838!nd_whgt34_webp_wm_1,0,1770832453114,0
664195390000000009001b5e,1715574074000,,663f2fe9000000001e0204ae,涨价了，688➡️888,6514e1880000000024015016,小红薯6515DDAD,https://sns-avatar-qc.xhscdn.com/avatar/645b7e17e29f7d0acadad89f.jpg?imageView2/2/w/120/format/jpg,5,,0,1770832453117,5
6674aefa00000000230067e0,1718923002000,,663f2fe9000000001e0204ae,这是什么小程序吗？,615d5aea000000000202131d,🌈坠落,https://sns-avatar-qc.xhscdn.com/avatar/1040g2jo31psfnmcn546g5oatbbl0k4otveiev5g?imageView2/2/w/120/format/jpg,2,,0,1770832453120,0
665b41ea000000001b007adc,1717256682000,,663f2fe9000000001e0204ae,我都干脆不换了 真的是眼睁睁看着从688一路涨上来的[笑哭R],5a9b7835e8ac2b56bbc7379a,momo,https://sns-avatar-qc.xhscdn.com/avatar/6418340ab97449cd449a68fc.jpg?imageView2/2/w/120/format/jpg,1,,0,1770832453123,1
6660f63f000000001c024236,1717630527000,,663f2fe9000000001e0204ae,这个低碳会员在哪找呀？,635256d5000000001802f2db,momo,https://sns-avatar-qc.xhscdn.com/avatar/1040g2jo319htrqmq7g5g5oqiaram5smr8g7u3jo?imageView2/2/w/120/format/jpg,0,,0,1770832453125,0
6646987d000000000200130a,1715902590000,,663f2fe9000000001e0204ae,在哪里啊,5bf0ee31b19efc0001c46831,离离离,https://sns-avatar-qc.xhscdn.com/avatar/1000g2jo2k036ntiiu06g4brml6n32q1ht860mhg?imageView2/2/w/120/format/jpg,0,,0,1770832453128,0
67e4b834000000001e022f11,1743042613000,山东,66484d7e0000000015012b15,三个月了，一直在靠步数[哭惹R][哭惹R][哭惹R]今天才知道要打开驾驶,5672c1efb8c8b463feb15e75,Tiffany,https://sns-avatar-qc.xhscdn.com/avatar/1040g2jo31o3mqt5g585044da2r0uunjl01kt0ag?imageView2/2/w/120/format/jpg,1,,0,1770832461538,3
66489de6000000001c00dead,1716035047000,,66484d7e0000000015012b15,说下车辆定位吧,5872601550c4b44594646187,蕾贝卡,https://sns-avatar-qc.xhscdn.com/avatar/1040g2jo31rg4n156ng00491836g1aoc72doh608?imageView2/2/w/120/format/jpg,1,,0,1770832461541,0
67f9a4c400000000120038b5,1744413892000,江苏,66484d7e0000000015012b15,步行为什么每天都要手动同步微信步数？,5fa68f59000000000100acf6,Zing,https://sns-avatar-qc.xhscdn.com/avatar/1040g2jo31a110te97a6g5nt6htcg9b7m3m1b80g?imageView2/2/w/120/format/jpg,0,,0,1770832461544,1
667218b0000000001500b314,1718753457000,,66484d7e0000000015012b15,白瞎了我这几天的签到，都没打开车辆,551b7dd6a46e9617e2c2815d,多米米的小姨姨～,https://sns-avatar-qc.xhscdn.com/avatar/1040g2jo312shsnqqk00g40be40utd0atjt3cito?imageView2/2/w/120/format/jpg,0,,0,1770832461547,1
68da4156000000003801730b,1759134038000,北京,66484d7e0000000015012b15,打开了显示同步成功，可是回来步数还是 0[笑哭R],5fc0a84b0000000001000967,daliya,https://sns-avatar-qc.xhscdn.com/avatar/1040g2jo30pqfb30un0605nu0l15g82b7bq5gmn8?imageView2/2/w/120/format/jpg,0,,0,1770832461549,0
668b474a000000002300c9f7,1720403787000,,66484d7e0000000015012b15,我服了,5d8e32dd000000000100a95a,XX.XX,https://sns-avatar-qc.xhscdn.com/avatar/1040g2jo31ijggks6nm6g5nce6beg9aaq0mc3fao?imageView2/2/w/120/format/jpg,0,,0,1770832461552,1
6876f5c1000000001e01d4bc,1752626626000,天津,66484d7e0000000015012b15,我的app没有步数是为什么？没有靴子的图标了,62541c710000000021024fef,世界不是你所想,https://sns-avatar-qc.xhscdn.com/avatar/1040g2jo3161n85hlio005oik3hoocjvfo1tunug?imageView2/2/w/120/format/jpg,0,,0,1770832461555,0
67098f160000000020027e75,1728679703000,,66484d7e0000000015012b15,没有车辆,56eb987faed7582bf287f7af,Shero薇薇,https://sns-avatar-qc.xhscdn.com/avatar/642adfd4aab651ae65a84101.jpg?imageView2/2/w/120/format/jpg,0,,0,1770832461558,0
67b6942b000000001b03d21e,1740018732000,,66484d7e0000000015012b15,车一直是无 咋回事？,562cafd703eb8406706fa833,七七0329,https://sns-avatar-qc.xhscdn.com/avatar/1040g2jo31ind0i83gs0041qkhbntfa1jpicnbg0?imageView2/2/w/120/format/jpg,0,,0,1770832461561,0
68aed53c000000003002a692,1756288316000,上海,689c6561000000001b033e10,请问如何换绑实名手机号，我换手机号了数字人民币兑换说实名不让绑定,6001267f0000000001003011,栎.,https://sns-avatar-qc.xhscdn.com/avatar/1000g2jo2hni88jaj206g5o014pvg8c0hnaadv58?imageView2/2/w/120/format/jpg,0,,0,1770832465791,0
6902c5f20000000039020d51,1761789426000,上海,689c6561000000001b033e10,为什么兑换失败 发卷不成功,608d626e000000000100810c,惜真i,https://sns-avatar-qc.xhscdn.com/avatar/1040g2jo30n1deau85e005o4dc9n0908cam8i5po?imageView2/2/w/120/format/jpg,0,,0,1770832465794,0
689c66ef000000003002d430,1755080431000,浙江,689c6561000000001b033e10,[点赞R]学到了,656de932000000003d0290d6,momo,https://sns-avatar-qc.xhscdn.com/avatar/1040g2jo31mp8tr4hli005pbdt4pfd46ms831re8?imageView2/2/w/120/format/jpg,0,,0,1770832465796,1
698b3d1b000000000c0095c2,1770732828000,北京,697eed92000000000903bebd,没15万亿吧？,6918fef90000000032024471,减肥ing,https://sns-avatar-qc.xhscdn.com/avatar/1040g2jo31p5tngkh2o605q8ovrsskh3hf38gfn8?imageView2/2/w/120/format/jpg,1,,0,1770832469999,1
698ae8440000000006009223,1770711108000,广东,697eed92000000000903bebd,大家下一期想了解哪一个世界500强企业？评论区告诉我[飞吻R],5f0c24770000000001004f39,渔野笑歌,https://sns-avatar-qc.xhscdn.com/avatar/646ebf03b2e362883384ba10.jpg?imageView2/2/w/120/format/jpg,0,,0,1770832470001,1
698aeba1000000000f00ca1d,1770711969000,湖南,697eed92000000000903bebd,"兴业银行总资产超150,000亿？现在网络这么发达，去网上搜一下数据不行？",6560b7cb000000000202a7a3,书局客,https://sns-avatar-qc.xhscdn.com/avatar/1040g2jo31s7ovu7ilk605pb0mv5gl9t3b1m3q8g?imageView2/2/w/120/format/jpg,0,,0,1770832470004,0
64299b470000000015011832,1680448327000,,642548240000000013003231,预测作文会这题材么？,57dcc99b5e87e70c08977fc2,小仙女胖胖,https://sns-avatar-qc.xhscdn.com/avatar/1040g2jo31rkios69ia0048mpjd4pmvu2pr9sabg?imageView2/2/w/120/format/jpg,1,,0,1770832520841,1
64302acf000000001500c646,1680878287000,,642548240000000013003231,求这本书,5890613f6a6a696890528a9d,一只凉凉子,https://sns-avatar-qc.xhscdn.com/avatar/1040g2jo319drhkmk62004937jagjv2kt2m54940?imageView2/2/w/120/format/jpg,1,,0,1770832520843,0
6425a5f800000000170063d3,1680188920000,,642548240000000013003231,作文怎样办：,6158fbfb000000000201be5d,小红薯61590D02,https://sns-avatar-qc.xhscdn.com/avatar/cd255d0e201935e0d852bd371f18c198.jpg?imageView2/2/w/120/format/jpg,1,,0,1770832520846,0
65e9cbfb000000000403459f,1709820923000,,6460c7fc0000000013031e88,求源文件,610b9282000000000101e8e1,GaoGao,https://sns-avatar-qc.xhscdn.com/avatar/1040g2jo31e2qotu9gm6g5o8bia10bq713i897eo?imageView2/2/w/120/format/jpg,2,,0,1770832525136,0
6460f06e000000001a012443,1684074606000,,6460c7fc0000000013031e88,用什么做的呀,5e9a6eaa0000000001008ba2,虾仁🍤不眨眼,https://sns-avatar-qc.xhscdn.com/avatar/1040g2jo31k2t1cr8j0005nkqdql092t2o9qqa90?imageView2/2/w/120/format/jpg,0,,0,1770832525139,0
65d85530000000000503b150,1708676400000,,6460c7fc0000000013031e88,求源文件,6465b4c60000000025034d90,stay_,https://sns-avatar-qc.xhscdn.com/avatar/6465b72880abdcddd7cd326e.jpg?imageView2/2/w/120/format/jpg,0,,0,1770832525141,0
648826270000000018005993,1686644263000,,6460c7fc0000000013031e88,求源文件,5d2acbd400000000100394f9,顾北,https://sns-avatar-qc.xhscdn.com/avatar/5d2ace9e05e11a0001c7cddd.jpg?imageView2/2/w/120/format/jpg,0,,0,1770832525143,0
66efad11000000002400492f,1726983441000,,6699c8dc0000000025017006,[集美R][集美R][集美R][集美R][集美R],6545eedb000000000400ba5f,唯祎.,https://sns-avatar-qc.xhscdn.com/avatar/1040g2jo31s39ptck685g5pa5trdh1eivqdnpn78?imageView2/2/w/120/format/jpg,1,,0,1770832529390,0
676395360000000012009420,1734579510000,,6699c8dc0000000025017006,可以发个原图嘛[害羞R]不商,6218cf44000000001000b562,Shizi,https://sns-avatar-qc.xhscdn.com/avatar/1040g2jo31s883fkmm25g5ogopt241db2o9rs5ig?imageView2/2/w/120/format/jpg,0,,0,1770832529392,0
67ca43c8000000001802f14f,1741308872000,河北,6699c8dc0000000025017006,回收的塑料瓶等活动能换算出抵消多少碳排放吗？,5bfbe6a1edf09e00015233f7,单眼皮,https://sns-avatar-qc.xhscdn.com/avatar/5bfbe6a1edf09e00015233f7.jpg?imageView2/2/w/120/format/jpg,0,,0,1770832529395,0
676e9679000000000e00fbcf,1735300730000,,6699c8dc0000000025017006,求分享绿色低碳文明海报，总数第二张，已三连,5c1f045c00000000050148a1,95君,https://sns-avatar-qc.xhscdn.com/avatar/1040g2jo31p6ms4sbjc005n0v0he1ai51psm52pg?imageView2/2/w/120/format/jpg,0,,0,1770832529398,0
68fc4d4c0000000033021a36,1761365325000,广西,6699c8dc0000000025017006,想要源文件素材可以嘛[哭惹R],612b41f2000000000100a68b,橘络,https://sns-avatar-qc.xhscdn.com/avatar/1040g2jo30okp0jed26dg5o9b87p099kb26buo70?imageView2/2/w/120/format/jpg,0,,0,1770832529401,0
672203cb000000001702df08,1730282443000,,6699c8dc0000000025017006,礼貌拿图,5e26fd4700000000010036e6,小红薯5E270C20,https://sns-avatar-qc.xhscdn.com/avatar/1040g2jo30rvkm8vr2i0g5nh6vl3g8dn68e7m34o?imageView2/2/w/120/format/jpg,0,,0,1770832529404,0
682ad2910000000008026232,1747636881000,四川,6699c8dc0000000025017006,礼貌拿图[害羞R],6543120e000000000301ca29,Y..,https://sns-avatar-qc.xhscdn.com/avatar/1040g2jo31qjhp97p0a705pa32870rih9gm62s7g?imageView2/2/w/120/format/jpg,0,,0,1770832529406,0
684fd8370000000004015e31,1750063159000,江西,6699c8dc0000000025017006,有人喜欢第四张吗,611f6cfa0000000001016cd2,蛋挞.,https://sns-avatar-qc.xhscdn.com/avatar/1040g2jo31e9be7dc0u005o8vdjt0ar6ihjlpj10?imageView2/2/w/120/format/jpg,0,,0,1770832529410,0
6981dc63000000000b0350aa,1770118244000,安徽,68cad77000000000130345c5,不要标题吗,5c1095560000000006030419,肉丝火腿肠炒面,https://sns-avatar-qc.xhscdn.com/avatar/1040g2jo30no8ongq7i2g4bv0khalc10ph2u6588?imageView2/2/w/120/format/jpg,1,,0,1770832533614,0
697a237f00000000060328bd,1769612160000,安徽,68cad77000000000130345c5,你好 请问什么时候做法和成效需要分开作答？什么时候是可以合在一起写的呢？,60ff745100000000010061ff,不喝可乐,https://sns-avatar-qc.xhscdn.com/avatar/1040g2jo31r5qbmta0m005o7veh8g8ofvlii9lq8?imageView2/2/w/120/format/jpg,1,,0,1770832533617,0
68cd4690000000000b02ca1e,1758283409000,安徽,68cad77000000000130345c5,今年b类真的奇奇怪怪[笑哭R]在考场上难受死了,606bc8690000000001007c89,琅然Rachel,https://sns-avatar-qc.xhscdn.com/avatar/1040g2jo30ve31s4464005o3bp1kg8v492kcdfso?imageView2/2/w/120/format/jpg,1,,0,1770832533619,1
697c65bd0000000018020f58,1769760190000,安徽,68cad77000000000130345c5,太牛了,668e40ee000000000f0355b0,🍀,https://sns-avatar-qc.xhscdn.com/avatar/1040g2jo31rotipcs2a6g5pke83n3uldgsgmefoo?imageView2/2/w/120/format/jpg,0,,0,1770832533622,0
68cd2618000000003000c0ac,1758275097000,安徽,68cad77000000000130345c5,开班吗[笑哭R],6236e9060000000002020ca0,黄昏,https://sns-avatar-qc.xhscdn.com/avatar/1040g2jo31regq6icgm0g5ohmt430k350bl5fr98?imageView2/2/w/120/format/jpg,1,,0,1770832533624,0
68cd1414000000003001c7a8,1758270485000,安徽,68cad77000000000130345c5,"7【全选复制，xiaohongshu等你归来】 10月17日前可入，""稳渡上岸群""趣味空间 CA1842 :/#i🍩😁🐭😘🍅🐻🐮🐹🍣🐹🍣😂",67b82a7e000000000e01ed18,江舟稳渡💦,https://sns-avatar-qc.xhscdn.com/avatar/1040g2jo31hlhmn0ljq4g5pto59v3jr8opgnhtdg?imageView2/2/w/120/format/jpg,0,,0,1770832533627,0
694fe54a0000000018038d55,1766843722000,黑龙江,694fd494000000001d03f028,问一下在开封站下车到万岁山有公交车吗,5fc73ca900000000010075e9,大海里的鯊鱼,https://sns-avatar-qc.xhscdn.com/avatar/1040g2jo31m8lsft16c005nu77ikg8tf98ppa4jo?imageView2/2/w/120/format/jpg,7,,0,1770832537921,3
694fda5c0000000014035dd0,1766840925000,河南,694fd494000000001d03f028,为啥公众号没见活动通知[笑哭R],649ce4c3000000001c029df3,我心依旧,https://sns-avatar-qc.xhscdn.com/avatar/1040g2jo31bkgk2esh2005p4ssj1n57fj9fq4usg?imageView2/2/w/120/format/jpg,2,,0,1770832537924,1
694ff78000000000180239ec,1766848384000,山东,694fd494000000001d03f028,最好贴个标识，不然上去不投币直接坐真的有点怕[害羞R],5af7c289e8ac2b7ac1604646,Rrzi,https://sns-avatar-qc.xhscdn.com/avatar/1040g2jo31misafb0mm6g4a59lf18ihi65ci2ap0?imageView2/2/w/120/format/jpg,2,,0,1770832537926,7
6950e34b00000000180396d0,1766908748000,山东,694fd494000000001d03f028,@Mallinarity. 哇塞[黄金薯R],667cebb60000000007005199,蘑菇炖小鸡,https://sns-avatar-qc.xhscdn.com/avatar/1040g2jo31s5skbvh5k005pjster1okcpngn8cro?imageView2/2/w/120/format/jpg,4,,0,1770832537928,0
694fe31e000000001403f6b6,1766843167000,河南,694fd494000000001d03f028,包括往县里跑的公交吗,5d1a0a9e000000001201bcc0,像木鱼一样呆,https://sns-avatar-qc.xhscdn.com/avatar/5d1a0a9e000000001201bcc0.jpg?imageView2/2/w/120/format/jpg,0,,0,1770832537931,0
694fe27c000000001601f933,1766843004000,河南,694fd494000000001d03f028,欢迎全国各地游客来开封游玩[飞吻R],63fd41f900000000140120bf,H-zs,https://sns-avatar-qc.xhscdn.com/avatar/1040g2jo31p45u4rkjc6g5ovt87sl285vm040ub0?imageView2/2/w/120/format/jpg,0,,0,1770832537934,3
695280ae000000001d01c74a,1767014575000,江西,694fd494000000001d03f028,所有公交都免费嘛,59af4a406a6a695c376ed6b5,源O,https://sns-avatar-qc.xhscdn.com/avatar/1040g2jo31kvabj71j40049pb30541lllkdgoh0g?imageView2/2/w/120/format/jpg,1,,0,1770832537936,0
6951419c000000001900271a,1766932893000,河南,694fd494000000001d03f028,30号到开封，具体有哪些线路啊,64b902ba00000000140381f4,好运常伴～,https://sns-avatar-qc.xhscdn.com/avatar/1040g2jo31psaq6oh4m605p5p0at570fk2vpjtso?imageView2/2/w/120/format/jpg,1,,0,1770832537938,0
6950fc33000000001403fa11,1766915124000,河南,694fd494000000001d03f028,29路9路也免费吗,6465dc4a00000000120344af,momo,https://sns-avatar-qc.xhscdn.com/avatar/1040g2jo31setvvbm5c6g5p35rh54mh5fn00luto?imageView2/2/w/120/format/jpg,1,,0,1770832537941,0
694fffa100000000190032dc,1766850465000,江苏,694fd494000000001d03f028,开封北到清明上河园有公交吗,6530fa4c000000002a01b738,美且財,https://sns-avatar-qc.xhscdn.com/avatar/645b65431e7abf18da7d1266.jpg?imageView2/2/w/120/format/jpg,1,,0,1770832537944,0
6971f5550000000008031055,1769076053000,山西,696f452b000000000d009088,绿色出行,58f0f04d5e87e70c4943333e,拉拉🌺,https://sns-avatar-qc.xhscdn.com/avatar/1040g2jo31ph2dogaig6g49d6eko4qcpuns55aa0?imageView2/2/w/120/format/jpg,2,,0,1770832542199,1
6971c59100000000060336f6,1769063826000,北京,696f452b000000000d009088,极狐是低碳生活的践行者,6100da40000000002002ec81,Mike Lee,https://sns-avatar-qc.xhscdn.com/avatar/1040g2jo30r8lqpf41a6g5o80r9085r41on19qs0?imageView2/2/w/120/format/jpg,2,,0,1770832542202,1
6970ca9b000000000f024d4f,1768999579000,广西,696f452b000000000d009088,通勤爱车吗！,6535e8bf0000000006007c45,小小小怪将军,https://sns-avatar-qc.xhscdn.com/avatar/645b802027c6616ef4dc0b4a.jpg?imageView2/2/w/120/format/jpg,2,,0,1770832542205,0
6971980b0000000018023db4,1769052172000,北京,696f452b000000000d009088,,6860a4b2000000001b023eda,momo,https://sns-avatar-qc.xhscdn.com/avatar/1040g2jo31rlu56pt2a005q30kip6sfmqpkh63l0?imageView2/2/w/120/format/jpg,2,http://sns-webpic-qc.xhscdn.com/202602120155/80bf2e205da72c339487764cf00e9457/comment/1040g4b831rkk1ojvim005q30kip6sfmqekh6670!nd_whlt34_webp_wm_1,0,1770832542207,0
69709898000000000b036aae,1768986776000,湖北,696f452b000000000d009088,加油[赞R],5bcd4affd5bfc500014c910d,偲宁,https://sns-avatar-qc.xhscdn.com/avatar/5f0311e5777d3e0001eb64f7.jpg?imageView2/2/w/120/format/jpg,2,,0,1770832542210,0
6977f5e1000000000f02f245,1769469409000,福建,696f452b000000000d009088,[doge],6977757c000000001d018c17,青灯有味～月下客,https://sns-avatar-qc.xhscdn.com/avatar/1040g2jo31rqckpr82m005qbnelu7b30n3aredig?imageView2/2/w/120/format/jpg,2,,0,1770832542214,0
6970b7aa0000000019003394,1768994731000,北京,696f452b000000000d009088,通勤党们值得入手,6970b6c700000000190378fc,小红薯6971DEE8,https://sns-avatar-qc.xhscdn.com/avatar/645b80521e6a57c3bdb8f301.jpg?imageView2/2/w/120/format/jpg,2,,0,1770832542217,0
696f900d000000000400187b,1768919053000,北京,696f452b000000000d009088,T1真好[微笑R][微笑R],6100da40000000002002ec81,Mike Lee,https://sns-avatar-qc.xhscdn.com/avatar/1040g2jo30r8lqpf41a6g5o80r9085r41on19qs0?imageView2/2/w/120/format/jpg,2,,0,1770832542220,0
69737242000000000603137e,1769173571000,北京,696f452b000000000d009088,呀,613a2a000000000002026aef,旺仔小喵,https://sns-avatar-qc.xhscdn.com/avatar/63fb5bc33fab1bec7c77c67c.jpg?imageView2/2/w/120/format/jpg,2,,0,1770832542222,0
6970b0d60000000004001bff,1768992983000,北京,696f452b000000000d009088,不错喔[偷笑R],647357910000000025035c31,孟菲,https://sns-avatar-qc.xhscdn.com/avatar/1040g2jo31o7o08c4kq505p3jau8pen1h72nltjg?imageView2/2/w/120/format/jpg,2,,0,1770832542225,0
65c5ab120000000008032ac1,1707453202000,,64421167000000001203e90c,[哭惹R][捂脸R],5c30a70b000000000703498a,恩恩麻麻,https://sns-avatar-qc.xhscdn.com/avatar/1040g2jo30nh73q8tn8005n1gks5huica76kqb9o?imageView2/2/w/120/format/jpg,0,,0,1770832546441,1
644241ba0000000014038ca0,1682063802000,,64421167000000001203e90c,[黄金薯R][黄金薯R][黄金薯R],5b951e4ec327a90001e9fd1e,三个可,https://sns-avatar-qc.xhscdn.com/avatar/1040g2jo31rpqms2n2a004at5vbf4tv8uh9qtg38?imageView2/2/w/120/format/jpg,0,,0,1770832546444,0
695b960e0000000016022b9a,1767609870000,广东,695b560d000000001a01d830,兴业什么卡怎么付才有优惠？,627f3ef9000000001501d348,pulse小白,https://sns-avatar-qc.xhscdn.com/avatar/411309441983cdc4ce073ff8da73b5b6.jpg?imageView2/2/w/120/format/jpg,2,,0,1770832550758,1
695b63d2000000001601e71a,1767597011000,陕西,695b560d000000001a01d830,仅限山西[哭惹R],5f7ca10600000000010083d0,momo,https://sns-avatar-qc.xhscdn.com/avatar/1040g2jo31okoos4k6m605nrsk43090ugkum4fa0?imageView2/2/w/120/format/jpg,2,http://sns-webpic-qc.xhscdn.com/202602120155/8a634d3679b2209545c3be9d8d850a20/comment/1040g2h031quott1kga605nrsk43090uglf04688!nd_whgt34_webp_wm_1,0,1770832550761,1
695bbf89000000000f00d7ee,1767620490000,浙江,695b560d000000001a01d830,499积点的没了吧？,59f20359e8ac2b553a7125f7,你是一个大聪明～,https://sns-avatar-qc.xhscdn.com/avatar/59f2035bd1d3b9179d23a3b9.jpg?imageView2/2/w/120/format/jpg,1,,0,1770832550763,1
697a94c4000000001803893c,1769641156000,天津,695b560d000000001a01d830,招行没有啊,60cb49b700000000010007e0,小红薯60CB5BC5,https://sns-avatar-qc.xhscdn.com/avatar/60cb49b700000000010007e0.jpg?imageView2/2/w/120/format/jpg,0,,0,1770832550765,0
695cdd33000000001d0246f6,1767693620000,广东,695b560d000000001a01d830,云闪付入口在哪啊,6485f507000000000f006dfc,XIN-Rong,https://sns-avatar-qc.xhscdn.com/avatar/d784fc20c996f3d2f39d034c404f234e.jpg?imageView2/2/w/120/format/jpg,0,,0,1770832550768,0
695cb80a0000000006018d19,1767684107000,上海,695b560d000000001a01d830,招行的怎么用,55f666ce62a60c4c9a449eec,momo,https://sns-avatar-qc.xhscdn.com/avatar/641d5462f662e21ffb0d213b.jpg?imageView2/2/w/120/format/jpg,0,,0,1770832550770,0
695f65bf000000001702c5fc,1767859647000,湖南,695b560d000000001a01d830,支付宝今年没有吗[捂脸R][捂脸R],60e6fb190000000001005b36,搞不懂,https://sns-avatar-qc.xhscdn.com/avatar/1040g2jo31876hlca3u6g5o76vccg8mpmk3m7aa8?imageView2/2/w/120/format/jpg,0,,0,1770832550772,0
695dc55d0000000009034be7,1767753054000,上海,695b560d000000001a01d830,惠省钱下拉怎么没有了,5709bdf11c07df126f975983,小奶奶牛🐮,https://sns-avatar-qc.xhscdn.com/avatar/63612f28c5ef253ce0a65a36.jpg?imageView2/2/w/120/format/jpg,0,,0,1770832550775,0
6965918c000000000600dbfd,1768264077000,四川,695b560d000000001a01d830,成都邮储工会卡早上8：08出站就没了！！！能领工会卡的人不都朝九晚五吗？,64dee1d8000000000200ccfc,初心,https://sns-avatar-qc.xhscdn.com/avatar/1040g2jo31lgs68um4s6g5p6us7c0hj7svf4rt7o?imageView2/2/w/120/format/jpg,0,,0,1770832550777,0
695caab800000000140346f7,1767680697000,四川,695b560d000000001a01d830,建行的要搞到多久啊,67066e6f000000001d021ce9,momo,https://sns-avatar-qc.xhscdn.com/avatar/1040g2jo31oa0jl2o52005po6dpnnc7790l0kbvg?imageView2/2/w/120/format/jpg,0,,0,1770832550780,0
69184fac0000000039032bb2,1763200940000,广东,683134bc000000002202a69d,礼拿！,5dda602a0000000001002484,北嘻嘻宸-,https://sns-avatar-qc.xhscdn.com/avatar/1040g2jo31sdpcc8858505neqc0l08944oco8c9g?imageView2/2/w/120/format/jpg,0,,0,1770832555021,0
694d17ce000000001802328e,1766660047000,广东,683134bc000000002202a69d,禮貌拿圖,60c0b60e000000000100ab0a,難訴,https://sns-avatar-qc.xhscdn.com/avatar/1040g2jo31kef2c0v2u605o60mo709aoa6thfg1g?imageView2/2/w/120/format/jpg,0,,0,1770832555023,0
69352dd3000000000601888e,1765092819000,河北,683134bc000000002202a69d,礼貌拿图,5eef61b70000000001002f8c,小怡不吃🐟,https://sns-avatar-qc.xhscdn.com/avatar/1040g2jo31s74rdvo5c005nnfc6rg8bsc926bsig?imageView2/2/w/120/format/jpg,0,,0,1770832555026,0
68edf5800000000033005107,1760425345000,河南,683134bc000000002202a69d,你好，可以用一下你的图吗？不商用，想做一下作业，谢谢[害羞R][飞吻R],68a837db000000001900cb15,布谷不蛊,https://sns-avatar-qc.xhscdn.com/avatar/1040g2jo31n9f397b5i6g5q586vdm9iolll5qbpg?imageView2/2/w/120/format/jpg,0,,0,1770832555029,0
68ba4600000000003000431f,1757038080000,黑龙江,683134bc000000002202a69d,1,5dd9beb600000000010049f0,芝士青年🧀,https://sns-avatar-qc.xhscdn.com/avatar/1040g2jo31ps73dssju005nepnqr08ifgo3ob1p0?imageView2/2/w/120/format/jpg,0,,0,1770832555032,0
6953964b0000000016026573,1767085644000,广东,683134bc000000002202a69d,礼貌拿图,5a65d103e8ac2b707218a775,Daisy,https://sns-avatar-qc.xhscdn.com/avatar/1040g2jo31fd4h1r8n4004a10uo8g79rl3fqtqog?imageView2/2/w/120/format/jpg,0,,0,1770832555034,0
698422ed0000000009022251,1770267374000,湖南,683134bc000000002202a69d,礼拿，谢谢,5e76249900000000010083b1,烟燕燕,https://sns-avatar-qc.xhscdn.com/avatar/1040g2jo31r710veqng005njm4icg90thbtsckkg?imageView2/2/w/120/format/jpg,0,,0,1770832555037,0
693fc4df0000000039006c6e,1765786847000,山东,683134bc000000002202a69d,礼拿🌹,66f23c75000000001d032ade,Umm,https://sns-avatar-qc.xhscdn.com/avatar/1040g2jo31pa7btpnjc6g5pni7hqneamu9jdnrrg?imageView2/2/w/120/format/jpg,0,,0,1770832555040,0
6965e34d000000000f02ada5,1768285005000,黑龙江,683134bc000000002202a69d,礼貌拿图，用于学校推文制作，不商用[飞吻R],686be2f8000000001d00a40d,유유,https://sns-avatar-qc.xhscdn.com/avatar/1040g2jo31nn3udphmg005q3bsbs7990d211qeqo?imageView2/2/w/120/format/jpg,0,,0,1770832555044,0
692b06c9000000000e0352af,1764427465000,山东,683134bc000000002202a69d,礼貌拿图，不商用，感谢感谢[飞吻R][飞吻R][飞吻R],5d10bbe8000000001100d2d7,唯一,https://sns-avatar-qc.xhscdn.com/avatar/1040g2jo30nod4u5s7a6g5n8gnfk49kmnil2bcig?imageView2/2/w/120/format/jpg,0,,0,1770832555046,0
69183d120000000037012d93,1763196178000,江西,6909b7f6000000000402b8cc,以旧换新怎么样[皱眉R][皱眉R],6846e86a000000001d014237,摇头耶耶耶,https://sns-avatar-qc.xhscdn.com/avatar/1040g2jo31ihcgdj3086g5q26t1l7aghnro0olp8?imageView2/2/w/120/format/jpg,1,,0,1770832559268,0
690a05dc0000000039001bc3,1762264540000,上海,6909b7f6000000000402b8cc,一杯奶茶🧋=150+个正大杯获🥇作品（word、PPT、视频）+问卷设计模板+市调垫子书&PPT+网考题目等 市调大赛国奖资料包,68459233000000001b020565,芝士焗饭桶,https://sns-avatar-qc.xhscdn.com/avatar/645b807d338379fac18930a8.jpg?imageView2/2/w/120/format/jpg,0,,0,1770832559270,0
64573ae60000000015007b30,1683438310000,,6428f272000000001303c24d,可以分享吗,5b3332f5e8ac2b2f0a6fbfb5,R.果🍹,https://sns-avatar-qc.xhscdn.com/avatar/1040g2jo31p91sr0oig5g4a6kaqpfbftllmopqbg?imageView2/2/w/120/format/jpg,1,,0,1770832563506,0
643d3de80000000015011602,1681735144000,,6428f272000000001303c24d,求分享,5e50d5d00000000001004117,小精灵灰豆,https://sns-avatar-qc.xhscdn.com/avatar/166ad12ae9a7f6fbb4bbbf88d417895f.jpg?imageView2/2/w/120/format/jpg,1,,0,1770832563511,0
6429aa2100000000060236e6,1680452129000,,6428f272000000001303c24d,求分享,6235783f000000001000bd7a,皮皮的宝藏屋,https://sns-avatar-qc.xhscdn.com/avatar/63e6e99a27a59f91cb134720.jpg?imageView2/2/w/120/format/jpg,1,,0,1770832563513,0
642929d6000000001603d950,1680419286000,,6428f272000000001303c24d,已关注  求分享,63bd81e10000000027035387,糯妈🌸,https://sns-avatar-qc.xhscdn.com/avatar/63bd81e10000000027035387.jpg?imageView2/2/w/120/format/jpg,1,,0,1770832563516,0
6428f341000000001700bd0f,1680405313000,,6428f272000000001303c24d,求分享,60babb5a000000000100b6ca,洋妈🌸美食日记,https://sns-avatar-qc.xhscdn.com/avatar/641283e4fdd8982cb2900ec7.jpg?imageView2/2/w/120/format/jpg,1,,0,1770832563518,0
67f509930000000020012a5b,1744112019000,重庆,6428f272000000001303c24d,求分享,5e6ee9e500000000010059c7,Fanry.♡,https://sns-avatar-qc.xhscdn.com/avatar/5e6ee9e500000000010059c7.jpg?imageView2/2/w/120/format/jpg,0,,0,1770832563520,0
64291c040000000007026fbc,1680415748000,,6428f272000000001303c24d,已关注 求分享,620a568b0000000010006c74,糖果,https://sns-avatar-qc.xhscdn.com/avatar/6415bd2ce64abc0b31049060.jpg?imageView2/2/w/120/format/jpg,0,,0,1770832563523,0
6982273b000000000b035595,1770137404000,山东,6981cace000000002103d278,老师，今天山东申论C有一个对策题。就是七杯茶，和充电桩纠纷联合解决一个问题，您有时候能解析一下道题吗。。我考场上彻底发懵了，目前还没发现具体太深入的解析。,63271d8b000000002303a6f5,初阳下的猫,https://sns-avatar-qc.xhscdn.com/avatar/1040g2jo31erf7rg96i005op73m5ov9nl70j93to?imageView2/2/w/120/format/jpg,1,,0,1770832567795,1
69835faf000000000800ef6f,1770217391000,安徽,6981cace000000002103d278,有2025安徽B卷PDF版本吗,5c1cfb8f0000000006003705,烦恼的可爱多,https://sns-avatar-qc.xhscdn.com/avatar/2b4cefbb01e0a0824f5c173dde7f98b2.jpg?imageView2/2/w/120/format/jpg,0,,0,1770832567797,0
6981dad7000000000803156f,1770117848000,安徽,6981cace000000002103d278,不需要标题吗,5c1095560000000006030419,肉丝火腿肠炒面,https://sns-avatar-qc.xhscdn.com/avatar/1040g2jo30no8ongq7i2g4bv0khalc10ph2u6588?imageView2/2/w/120/format/jpg,1,,0,1770832567799,0
67eec07d000000001e017dc4,1743700094000,广东,67ee31dc000000001200cebc,in recent years low-crabon green transportation has been increasingly popular as a way of environment protection,60ae676f0000000001006687,辣椒吃不饱（旅游版,https://sns-avatar-qc.xhscdn.com/avatar/1040g2jo31sbjd0d45m005o5ectng8pk78r7v77o?imageView2/2/w/120/format/jpg,5,,0,1770832580408,1
67f4b5e0000000001e00e76a,1744090592000,四川,67ee31dc000000001200cebc,conserve →save,64e5cb5f0000000001012f0e,用户已注销,https://sns-avatar-qc.xhscdn.com/avatar/645b7f8f2a34639eb26eb1cd.jpg?imageView2/2/w/120/format/jpg,2,,0,1770832580411,0
67f4b568000000001e022f54,1744090473000,四川,67ee31dc000000001200cebc,"through using bicycle,automatic car and common bus,it put downthe carbon and save the energy,in order to put less stress on transport gym and ~",64e5cb5f0000000001012f0e,用户已注销,https://sns-avatar-qc.xhscdn.com/avatar/645b7f8f2a34639eb26eb1cd.jpg?imageView2/2/w/120/format/jpg,2,,0,1770832580413,0
690747760000000038016d0f,1762084726000,广西,67ee31dc000000001200cebc,people need to improve the awareness of green traffic,649041d10000000012036fc9,:),https://sns-avatar-qc.xhscdn.com/avatar/1040g2jo31nu5sfqd06005p4g878kmru9jaadttg?imageView2/2/w/120/format/jpg,0,,0,1770832580416,0
67f668b10000000012002913,1744201905000,重庆,67ee31dc000000001200cebc,1,5c55f0bc000000001b014baa,momo,https://sns-avatar-qc.xhscdn.com/avatar/1040g2jo316to9ihr44005n2lu2u6qitacdk3kdo?imageView2/2/w/120/format/jpg,0,,0,1770832580418,0
67f4b5c6000000001e038973,1744090566000,四川,67ee31dc000000001200cebc,reducing carbon emission,64e5cb5f0000000001012f0e,用户已注销,https://sns-avatar-qc.xhscdn.com/avatar/645b7f8f2a34639eb26eb1cd.jpg?imageView2/2/w/120/format/jpg,0,,0,1770832580420,0
67ee326d000000001f00069b,1743663726000,福建,67ee31dc000000001200cebc,alternative,648986c9000000001f005d89,燕燕燕耶耶耶哈哈哈,https://sns-avatar-qc.xhscdn.com/avatar/1040g2jo31ehgce9d125g5p49gr4nonc9hf0url8?imageView2/2/w/120/format/jpg,0,,0,1770832580423,0
67ee35930000000012012e2b,1743664531000,江苏,67ee31dc000000001200cebc,"In recent years green travel has gained increasing popularity as an environmental-friendly alternative of transportation,alleviating traffic congestion and pollution via using bicycles,electric vehicles and public transport to reduce gas emissions and save energy.",626a70d7000000001000fc3d,michelleleslie28（等弹版）,https://sns-avatar-qc.xhscdn.com/avatar/1040g2jo31sak3buc5s705ojae3bk1v1tca8lm7o?imageView2/2/w/120/format/jpg,1,,0,1770832580425,0
6957439500000000140373ab,1767326614000,福建,6951b28d000000001e027ba4,多少,61c9c7fb000000001000c246,小瀑布1,https://sns-avatar-qc.xhscdn.com/avatar/1040g2jo31s86cg3f5a005oe9ovtk1gi6fnn8fqg?imageView2/2/w/120/format/jpg,0,,0,1770832584668,0
65e67cde000000000c027947,1709604062000,,65e5b8420000000004001372,打卡[赞R],5be25548fc384f00018e3c18,IMey,https://sns-avatar-qc.xhscdn.com/avatar/1040g2jo31okkbj326m004bolhrakgf0o8tuhqlg?imageView2/2/w/120/format/jpg,0,,0,1770832588884,0
696b8aa600000000050336bb,1768655526000,广东,696a2b8f000000001a02493d,又没有广州，真是[捂脸R],5cb746f90000000016004b15,讷芝士,https://sns-avatar-qc.xhscdn.com/avatar/1040g2jo31j7prcedii005n5n8rslgiolruuqftg?imageView2/2/w/120/format/jpg,3,,0,1770832593128,0
69797f18000000000c00be55,1769570073000,广东,696a2b8f000000001a02493d,一个月是40次 来回两次 所以只能用一半[捂脸R],608d71310000000001008fb9,Ricardo,https://sns-avatar-qc.xhscdn.com/avatar/1040g2jo31is2pa1k14005o4de4og93tp2jo4tig?imageView2/2/w/120/format/jpg,2,,0,1770832593131,0
696a669d000000001803a725,1768580765000,广东,696a2b8f000000001a02493d,这个不错！,5e4364fa000000000100bb0f,白杨1298,https://sns-avatar-qc.xhscdn.com/avatar/1040g2jo31dipv1of0u5g5ni3cjt09eofqeopegg?imageView2/2/w/120/format/jpg,0,,0,1770832593133,0
696c7793000000001d008340,1768716179000,北京,696a2b8f000000001a02493d,太棒啦！来薅羊毛[派对R],59a7f1db82ec39155c0004c8,超爱吃的小新😋,https://sns-avatar-qc.xhscdn.com/avatar/63eb345639be74749418e2a1.jpg?imageView2/2/w/120/format/jpg,0,,0,1770832593137,0
6918a59e0000000037010c20,1763222942000,福建,69188c440000000004005212,骑电动车怎么说呢？,5eddc2760000000001002b48,找不到我,https://sns-avatar-qc.xhscdn.com/avatar/1040g2jo3127lugo8l0005nmto9r08aq8j4luof8?imageView2/2/w/120/format/jpg,1,,0,1770832597396,2
69188e8b0000000038007e79,1763217035000,四川,69188c440000000004005212,low-carbon travel,5e673d15000000000100bbbc,谭谭谭,https://sns-avatar-qc.xhscdn.com/avatar/1040g2jo31o7oline6g005nj77kag9etsedghf70?imageView2/2/w/120/format/jpg,0,,0,1770832597398,1
691adc600000000037025c9b,1763368033000,江西,69188c440000000004005212,low-carbon travel,5f9eae880000000001001663,粑粑Forger,https://sns-avatar-qc.xhscdn.com/avatar/1040g2jo314qv459k1c605nsulq4085j3l4r5he0?imageView2/2/w/120/format/jpg,1,,0,1770832597401,1
69220152000000001502e1af,1763836243000,广东,69188c440000000004005212,low carbon travel,5e17302600000000010036f2,流水不争先,https://sns-avatar-qc.xhscdn.com/avatar/1040g2jo31q84g2nmn2005ngn60j08dnipovhl30?imageView2/2/w/120/format/jpg,0,,0,1770832597403,0
691fc306000000001403d0f8,1763689223000,湖北,69188c440000000004005212,low carbon footprint,67b43dd2000000000e0101a1,小红薯67B4B0DE,https://sns-avatar-qc.xhscdn.com/avatar/645b6abf2e368555521befcc.jpg?imageView2/2/w/120/format/jpg,0,,0,1770832597405,0
691edd2e0000000006018490,1763630382000,吉林,69188c440000000004005212,low carbon travel,66d47b47000000001d030e51,湖泊,https://sns-avatar-qc.xhscdn.com/avatar/1040g2jo31kc8f624ia005pmkfd3ne3ihl9t0ma8?imageView2/2/w/120/format/jpg,0,,0,1770832597407,0
691d4bfe000000001702cc0a,1763527679000,广东,69188c440000000004005212,low-carbon travel,62710adf00000000210289d1,whistle,https://sns-avatar-qc.xhscdn.com/avatar/1000g2jo2imv11haio0605ojh1bfod2eh6tbopg8?imageView2/2/w/120/format/jpg,0,,0,1770832597412,0
691ca0d90000000039007f71,1763483866000,山东,69188c440000000004005212,low-carbon travel,5dbeb73e0000000001009abf,小屁孩🍬,https://sns-avatar-qc.xhscdn.com/avatar/1040g2jo31hbhk7sajq6g5ndumsv096lv5ck9j9g?imageView2/2/w/120/format/jpg,0,,0,1770832597415,0
691c53c00000000038027caf,1763464128000,湖南,69188c440000000004005212,low carbon travel,5c5d5c2a000000001b00df21,lisss.,https://sns-avatar-qc.xhscdn.com/avatar/1040g2jo31i2t82fb7e105n2tbgl6pnp1a1k8j2g?imageView2/2/w/120/format/jpg,0,,0,1770832597417,0
691b3de2000000003902caa9,1763392995000,江苏,69188c440000000004005212,low -carbon-travel,5b4481aa4eacab215847ab2b,。。,https://sns-avatar-qc.xhscdn.com/avatar/1040g2jo31r70rjfu72604a714q0qlapbr3rrq30?imageView2/2/w/120/format/jpg,0,,0,1770832597419,0
694e149a0000000018023772,1766724762000,江苏,694df200000000001f00a520,很实用的攻略[暗中观察R],556db989e58d1332f49b2c6d,是小鱼呀,https://sns-avatar-qc.xhscdn.com/avatar/1040g2jo31g0o9upfg06g40noo0soib3d8sino9g?imageView2/2/w/120/format/jpg,0,,0,1770832935881,0
6720560f000000001a0278ff,1730172431000,,6711b798000000001b03dfa9,文段重点论述“碳账”对于“消费”的作用，“采取低碳行动”不及B项“绿色消费”与文段对应准确，排除。,5f2ccdbf000000000101e201,面试小帮手,https://sns-avatar-qc.xhscdn.com/avatar/1040g2jo31if19m5gno005npcpmvgbog1ge5uvb8?imageView2/2/w/120/format/jpg,2,,0,1770832948508,0
67aaee990000000019004e94,1739255450000,,6711b798000000001b03dfa9,看课遇到了这个题，我觉得这个问题就是该选a，绿色消费所在的句没有明显递进关系，且绿色消费属于一种激励手段并不是意义,5e55e1440000000001008108,不如吃🍎,https://sns-avatar-qc.xhscdn.com/avatar/1040g2jo31k1n5mirj46g5nils5209088g01qo9g?imageView2/2/w/120/format/jpg,1,,0,1770832948511,13
690a0f1900000000380074a2,1762266906000,山东,6711b798000000001b03dfa9,绿色消费属于低碳行动,627bc82e000000002102a4b7,111,https://sns-avatar-qc.xhscdn.com/avatar/1040g2jo319ijoujc7e3g5ojrp0n8d95n5kb6rrg?imageView2/2/w/120/format/jpg,0,,0,1770832948513,0
6854c610000000000d017f38,1750386193000,江苏,6854c34d000000000d025d67,难道是开车的司机[呃R],64245e4c0000000011023c19,桀桀桀桀桀,https://sns-avatar-qc.xhscdn.com/avatar/1040g2jo30q1qvk35766g5p14bp64cf0pntc62g8?imageView2/2/w/120/format/jpg,9,,0,1770832952739,0
6854f976000000000401fecb,1750399351000,江苏,6854c34d000000000d025d67,看到你这个我又要去领碳积分了,5e50d51f0000000001007dd6,Sssshang,https://sns-avatar-qc.xhscdn.com/avatar/5e50d5448e8e5300012cba57.jpg?imageView2/2/w/120/format/jpg,3,,0,1770832952742,2
6854c992000000000c014838,1750387091000,江苏,6854c34d000000000d025d67,可以问问苏州地铁,5cfda404000000001101b787,南方苏城,https://sns-avatar-qc.xhscdn.com/avatar/642a45cd69c3d79b17b898b0.jpg?imageView2/2/w/120/format/jpg,3,,0,1770832952745,0
6854cdf6000000000c014620,1750388214000,江苏,6854c34d000000000d025d67,这个要领了才能到账，她可能一次性领了很多天的,5bc7eb4a4126c3000117867b,一个困困的id,https://sns-avatar-qc.xhscdn.com/avatar/1040g2jo317rmiarv3u604bgie4lkl1jro0gbs58?imageView2/2/w/120/format/jpg,1,,0,1770832952748,3
6854c7e90000000020031e0d,1750386665000,江苏,6854c34d000000000d025d67,这个可以换计次票,67e55b610000000006012e8e,小红薯67E6A6DE,https://sns-avatar-qc.xhscdn.com/avatar/1040g2jo31s47rsd7ls005pv5bdghibkefht19fg?imageView2/2/w/120/format/jpg,2,,0,1770832952751,0
6854e253000000000400f8ce,1750393428000,江苏,6854c34d000000000d025d67,因为有时候坐完可以不领，然后哪一天想起来了一口气点了,5d3fa2210000000010026ecb,Aurora,https://sns-avatar-qc.xhscdn.com/avatar/1040g2jo31rh1ujij000g5n9vk8gk4rmbsktt4ig?imageView2/2/w/120/format/jpg,1,,0,1770832952754,1
6854d0b70000000020024f8e,1750388921000,江苏,6854c34d000000000d025d67,因为可以攒几天一起领取啊，我今天就领取了好多天的，这不是指当天的，是指当天领取的能量总和,5f10422600000000010013f4,不早睡早起就不改名,https://sns-avatar-qc.xhscdn.com/avatar/1040g2jo31kendvf9iu005nog88j084vkq0tl6so?imageView2/2/w/120/format/jpg,1,http://sns-webpic-qc.xhscdn.com/202602120202/4d10873df642c724e47b429c53666079/comment/1040g2h031iugn4rk14005nog88j084vklgrsb2g!nd_whgt34_webp_wm_1,0,1770832952757,1
6854cac1000000001102dbee,1750387394000,瑞典,6854c34d000000000d025d67,最远是同里到花桥[doge],5ca7675d000000001001ba23,momo,https://sns-avatar-qc.xhscdn.com/avatar/1040g2jo31rsjl9eqis005n57ctek3eh3dvgae78?imageView2/2/w/120/format/jpg,1,,0,1770832952759,1
68bd7e07000000000b024097,1757249031000,江苏,6854c34d000000000d025d67,我也注意到过，谢谢评论区解惑,59d899efb1da147e4090e7cc,苟到最后就行,https://sns-avatar-qc.xhscdn.com/avatar/1040g2jo311tnlvr92c6g49se9ncuvpuctp786ug?imageView2/2/w/120/format/jpg,1,,0,1770832952762,0
6854e4ad000000000d01593b,1750394029000,江苏,6854c34d000000000d025d67,碳积分可以攒几天再收的，有可能不是一天的分,5cf52def000000001003e2d4,Yellow™,https://sns-avatar-qc.xhscdn.com/avatar/62ae6fff328bef7f64bcbfff.jpg?imageView2/2/w/120/format/jpg,1,,0,1770832952764,0
677f342b0000000021036935,1736389675000,,677f1892000000001703b192,碳积分是在哪,6392a7de000000001f019ad1,洄游弱水间,https://sns-avatar-qc.xhscdn.com/avatar/1040g2jo30pnk6ib6mk6g5osikvf7r6mhqj4dcpg?imageView2/2/w/120/format/jpg,9,,0,1770832965566,1
677f1976000000001b03b901,1736382838000,,677f1892000000001703b192,如果碳积分多，点进去更多选项，25万兑换10次更划算[赞R],63fb07470000000010028360,火文鸡（国服段位）,https://sns-avatar-qc.xhscdn.com/avatar/1040g2jo31ji2bsd630005ovr0t3k50r0o0v9ob8?imageView2/2/w/120/format/jpg,8,,0,1770832965571,0
678705fb0000000020039750,1736902140000,,677f1892000000001703b192,苏e行如果选择支付宝扣款，支付宝的红包能使用吗,5d43f55c000000001600dcc1,helen,https://sns-avatar-qc.xhscdn.com/avatar/d03b69b0-3861-3c01-874b-a1be4101ffa2?imageView2/2/w/120/format/jpg,1,,0,1770832965573,0
67f39f8c000000001200bae3,1744019341000,江苏,677f1892000000001703b192,请问换的计次票有有效期吗？,567f891eb8ce1a6364a49177,momomo,https://sns-avatar-qc.xhscdn.com/avatar/63fd77f4b4f96d52007bb2c5.jpg?imageView2/2/w/120/format/jpg,0,,0,1770832965576,0
67d15b85000000001800b6ea,1741773702000,江苏,677f1892000000001703b192,可以兑换20次[笑哭R]已经兑换了一次10次的计次票[笑哭R],584672396a6a697d5b1a885f,月亮已供电不足,https://sns-avatar-qc.xhscdn.com/avatar/1040g2jo31qhvmp7pga6g48umeip3j22v4pkt9io?imageView2/2/w/120/format/jpg,0,http://sns-webpic-qc.xhscdn.com/202602120202/ae8480bccdee84eee8462967b2df2e7b/comment/1040g2h031eu4kpl8660g48umeip3j22vmg03pm0!nd_whgt34_webp_wm_1,0,1770832965579,0
68eddda80000000038027bd0,1760419240000,北京,685271bf000000000d024bdd,O SL？ 是什么,60a0e411000000000100174a,干紫苏叶,https://sns-avatar-qc.xhscdn.com/avatar/1040g2jo31372h1rkg6005o50sg8g85qa4rj7feo?imageView2/2/w/120/format/jpg,0,,0,1770832969806,0
64cc7a030000000017005155,1691122179000,,64c944b70000000010033694,想起当年在台湾的时候，环保署也有类似的计划，但只能到711换饮料喝，而且分值不断贬值，如果诱因不大很容易无以为继[捂脸R],60bdc9d000000000010047f7,Reset.Zero,https://sns-avatar-qc.xhscdn.com/avatar/60bdc9d000000000010047f7.jpg?imageView2/2/w/120/format/jpg,0,,0,1770832974036,2
69212c45000000001600ce0e,1763781702000,江苏,6919c5bf000000000500328d,南京安德门附近今天可以收一些旧家电吗,6042402300000000010080e8,青鸟,https://sns-avatar-qc.xhscdn.com/avatar/1040g2jo30un7qc90la605o2280hg9078603ilg8?imageView2/2/w/120/format/jpg,4,,0,1770832978278,0
694399750000000038027725,1766037877000,江苏,6919c5bf000000000500328d,美甲店座椅板凳   沙发   冰箱   镜子美容床     收吗,63195e5d0000000023038ee5,遇见,https://sns-avatar-qc.xhscdn.com/avatar/1040g2jo31pj4c83o4o0g5oopbpeov3n5t99vud8?imageView2/2/w/120/format/jpg,2,,0,1770832978280,0
691ee1cd00000000140379ce,1763631565000,江苏,6919c5bf000000000500328d,燃气热水器收吗,5bfca9f5edf09e0001a352d6,宥宥,https://sns-avatar-qc.xhscdn.com/avatar/5edb8df9c79bca0001437abc.jpg?imageView2/2/w/120/format/jpg,1,,0,1770832978282,0
6961241900000000090340ab,1767973913000,江苏,6919c5bf000000000500328d,松下的烤盘收吗？,6090ab2d000000000101cff0,Hoaf,https://sns-avatar-qc.xhscdn.com/avatar/1040g2jo317mho3mu3u6g5o4glcmgbjvg3ut8frg?imageView2/2/w/120/format/jpg,1,,0,1770832978285,0
69525e1c000000001403d6ba,1767005725000,江苏,6919c5bf000000000500328d,扫地机收吗？,61570e530000000002020614,红薯0319,https://sns-avatar-qc.xhscdn.com/avatar/cd255d0e201935e0d852bd371f18c198.jpg?imageView2/2/w/120/format/jpg,0,,0,1770832978287,0
6950cf76000000001d0098fb,1766903671000,江苏,6919c5bf000000000500328d,Dd 江宁东山 抽油烟机收吗,55ad2c555894460d166d98d0,DrunKitty,https://sns-avatar-qc.xhscdn.com/avatar/1040g2jo31s1g94c14i0040vsjnm5b66ggn19ud8?imageView2/2/w/120/format/jpg,1,,0,1770832978290,0
69537f5b000000001d00dff0,1767079771000,江苏,6919c5bf000000000500328d,鼓楼区二手冰箱收吗,628bc3f800000000210249fd,取啥名呢,https://sns-avatar-qc.xhscdn.com/avatar/1040g2jo31m3gunjf660g5okbofs8cifts80sk8o?imageView2/2/w/120/format/jpg,0,,0,1770832978293,0
691b35d30000000039007843,1763390932000,江苏,6919c5bf000000000500328d,可以,61b71e22000000001000dbd7,小许回收,https://sns-avatar-qc.xhscdn.com/avatar/1040g2jo31kvg8kf6j26g5odn3oh41mun04s4e40?imageView2/2/w/120/format/jpg,1,,0,1770832978296,0
691b30ad000000003302438e,1763389614000,江苏,6919c5bf000000000500328d,开不了机的旧苹果电脑回收吗,604ae969000000000101f750,懒羊羊要坚持运动呀～,https://sns-avatar-qc.xhscdn.com/avatar/604ae98396d287e5670c27b8.jpg?imageView2/2/w/120/format/jpg,0,,0,1770832978298,0
693e7a73000000001d025dda,1765702260000,江苏,6919c5bf000000000500328d,床收吗,6189447a0000000010007765,酷酷的周周,https://sns-avatar-qc.xhscdn.com/avatar/1040g2jo31io76sjrgs005oc98ht40tr5gehbhso?imageView2/2/w/120/format/jpg,0,,0,1770832978301,0
6614ca8f000000000600c826,1712638608000,,655d7afa000000003200bc5b,为什么我点进去还在建设啊[哭惹R],62fc12fc00000000120024c4,羡羡啊,https://sns-avatar-qc.xhscdn.com/avatar/1040g2jo30tahk2qj446g5ons2bu4g964e469upo?imageView2/2/w/120/format/jpg,0,,0,1770832982510,4
665bdb5f000000000e03128c,1717295968000,,664027e0000000001e02edb1,改规则了[笑哭R]现在年费会员才能兑换了[哭惹R],56ce4bea1c07df71da061d2d,心弦禅筝,https://sns-avatar-qc.xhscdn.com/avatar/1040g2jo31pabnlfe2c1045tj1q5uk79d9qflbd0?imageView2/2/w/120/format/jpg,1,,0,1770832986771,2
66bcb7d3000000000f00f254,1723643860000,,664027e0000000001e02edb1,三天卡的限次数吗 不会兑了一次就不行了吧[哭惹R],5f636e1e0000000001000f00,qiny🍬,https://sns-avatar-qc.xhscdn.com/avatar/1040g2jo31k5jpish2g005nr3dof083o0306fa5o?imageView2/2/w/120/format/jpg,1,,0,1770832986773,0
66e1c6f4000000000d01e74b,1726072564000,,664027e0000000001e02edb1,周卡限次数,63d92993000000002801860c,在拖延就打断腿,https://sns-avatar-qc.xhscdn.com/avatar/1040g2jo3171qa2oq3k6g5oup569q31gckhbo4g0?imageView2/2/w/120/format/jpg,0,,0,1770832986776,0
67dd5e29000000001e021dda,1742560809000,北京,67dd521e000000001b03bcbd,学姐教我[喝奶茶R][喝奶茶R][喝奶茶R],6736180c000000001d02f330,RossLau,https://sns-avatar-qc.xhscdn.com/avatar/1040g2jo31a6golbv7g005ppm3067dspg1bgkbe8?imageView2/2/w/120/format/jpg,1,,0,1770832995204,0
692cf55a000000001d0243f4,1764554074000,上海,692a41b1000000001e00fc61,宝宝们来玩[偷笑R],68dcf60d000000003202ade6,沪碳行,https://sns-avatar-qc.xhscdn.com/avatar/e8004fcf-e927-30b2-93ff-8dca3bff8d0b?imageView2/2/w/120/format/jpg,1,,0,1770832999420,0
6943c66100000000380307ec,1766049377000,重庆,6943c649000000001e0245da,想要创赛国奖优秀PPT模板和计划书的宝宝们可以点点这里哦[飞吻R][飞吻R][飞吻R][向右R][向右R][向右R] 国赛金奖PPT模板计划书,6651ade400000000030339bd,小蒋学长(竞赛版),https://sns-avatar-qc.xhscdn.com/avatar/1040g2jo31ptp9v9c4k005pihlni0uedtsdjkv40?imageView2/2/w/120/format/jpg,0,,0,1770833003645,0
68fdef840000000033020b63,1761472389000,浙江,68f60ff8000000000703b7e0,要单独下载app吗？还是随申办里就可以呢？,6656cbb6000000001b0191ac,章鱼丸子（减肥版,https://sns-avatar-qc.xhscdn.com/avatar/1040g2jo31ek822kuh0605pimper6r4dcpk1balg?imageView2/2/w/120/format/jpg,4,,0,1770833012114,0
690c1553000000003901c96b,1762399573000,江苏,68f60ff8000000000703b7e0,为什么这个活动总是实名认证失败？？？,65054016000000001702304f,XXXX.,https://sns-avatar-qc.xhscdn.com/avatar/1040g2jo310bup6djmm6g5p8580b5sc2frtkkp7g?imageView2/2/w/120/format/jpg,2,http://sns-webpic-qc.xhscdn.com/202602120203/f69bf8821c6934df34809ebcf608931b/comment/1040g2h031ohfr50kl06g5p8580b5sc2fdbjurc8!nd_whgt34_webp_wm_1,0,1770833012117,0
68fe03ae0000000033026164,1761477551000,上海,68f60ff8000000000703b7e0,我就想问支付宝不能打通吗[捂脸R],55588728e4b1cf7db09a7cd5,草原狼崽,https://sns-avatar-qc.xhscdn.com/avatar/2b4cefbb01e0a0824f5c173dde7f98b2.jpg?imageView2/2/w/120/format/jpg,1,,0,1770833012120,0
69709afa000000000c00ad5c,1768987386000,上海,68f60ff8000000000703b7e0,EvData纯电动车 怎么绑定 每次都是提示没有个人名下车辆,5fcc47a5000000000101fca1,小红薯5FCD36F3,https://sns-avatar-qc.xhscdn.com/avatar/0dd6f7e91ce0bea602fbc47515b7c72f.jpg?imageView2/2/w/120/format/jpg,0,,0,1770833012123,0
68fdef82000000003300fdc8,1761472386000,浙江,68f60ff8000000000703b7e0,要单独下载app吗？还是随申办里就可以呢？,6656cbb6000000001b0191ac,章鱼丸子（减肥版,https://sns-avatar-qc.xhscdn.com/avatar/1040g2jo31ek822kuh0605pimper6r4dcpk1balg?imageView2/2/w/120/format/jpg,0,,0,1770833012127,0
681b5534000000000900ef45,1746621749000,安徽,678b8af2000000001900344e,[星R],55eaafaaf5a26309a1c6d78c,林总的林林总总,https://sns-avatar-qc.xhscdn.com/avatar/1040g2jo31qm9i449gm104155sfnqllsc49gb3kg?imageView2/2/w/120/format/jpg,0,,0,1770833062890,0
67c063400000000016031de7,1740661569000,北京,678b8af2000000001900344e,[飞吻R][飞吻R][飞吻R],5ea5ae8c00000000010037bc,白云,https://sns-avatar-qc.xhscdn.com/avatar/1040g2jo31o561c1u6g6g5nl5lq608dtsq6sqr18?imageView2/2/w/120/format/jpg,0,,0,1770833062893,0
6720666c000000001b000a6a,1730176621000,,66a369ab000000000d030e8e,借一下知识，谢谢你,5fc4bf2f0000000001008138,Jane,https://sns-avatar-qc.xhscdn.com/avatar/5fc4bf65f1c85600019822b9.jpg?imageView2/2/w/120/format/jpg,0,,0,1770833071284,2
674156a8000000001b007404,1732335272000,,66a369ab000000000d030e8e,这是11.23泸州公基大作文,6104f3e4000000000100b1f0,和编辑一,https://sns-avatar-qc.xhscdn.com/avatar/c94b2589011be6d87bfbbbf21db9e2a0.jpg?imageView2/2/w/120/format/jpg,0,,0,1770833071287,0
681de7f8000000000903802c,1746790393000,浙江,681c438a000000002301d9cc,还是动图，这个得多长时间亲亲,65a15036000000002001d40f,精灵老师英语绘本馆,https://sns-avatar-qc.xhscdn.com/avatar/1040g2jo31f7vosr75u605pd1a0r83l0ftb9biso?imageView2/2/w/120/format/jpg,1,,0,1770833079687,0
681de7e9000000000703437c,1746790377000,浙江,681c438a000000002301d9cc,好棒啊,65a15036000000002001d40f,精灵老师英语绘本馆,https://sns-avatar-qc.xhscdn.com/avatar/1040g2jo31f7vosr75u605pd1a0r83l0ftb9biso?imageView2/2/w/120/format/jpg,0,,0,1770833079691,0
69154bbd00000000390235db,1763003326000,河北,684a8635000000002102f7a3,请问这个是怎么做的,5c3d7a5e0000000007026a75,记得笑,https://sns-avatar-qc.xhscdn.com/avatar/61308cc0b4de9e47174e01c5.jpg?imageView2/2/w/120/format/jpg,0,,0,1770833083896,0
6807adba000000001f01b2cc,1745333690000,陕西,68073d8d000000001e002165,我靠，预估9块9，出来25。太坑了吧你们这,5e36c8080000000001001b5d,就这样吧,https://sns-avatar-qc.xhscdn.com/avatar/1040g2jo31aiudajsmm305nhmp04086qtqpuc908?imageView2/2/w/120/format/jpg,0,,0,1770833096478,4
680ddf450000000012012de5,1745739590000,广东,68073d8d000000001e002165,坑死了,6195c5c00000000010007563,哎,https://sns-avatar-qc.xhscdn.com/avatar/1040g2jo318fni3klk4005oclon040tb3ef6qa1o?imageView2/2/w/120/format/jpg,0,,0,1770833096481,2
6809e1750000000012023579,1745478005000,浙江,68073d8d000000001e002165,我要投诉，你们客服不理我，怎么联系你们官方,5ca963d200000000160337cc,Yvette,https://sns-avatar-qc.xhscdn.com/avatar/62f8796fbc96e4f58ae70739.jpg?imageView2/2/w/120/format/jpg,0,,0,1770833096483,2
68402581000000001c0173bc,1749034371000,福建,68073d8d000000001e002165,羡慕了吗宝贝们 [嘻嘻R],65bf4e08000000000e02286b,小鹿踏着晨光撞进满是甜的世界,https://sns-avatar-qc.xhscdn.com/avatar/1040g2jo31s1qb4jo4o6g5pdv9o43ka3bpr22kk8?imageView2/2/w/120/format/jpg,0,http://sns-webpic-qc.xhscdn.com/202602120204/6395cf74a92fefb17bd796eacce0a93d/comment/1040g2h031iaaqbi47a6g5pdv9o43ka3bp0eojd8!nd_whgt34_webp_wm_1,0,1770833096486,0
681a7aa8000000000303651a,1746565801000,上海,68073d8d000000001e002165,给我道歉！,5a0b04384eacab5860cc895e,跳跳虎和小熊跳舞,https://sns-avatar-qc.xhscdn.com/avatar/6410c5b92a05a5c7c47fa09c.jpg?imageView2/2/w/120/format/jpg,0,,0,1770833096488,0
6808a3a4000000001f008475,1745396645000,浙江,68073d8d000000001e002165,低碳出行，你我做起！,60362886000000000101ecd6,爱旅游的Amigo,https://sns-avatar-qc.xhscdn.com/avatar/1000g2jo2n1vt4pijq0005o1m5230br6m3qub8hg?imageView2/2/w/120/format/jpg,0,,0,1770833096490,0
680853b90000000012001dbc,1745376185000,湖南,68073d8d000000001e002165,低碳生活，从我开始！,60b9bcd40000000001007767,菠萝,https://sns-avatar-qc.xhscdn.com/avatar/1040g2jo31mbceq1b6ge05o5pnja08tr7qgijomg?imageView2/2/w/120/format/jpg,0,,0,1770833096492,0
6807581e000000000401c8d1,1745311774000,浙江,68073d8d000000001e002165,👍,576a4ac85e87e74d7ac2e6a1,stella,https://sns-avatar-qc.xhscdn.com/avatar/1040g2jo31pcha29qio0g48gs445chpl1la27538?imageView2/2/w/120/format/jpg,0,,0,1770833096495,0
680746fd0000000012020834,1745307389000,浙江,68073d8d000000001e002165,低碳生活，从我做起[doge],5a954b3a11be1058bd3f345c,做一个快乐的打工人,https://sns-avatar-qc.xhscdn.com/avatar/5a954b3a11be1058bd3f345c.jpg?imageView2/2/w/120/format/jpg,0,,0,1770833096497,0
68073efe000000001200a30f,1745305342000,安徽,68073d8d000000001e002165,[皱眉R]好棒,6203aff00000000010005406,你的九宝,https://sns-avatar-qc.xhscdn.com/avatar/1040g2jo31at85jfq7a5g5og3lvo40l064m6u2o8?imageView2/2/w/120/format/jpg,0,,0,1770833096499,0
674da066000000000d0031bc,1733140583000,,674da03d0000000007039104,从今日起，开始持续更新面试热点[派对R][派对R][派对R],5a2fea36db2e601289f9082c,艺茹说面试,https://sns-avatar-qc.xhscdn.com/avatar/1040g2jo30one8f2mji6g4a087ol3c21cub9vli8?imageView2/2/w/120/format/jpg,0,,0,1770833100739,0
674e71f2000000000700764a,1733194227000,,674da03d0000000007039104,[赞R][赞R][赞R]太好了,61f5d4680000000010006f8a,没有茹愿的我,https://sns-avatar-qc.xhscdn.com/avatar/1040g2jo312pe1v7k2u6g5oflqhk40rsas8u5ot8?imageView2/2/w/120/format/jpg,0,,0,1770833100743,0
68aa15e40000000030006138,1755977188000,广东,68a5b61d000000001c00aafc,[害羞R]第一张贴纸的玫瑰是贴在哪里啊,5c6bce49000000001700f886,蓝桉,https://sns-avatar-qc.xhscdn.com/avatar/1040g2jo31mime3to4u005n3bpp4lpu464j4obu0?imageView2/2/w/120/format/jpg,0,,0,1770833109145,0
68a5bca900000000300088c8,1755692201000,福建,68a5b61d000000001c00aafc,我就知道你会贴 [偷笑R] 我的跟贴都有了开心,6192a0a20000000010006342,芝士奶盖三分糖,https://sns-avatar-qc.xhscdn.com/avatar/1040g2jo31rsnv15ji60g5ocik2h40oq2uerqa50?imageView2/2/w/120/format/jpg,0,,0,1770833109148,0
698c0183000000000600ea17,1770783108000,江苏,698bd8b5000000001a027540,绿色出行，经济无忧！,5d18b4010000000016028532,鱼仔,https://sns-avatar-qc.xhscdn.com/avatar/6499a2c6bbeea8114fede557.jpg?imageView2/2/w/120/format/jpg,1,,0,1770833117545,0
698bf4810000000005032645,1770779778000,浙江,698bd8b5000000001a027540,很酷,5aceab80e8ac2b19e4f182f7,Black.C,https://sns-avatar-qc.xhscdn.com/avatar/5aceabb914de41475cf1dc16.jpg?imageView2/2/w/120/format/jpg,2,,0,1770833117549,0
698bfd29000000000f02900d,1770781993000,广东,698bd8b5000000001a027540,强👍[偷笑R],64f70963000000000603355b,烧鹅蛋炒虾,https://sns-avatar-qc.xhscdn.com/avatar/1040g2jo31br06880gs5g5p7n15hhmdaruq0784g?imageView2/2/w/120/format/jpg,1,,0,1770833117552,0
698c2cc4000000000600ceb3,1770794180000,江苏,698bd8b5000000001a027540,真好,5feebfd6000000000100afc1,阿华,https://sns-avatar-qc.xhscdn.com/avatar/5feebfd6000000000100afc1.jpg?imageView2/2/w/120/format/jpg,1,,0,1770833117554,0
698c7e6f000000001500ed2d,1770815087000,江苏,698bd8b5000000001a027540,太方便了,6802540c000000000a03fab9,笃笃,https://sns-avatar-qc.xhscdn.com/avatar/1040g2jo31gf2si2hji0g5q02ag62nulpb9cbpgg?imageView2/2/w/120/format/jpg,0,,0,1770833117557,0
698c7bb2000000001802354b,1770814387000,云南,698bd8b5000000001a027540,加电,683700c4000000001b0195dd,风儿夕夕,https://sns-avatar-qc.xhscdn.com/avatar/1040g2jo31qtli5gvno6g5q1n0326r5etqkud9t8?imageView2/2/w/120/format/jpg,0,,0,1770833117559,0
698c40d5000000000f01fcbd,1770799318000,浙江,698bd8b5000000001a027540,加电,671986ce000000001d031495,瀚海凌云,https://sns-avatar-qc.xhscdn.com/avatar/645b7ecfb46568f58064957a.jpg?imageView2/2/w/120/format/jpg,1,,0,1770833117562,0
698c2420000000000600aaeb,1770791968000,安徽,698bd8b5000000001a027540,原来你是pia,5b63ce00e2fdb40001fdde98,溏心桃胶,https://sns-avatar-qc.xhscdn.com/avatar/1040g2jo31punftb9m0cg4a8nb8701nkoll7e16g?imageView2/2/w/120/format/jpg,1,,0,1770833117565,0
698c67a6000000000600b402,1770809254000,北京,698bd8b5000000001a027540,真的方便[大笑R][大笑R][大笑R],5b18c501f7e8b930d376bb29,水晶～晶晶～,https://sns-avatar-qc.xhscdn.com/avatar/5b18c501f7e8b930d376bb29.jpg?imageView2/2/w/120/format/jpg,0,,0,1770833117568,0
698c707a000000000800e3bb,1770811515000,江苏,698bd8b5000000001a027540,发发发啊,60f05b07000000002002ef3a,布村飞鱼,https://sns-avatar-qc.xhscdn.com/avatar/1040g2jo317c2u03hjq6g5o7gbc3o5rpq5ej651o?imageView2/2/w/120/format/jpg,0,,0,1770833117570,0
698c77f4000000001d008254,1770813428000,天津,698c43ae000000001a01fef9,[赞R][赞R][赞R]跑完干饭香,582e702f5e87e74514aac247,醉春烟,https://sns-avatar-qc.xhscdn.com/avatar/6449357edd18c6c67a0104e2.jpg?imageView2/2/w/120/format/jpg,0,,0,1770833121827,0
698c67a7000000000800df64,1770809256000,北京,698c43ae000000001a01fef9,好美,565bf486e00dd833d71dc18f,鱼宝儿快跑💨,https://sns-avatar-qc.xhscdn.com/avatar/1040g2jo31bhdum220u0043htuqq8dgcfa5r5jro?imageView2/2/w/120/format/jpg,0,,0,1770833121831,0
698b5844000000001803a686,1770739781000,上海,698b26d0000000000d009970,就喜欢这种风格[害羞R],60211b100000000001005ce8,没有小新的蜡笔,https://sns-avatar-qc.xhscdn.com/avatar/60211b100000000001005ce8.jpg?imageView2/2/w/120/format/jpg,1,,0,1770833126046,1
698bd686000000000600a945,1770772102000,河南,698b26d0000000000d009970,嘿 有样好听,5b40600f6b58b7350e576199,老严聊房丨探居,https://sns-avatar-qc.xhscdn.com/avatar/1040g2jo31k81kkr8ia6g4a6u0ug0uocpq1fa9j0?imageView2/2/w/120/format/jpg,0,,0,1770833126048,1
698bc847000000000800cdcb,1770768456000,北京,698b26d0000000000d009970,牛逼！！,66e8ed58000000001d03358f,迷蝶音乐-少蔚,https://sns-avatar-qc.xhscdn.com/avatar/1040g2jo31l2f4cd52o6g5pn8tlc7edcfgtft5s8?imageView2/2/w/120/format/jpg,0,,0,1770833126051,0
698bc8aa0000000008031e6e,1770768556000,北京,698b26d0000000000d009970,诚邀！,66e8ed58000000001d03358f,迷蝶音乐-少蔚,https://sns-avatar-qc.xhscdn.com/avatar/1040g2jo31l2f4cd52o6g5pn8tlc7edcfgtft5s8?imageView2/2/w/120/format/jpg,0,http://sns-webpic-qc.xhscdn.com/202602120205/f0cfa66d2566930426e0d6b961e4d18b/comment/1040g2h031se6fmg7ls6g5pn8tlc7edcfp2nfpn0!nd_whgt34_webp_wm_1,0,1770833126054,0
67e3b3a7000000001e01f18f,1742975912000,河北,67e371fe000000001d02ff16,因为有了千万车主的同行，才让沙漠变成绿洲,596ebf1082ec3968b2d47871,小红薯12041311,https://sns-avatar-qc.xhscdn.com/avatar/645b802c0f5b598e07f39dc7.jpg?imageView2/2/w/120/format/jpg,1,,0,1770833138656,11
67e40864000000001e0319c4,1742997604000,河北,67e371fe000000001d02ff16,这是趋势，绿色低碳出行。,5cd7cd16000000001000e0f7,于是全世界,https://sns-avatar-qc.xhscdn.com/avatar/1040g2jo31odp5upgl80g5ouc4topi19rlir8sag?imageView2/2/w/120/format/jpg,1,,0,1770833138659,3
67e376860000000012010e72,1742960263000,广东,67e371fe000000001d02ff16,我也是为公司的环保做出了贡献的人,674aea54000000001c01a379,momo,https://sns-avatar-qc.xhscdn.com/avatar/1040g2jo31hik87e8js6g5pqat9a738rp7tahr6o?imageView2/2/w/120/format/jpg,0,http://sns-webpic-qc.xhscdn.com/202602120205/06d3b5d0c65935bdab1934678fa70ae7/comment/1040g2h031ffp3osmmi5g5pqat9a738rp5sl926o!nd_whgt34_webp_wm_1,0,1770833138662,2
67e4225e000000001e035de9,1743004255000,浙江,67e371fe000000001d02ff16,跟着比亚迪一起让科技为地球续航,63b507f30000000026013fb6,你听我解释,https://sns-avatar-qc.xhscdn.com/avatar/63b50d3e44c341449579e17c.jpg?imageView2/2/w/120/format/jpg,0,,0,1770833138664,1
67e3e1f7000000001e01d9e6,1742987768000,江西,67e371fe000000001d02ff16,其实也是省钱,64dc809f0000000001006ec7,叫厚哥,https://sns-avatar-qc.xhscdn.com/avatar/1040g2jo31djrd7is0k6g5p6sg2fg8rm7mgprlvg?imageView2/2/w/120/format/jpg,0,,0,1770833138667,4
67e3d17e000000001e0159fb,1742983551000,河北,67e371fe000000001d02ff16,为地球降温，绿色环保[色色R],67401218000000001d02f3d3,恸在心底、,https://sns-avatar-qc.xhscdn.com/avatar/1040g2jo31d9i3rc60m105pp27e17385o46pplhg?imageView2/2/w/120/format/jpg,0,,0,1770833138670,10
67e3d00e000000001f019741,1742983183000,江西,67e371fe000000001d02ff16,为绿色行动而努力,6620fd160000000007006d30,我爱我家,https://sns-avatar-qc.xhscdn.com/avatar/1040g2jo31em7df8dl26g5ph0vkb1or9ghgbpdd0?imageView2/2/w/120/format/jpg,0,,0,1770833138673,11
67e3b39300000000120304c0,1742975891000,河北,67e371fe000000001d02ff16,守护我们的绿色家园人人有责。,63babc2d0000000027029502,小红薯63BBA77F,https://sns-avatar-qc.xhscdn.com/avatar/411309441983cdc4ce073ff8da73b5b6.jpg?imageView2/2/w/120/format/jpg,1,,0,1770833138676,14
