comment_id,parent_comment_id,content,publish_time,ip_location,sub_comment_count,like_count,dislike_count,content_id,content_type,user_id,user_link,user_nickname,user_avatar,last_modify_ts
10066620277,0,武汉碳包宝是软件吗,1645433093,,0,0,0,2254940756,answer,bfa30fafbf6b7d7f5ccfb11a56d71d95,https://www.zhihu.com/people/ggboy-11-93,cheerful,https://pic1.zhimg.com/v2-95806fe882caedf08a454a2baad12a61_l.jpg?source=06d4cd63,1770829887042
4572715364,0,双积分和碳积分是两回事,1626426128,,0,3,0,379028270,article,ce20a53e886c8ca69326230631035f1c,https://www.zhihu.com/people/lei-magic,雷magic,https://picx.zhimg.com/v2-abed1a8c04700ba7d72b45195223e0ff_l.jpg?source=06d4cd63,1770829891341
4795787775,0,那么问题又来了：怎么知道销售一辆车，会得到几个积分呢，怎么判定的？,1633018829,,0,0,0,379028270,article,9c67a24171bf7f71b3697ccbf3443128,https://www.zhihu.com/people/yang-fan-50-77,知乎用户6vMoZR,https://pic1.zhimg.com/v2-55c2bc92e59952204d160ea95dd17815_l.jpg?source=06d4cd63,1770829891344
10089430627,0,碳积分是碳足迹的量化，如何量化记录需要一个工具，给普通人记录碳足迹的碳元域不久将会上线。双积分是指碳排放额度的正积分与负积分。加V18171600112交流。,1647382804,,0,0,0,379028270,article,b8296e70f253dfd9ee6baf4ca15287e4,https://www.zhihu.com/people/zhen-xia-jiu-you-46,枕霞旧友,https://picx.zhimg.com/v2-abed1a8c04700ba7d72b45195223e0ff_l.jpg?source=06d4cd63,1770829891348
9952337802,0,个人能参与吗？,1636518998,,3,2,0,370095154,article,9bfe5a880167570d8ceb418b3c66cc30,https://www.zhihu.com/people/chao-xi-37-88-85,知乎用户FkzY88,https://pica.zhimg.com/v2-abed1a8c04700ba7d72b45195223e0ff_l.jpg?source=06d4cd63,1770829904759
10978135057,0,说白了不就是钱嘛,1724976413,,0,0,0,370095154,article,2f42ca2c2e5369b28def358d526411ac,https://www.zhihu.com/people/lan-hua-92-62-28,兰画,https://pic1.zhimg.com/v2-6c283682e3c4dc6322f6b264e83e16ad_l.jpg?source=06d4cd63,1770829904762
9969429136,0,除了生产新能源汽车外，还有别的途径增加碳积分吗？,1638154970,,1,0,0,370095154,article,447274ed3b04719a3dc78afa4417a03f,https://www.zhihu.com/people/zuan-shi-lie-hen-5,钻石裂痕,https://picx.zhimg.com/80963f3d3e4284548337229808df0015_l.jpg?source=06d4cd63,1770829904765
4681997941,0,这个介绍简单易懂,1629863883,,0,0,0,370095154,article,2663f899120bfa48698983494b1b4d41,https://www.zhihu.com/people/qq316950980,勇敢的小羊,https://picx.zhimg.com/v2-6f5650d2d671b2c77123ea54ccbc2867_l.jpg?source=06d4cd63,1770829904768
10023322621,0,怎么算一个碳积分呀，一辆车一个？,1640655814,,0,0,0,370095154,article,17923ca056884db023a11271d480860e,https://www.zhihu.com/people/tian-yu-xing-chen-93,天宇星辰,https://picx.zhimg.com/v2-acacf15626cb9c35635e1cf6cf50965a_l.jpg?source=06d4cd63,1770829904773
10013060482,0,一个碳积分3000元，那么我们低碳行多少时间可以增加一个碳积分,1639060924,,1,0,0,370095154,article,81e43186d00da69131e91aab90957008,https://www.zhihu.com/people/hong-hu-34-96,优酒优购平价连锁,https://pic1.zhimg.com/v2-fb71631a8c78b45354abd4a333716359_l.jpg?source=06d4cd63,1770829904775
2076947747,0,真是个奇葩的政策,1619577438,,0,1,0,363480129,article,e6988fceb93f95b826e36430e388dd64,https://www.zhihu.com/people/woody99999999999999,36ody7,https://picx.zhimg.com/v2-abed1a8c04700ba7d72b45195223e0ff_l.jpg?source=06d4cd63,1770829916006
4574268048,0,大众和日产三剑客都被玩蒙了，估计接下来会拼了命冲击新能源汽车领域，最可怜的是丰田娃，明明氢燃料电池技术领先全球，也是真正环保，同时也是新能源汽车的最终方向，但是没人和他玩，欧美中三坏蛋联合欺负小日本，哈哈，就是这么开森。,1626399860,,0,0,0,363480129,article,07524f98fc47a4d315829faea7a24476,https://www.zhihu.com/people/sun-cheng-fei-16,孙成飞,https://pica.zhimg.com/v2-af1f4664568f509590d0b0e434f02d0b_l.jpg?source=06d4cd63,1770829916008
11335901196,0,讲得很有道理，恶事西方干，骂名中国背。这锅中国不能再背了。,1762577269,湖北,0,28,0,1970198403712525985,answer,dc17ac68250404937d0bf334e28b57b0,https://www.zhihu.com/people/wanf-song,风入松,https://picx.zhimg.com/v2-abed1a8c04700ba7d72b45195223e0ff_l.jpg?source=06d4cd63,1770829920349
11335390090,0,我也觉得，根源在万恶的西方垄断资本主义,1762513063,广西,0,15,0,1970198403712525985,answer,ee40027a86e36e4592b7cb1aee38fad9,https://www.zhihu.com/people/lao-gong-81-11,老龚,https://picx.zhimg.com/5d50e4df39f026c643f4f7cd7a621840_l.jpg?source=06d4cd63,1770829920352
11336660248,0,丁院士：我就问中国人算不算人,1762690212,广东,0,11,0,1970198403712525985,answer,ef797fef2de7e70059ca991259821312,https://www.zhihu.com/people/lksimba,精灵狮,https://picx.zhimg.com/v2-94a42e2584683113247e82c7170a2cbc_l.jpg?source=06d4cd63,1770829920356
11336681010,0,估计西方还得玩其他花样，例如 谁产的电多，就得罚款的 法律。[飙泪笑][飙泪笑][飙泪笑]不缴纳就限制。,1762672879,辽宁,11,7,0,1970198403712525985,answer,b90b84418c9985649b850ae59b39735a,https://www.zhihu.com/people/qing-hui-ye-yao,清辉夜耀,https://picx.zhimg.com/v2-92996a01a6a26f62f9a4173e1d56152f_l.jpg?source=06d4cd63,1770829920359
11336832857,0,爽哥已经行使回应权骂回去了，犯不着这么激动。,1762692187,山东,2,4,0,1970198403712525985,answer,cc8427015c77cef39a912982301eec2c,https://www.zhihu.com/people/li-yi-tao-32-6,玛卡巴卡,https://pic1.zhimg.com/v2-3911b7420fae8f7ec79678ecfe32b2d5_l.jpg?source=06d4cd63,1770829920360
11337654510,0,有些人，把西方人想的太好了其实，人性都是一样的,1762742105,山东,0,1,0,1970198403712525985,answer,38c348280d19446c85c7e4e78a20c27b,https://www.zhihu.com/people/liu-zhong-wei-35-56,momo,https://pic1.zhimg.com/v2-bb8e013aa95012dafdc51fdfaa8738c9_l.jpg?source=06d4cd63,1770829920363
11336387355,0,只知道种地的民族怎么会有坏心眼儿,1762661987,黑龙江,0,2,0,1970198403712525985,answer,8f3d9c334a80f0693403e6737afc462d,https://www.zhihu.com/people/lai-sheng-huan-sheng-zhong-hua-jia,来生还在种花家,https://picx.zhimg.com/v2-dcbe56ea284292b2754d06b03ceb337f_l.jpg?source=06d4cd63,1770829920366
11335780416,0,老钟🕰️正好顺水推舟,1762573594,上海,0,2,0,1970198403712525985,answer,a17ba878b7db17a2a31862b71c67500a,https://www.zhihu.com/people/bai-zhang-ji,百丈漈,https://picx.zhimg.com/v2-d3635f158d287841fbb6e1459025c53b_l.jpg?source=06d4cd63,1770829920368
11337531929,0,雄文,1762731682,湖北,0,1,0,1970198403712525985,answer,bc7469464fa900afdf8feb3f0a62bc5b,https://www.zhihu.com/people/xian-sheng-33-36,罗生,https://pica.zhimg.com/v2-abed1a8c04700ba7d72b45195223e0ff_l.jpg?source=06d4cd63,1770829920372
11337267048,0,中国的火电技术早就是先进的环保技术了。是国家技术管制禁止出口。,1762694890,浙江,0,1,0,1970198403712525985,answer,8a73a43aae3e2c69ff98aa0753b14826,https://www.zhihu.com/people/zhang-cheng-4-92,光与影的平衡,https://pic1.zhimg.com/v2-abed1a8c04700ba7d72b45195223e0ff_l.jpg?source=06d4cd63,1770829920374
11335750418,0,也别说的自己那么白莲花，其实就是让老美冲，对我们自己也有利,1762574234,广东,0,1,3,1970198403712525985,answer,feb01ea91ce0bd330ff64ecf2cc412d7,https://www.zhihu.com/people/pu-ti-zi-10,菩提子,https://pic1.zhimg.com/v2-abed1a8c04700ba7d72b45195223e0ff_l.jpg?source=06d4cd63,1770829922715
11336977253,0,你就没想过，我们借着西方刮起的风，禁止煤电出口，准备干掉其他国家的工业吗，没电搞个屁的工业，所有电力系统中，最可靠的就是火电，能在大部分地方落地生根，成为一个区域的强大能源引擎,1762689028,山东,0,1,1,1970198403712525985,answer,28463478cef6e96360ee857e9868b6e0,https://www.zhihu.com/people/wu-wang-82-31-56,无忘,https://picx.zhimg.com/v2-abed1a8c04700ba7d72b45195223e0ff_l.jpg?source=06d4cd63,1770829922718
11336751087,0,明明那么多国家和人穷的要死，他们说产能过剩……[捂脸][捂脸][捂脸],1762698165,湖北,0,0,0,1970198403712525985,answer,9b59ad7105295d803e11ea4bc24b5887,https://www.zhihu.com/people/zhang-yang-76-9-67,飞狐,https://pic1.zhimg.com/v2-abed1a8c04700ba7d72b45195223e0ff_l.jpg?source=06d4cd63,1770829922720
11336768922,0,老天爷应该收了那个姓柴的,1762676834,江苏,0,1,0,1970198403712525985,answer,4e6d90daa6b6a49f89f98264defa3349,https://www.zhihu.com/people/55-53-90-53,多多,https://pic1.zhimg.com/v2-10b20470e80a6274affe25aeba407dce_l.jpg?source=06d4cd63,1770829922722
11336859866,0,太对了，以后规则自己定，去他的西方,1762692383,河北,0,1,0,1970198403712525985,answer,69bf4510885ae2085eab96a54966c019,https://www.zhihu.com/people/xie-ding-mao-49-36,薛定猫,https://picx.zhimg.com/v2-ccc04f8255cb825e8e9deabb398f0740_l.jpg?source=06d4cd63,1770829922725
11336069545,0,柴静之流除了名字是汉字 ，其他都全盘西化了,1762569975,重庆,0,9,0,1970198403712525985,answer,eca38af9acb5fccb06b556ab24dbb501,https://www.zhihu.com/people/ycnmp-32,风舟-媒体人,https://pica.zhimg.com/v2-09e8c935d8a40eee089679dbcef9eec8_l.jpg?source=06d4cd63,1770829922727
4796813860,0,怎么知道销售一辆车会得到几个积分呢？这是怎么判定的,1633019004,,1,0,0,389726778,article,9c67a24171bf7f71b3697ccbf3443128,https://www.zhihu.com/people/yang-fan-50-77,知乎用户6vMoZR,https://picx.zhimg.com/v2-55c2bc92e59952204d160ea95dd17815_l.jpg?source=06d4cd63,1770829927055
4561767015,0,光伏发电企业碳积分如何换算,1626320037,,0,0,0,389726778,article,bc48bab9dc6d974d751bd6d06d7f893a,https://www.zhihu.com/people/jian-guo-56-57,坚果,https://picx.zhimg.com/v2-87d14fb4c9f38aa5e524d41b8d400248_l.jpg?source=06d4cd63,1770829927058
11291545575,0,你猜为什么科比大雾天也要坐飞机，因为没有轨交，所有人都在开车，路已经堵成一坨了。这才叫没有选择。,1758105371,上海,0,1,0,1951677176807137587,answer,8453e1da14a04d793a1a652b7408022b,https://www.zhihu.com/people/zhu-zhu-8-82-31,朱朱,https://pica.zhimg.com/v2-910793f5cf21880c0f514b5771631907_l.jpg?source=06d4cd63,1770829941682
11358531869,0,手动挡才有驾驶的乐趣,1764762467,安徽,77,868,1,1978848198907957338,answer,d83cc3b95f3686805b37773235ae5139,https://www.zhihu.com/people/wang-xiang-67-50,会飞的猪,https://pic1.zhimg.com/v2-abed1a8c04700ba7d72b45195223e0ff_l.jpg?source=06d4cd63,1770829948305
11362400943,0,高铁那个，真是记忆犹新。“高铁没了绿皮车路上的风景”,1765256747,四川,13,233,1,1978848198907957338,answer,c5de28b995584d3414966faf9b63ca15,https://www.zhihu.com/people/pi-zi-kin,剑雨倚楼,https://picx.zhimg.com/v2-4dbc3b3c365029b861fd18d2df5f79c9_l.jpg?source=06d4cd63,1770829948307
11362517389,0,Email的出现让信件丧失了等待的乐趣；微信扫码让付款丧失了纸币的厚重感,1765258314,广东,1,181,0,1978848198907957338,answer,31ab20c040852c607adfea928ca32a92,https://www.zhihu.com/people/cloud-90-42,cloud,https://picx.zhimg.com/v2-b6823acb11ea811990152a6d4d143483_l.jpg?source=06d4cd63,1770829948309
11357161568,0,瞄准的乐趣没绷住[捂脸],1764660114,江苏,4,95,0,1978848198907957338,answer,6cf0e2295e7c3228b50d6d6e954ed3db,https://www.zhihu.com/people/mr-rainbow-53-20,Mr.钓鱼王,https://picx.zhimg.com/v2-c6ef9a186aaa420f49f1dcfcc0294f0d_l.jpg?source=06d4cd63,1770829948312
11363767830,0,因为电车出现了，原先丰田喜欢挂在嘴上的省油成了笑话。,1765348281,江苏,20,72,0,1978848198907957338,answer,84950c0bbbf6b153510bbf0da693e825,https://www.zhihu.com/people/ni-song-qi,song,https://pic1.zhimg.com/v2-e9422ec96f6444cf6b196a999118599d_l.jpg?source=06d4cd63,1770829948315
11356348305,0,5g:谁说不是呢[惊喜],1764578803,广东,0,51,1,1978848198907957338,answer,97c774057a77946a0237f6ad224d978d,https://www.zhihu.com/people/yong-gan-de-shi-wa-ben-ren,勇敢的施瓦本人,https://picx.zhimg.com/v2-85421daf1c4fac029112cf14efbcc94f_l.jpg?source=06d4cd63,1770829948317
11363117195,0,高铁那个，想起当年他们常说的那句：中国啊，请等等你的人民！（大概是这句，记不太清了[doge],1765298224,江苏,4,41,0,1978848198907957338,answer,91c3d1e0ae7e48cd12a71096815fdb48,https://www.zhihu.com/people/ywsnbdp,时髦编辑屑粒头,https://picx.zhimg.com/v2-87d96e2b5f907baf6ebfce7ab9a29c83_l.jpg?source=06d4cd63,1770829948319
11364172152,0,5g的网速再逆天，我上过那些网站却一去不复返了,1765354841,辽宁,1,43,0,1978848198907957338,answer,3afd1981171b89c78dba01f71d9aec91,https://www.zhihu.com/people/vgk7xh,老王不卖瓜,https://pic1.zhimg.com/v2-8a878a6548a9fd195fe3600f3e3b0642_l.jpg?source=06d4cd63,1770829948321
11375216445,0,吃的太饱，让我丧失了饥饿感[飙泪笑],1766499051,辽宁,1,34,0,1978848198907957338,answer,ad2f9b35e8c763bf3ebf5237860346af,https://www.zhihu.com/people/wong-85-74,大连金州勇士,https://picx.zhimg.com/v2-e525daf6f9b179993cc9583c97a80590_l.jpg?source=06d4cd63,1770829948323
11380342019,0,5g让看片失去了转圈等待的乐趣[飙泪笑],1767023334,河北,0,23,0,1978848198907957338,answer,233de9530e9e7cae81dd82ae12bf9c57,https://www.zhihu.com/people/a-zheng-82-72,阿正,https://pica.zhimg.com/v2-abed1a8c04700ba7d72b45195223e0ff_l.jpg?source=06d4cd63,1770829948325
11380512057,0,工人阶级的觉醒，让资本家失去了赚钱的乐趣[大笑],1767084138,北京,1,13,0,1978848198907957338,answer,21467f95fe338f1aaf0e31bed17dece0,https://www.zhihu.com/people/91-64-56-74-46,伊水寒,https://picx.zhimg.com/v2-4f3e5fb528fed9e8f7e65126bb71e9e5_l.jpg?source=06d4cd63,1770829950695
11378557550,0,有一说一，智能手机一天的续航真的是倒退，现在更是99%都要充电了。,1766896424,上海,14,12,1,1978848198907957338,answer,ea15efc9d8206909348f37c3d1afb65a,https://www.zhihu.com/people/an-tiger,安tiger,https://picx.zhimg.com/1342cc3f7d490f6a1fd848cc6d456edc_l.jpg?source=06d4cd63,1770829950698
11360107875,0,公知的话最有意思,1764981487,上海,0,6,0,1978848198907957338,answer,d9f9a461280bf27149c4ddaa34747732,https://www.zhihu.com/people/52-36-52-94,一枪,https://pic1.zhimg.com/v2-962897a6b6d443989a1613346d0116d9_l.jpg?source=06d4cd63,1770829950699
11383295393,0,前装枪：后膛枪让射击失去了装填的乐趣,1767409866,广西,1,8,0,1978848198907957338,answer,dc304c64aa5ff9effd87ebe9984fa12a,https://www.zhihu.com/people/harzsneat-meekol,旱地行舟,https://pica.zhimg.com/v2-65d6b8135b2ce8f49e3b8389f6958758_l.jpg?source=06d4cd63,1770829950703
11362852324,0,非常非常的到位[滑稽][滑稽][滑稽],1765219149,陕西,0,5,0,1978848198907957338,answer,2c64472073c5996ca284862552188669,https://www.zhihu.com/people/28-35-24-72-67,小凡,https://picx.zhimg.com/v2-4fc5701ef46f88130d26b4e72bda14ae_l.jpg?source=06d4cd63,1770829950707
11373307673,0,第一个其实是对的,1766335638,北京,1,3,0,1978848198907957338,answer,f4672847ef6a5ab51e0dbfefc7a75c9a,https://www.zhihu.com/people/--12-87-43-84,上下云游.,https://pic1.zhimg.com/v2-14654618c9c5c6d4d58a63ea7f9ec821_l.jpg?source=06d4cd63,1770829950711
11373581525,0,就是这个理,1766387549,安徽,0,2,0,1978848198907957338,answer,d83cc3b95f3686805b37773235ae5139,https://www.zhihu.com/people/wang-xiang-67-50,会飞的猪,https://picx.zhimg.com/v2-abed1a8c04700ba7d72b45195223e0ff_l.jpg?source=06d4cd63,1770829950713
11380383678,0,"高铁,请等等你的人民",1767064492,山东,0,2,0,1978848198907957338,answer,fd5172d5c91a3a6c372c57b194c4251a,https://www.zhihu.com/people/wu-zai-xian-80,文明抬杠标兵,https://picx.zhimg.com/v2-ffe5ba31ce504eb43c94598563f613f4_l.jpg?source=06d4cd63,1770829950715
11362828938,0,社会的发展 ，让我们失去了从前慢的平和,1765242698,江苏,1,2,1,1978848198907957338,answer,4d4fbd2e930a68e4f6e00097e2f50141,https://www.zhihu.com/people/tian-di-kuang-ke,天地狂客,https://picx.zhimg.com/7c6a930553ca425f48b73c7a2040a497_l.jpg?source=06d4cd63,1770829950717
11388783566,0,八抬大轿：马车的出现让驾驶者的地位陡降，应该取缔,1767947230,广东,0,1,0,1978848198907957338,answer,ab4655acc032458ff52c8b3808958ffd,https://www.zhihu.com/people/bai-da-fei-li-19,王司徒,https://picx.zhimg.com/v2-b403d8508bca96808c8711a8f6e61391_l.jpg?source=06d4cd63,1770829950719
11394324576,0,就有没有这么一种可能 要是没有补贴 没有限号优待 养路费平摊到电费里 电车根本就卖不动呢,1768517696,北京,5,1,0,1978848198907957338,answer,631c808b508c5c98eca712ffd7ce7efa,https://www.zhihu.com/people/li-jia-cheng-25,装逼即是正义,https://pic1.zhimg.com/v2-00790ecc018cf2e81a705facb9a92531_l.jpg?source=06d4cd63,1770829953120
11390768111,0,诺基亚说的对,1768192355,云南,0,1,0,1978848198907957338,answer,780a3b89751fcccc66b7c1c01c30c7f7,https://www.zhihu.com/people/wei-yi-de-tian-shi-86,旋风大王,https://picx.zhimg.com/v2-0fbf7f744a253f480c5526004617f671_l.jpg?source=06d4cd63,1770829953123
11373157279,0,柯达是最早一批数码相机玩家，发明了第一台数码相机。在尼康、佳能还在玩胶卷的时候，已经拿尼康、佳能的单反机身，改装成数码单反。在三大胶卷厂家里面是最坚定的转向数码的，只是转型失败了,1766330649,广东,0,1,0,1978848198907957338,answer,f2ccb5182a8fb28336f9f7473ec37dc9,https://www.zhihu.com/people/gua-niu-mk,蜗牛mk,https://pic1.zhimg.com/v2-abed1a8c04700ba7d72b45195223e0ff_l.jpg?source=06d4cd63,1770829953125
11358531869,0,手动挡才有驾驶的乐趣,1764762467,安徽,77,868,1,1978848198907957338,answer,d83cc3b95f3686805b37773235ae5139,https://www.zhihu.com/people/wang-xiang-67-50,会飞的猪,https://picx.zhimg.com/v2-abed1a8c04700ba7d72b45195223e0ff_l.jpg?source=06d4cd63,1770829953126
11392703568,0,这和公知有半毛钱关系？,1768354676,江苏,0,1,1,1978848198907957338,answer,5fe0ae2030c09016ec4188ddec1a6ad2,https://www.zhihu.com/people/zhang-kun-14-30,Truman,https://picx.zhimg.com/v2-abed1a8c04700ba7d72b45195223e0ff_l.jpg?source=06d4cd63,1770829953128
11355889370,0,冷知识：诺基亚是被苹果干死的，不是被杂牌干死的,1764582739,广东,67,0,7,1978848198907957338,answer,9dc06ff8013c34e28687ea2707753d6c,https://www.zhihu.com/people/60-67-77-94-55,PRNDS,https://picx.zhimg.com/v2-f7c1f8649e7b393fe3c8cf4dc9e32b33_l.jpg?source=06d4cd63,1770829953131
11356348305,0,5g:谁说不是呢[惊喜],1764578803,广东,0,51,1,1978848198907957338,answer,97c774057a77946a0237f6ad224d978d,https://www.zhihu.com/people/yong-gan-de-shi-wa-ben-ren,勇敢的施瓦本人,https://pic1.zhimg.com/v2-85421daf1c4fac029112cf14efbcc94f_l.jpg?source=06d4cd63,1770829953133
11413338459,0,高铁不是仪式感的问题，是时间不合适而已。绿皮车晚发朝至，最合适打工仔周末通勤。,1770660455,上海,0,0,0,1978848198907957338,answer,4a296aa8c3d684b31e6711136cfbd017,https://www.zhihu.com/people/miao-u-72,郑鑫桐,https://pic1.zhimg.com/v2-f15d8079f0d36343b99c44cf9071d83b_l.jpg?source=06d4cd63,1770829953136
11382865660,0,我们这破十八线县城还是个山城，全是上下坡[捂脸],1767327634,安徽,0,0,0,1978848198907957338,answer,d83cc3b95f3686805b37773235ae5139,https://www.zhihu.com/people/wang-xiang-67-50,会飞的猪,https://pic1.zhimg.com/v2-abed1a8c04700ba7d72b45195223e0ff_l.jpg?source=06d4cd63,1770829953138
11407320142,0,手机续航确实是很大的退步,1769942105,江苏,11,0,0,1978848198907957338,answer,640195d684da30c9716c987d4a5f2965,https://www.zhihu.com/people/feng-han-xin,如歌的行板,https://pica.zhimg.com/26b6551be_l.jpg?source=06d4cd63,1770829953140
11407048231,0,你别说一开始有人真反对马克沁。认为，还不如练几个神枪手,1769915918,江苏,0,0,0,1978848198907957338,answer,ef3cf552a1dd9882b9bb4ca63d322ac3,https://www.zhihu.com/people/78-86-72-80,冰之荧,https://pic1.zhimg.com/v2-fb3cde74ee45e50aa4a00636ed6b4199_l.jpg?source=06d4cd63,1770829955545
11406584006,0,高铁普及后，原来跨多个省的长途火车停运了好多，现在老人回一趟老家不容易。坐飞机头晕，高铁坐9个小时，还要从高铁站转去普铁站，再候车普铁，太难了,1769907003,广西,0,0,0,1978848198907957338,answer,8490cb96a08b0d34e3cc320240a786b8,https://www.zhihu.com/people/a-lang-92-10,阿郎,https://pic1.zhimg.com/v2-abed1a8c04700ba7d72b45195223e0ff_l.jpg?source=06d4cd63,1770829955548
11405608739,0,里头最搞笑的是柯达，ccd领头人变路边一条,1769744825,湖南,0,0,0,1978848198907957338,answer,a1d8ffe835ac76f6ab72543ddeb346f9,https://www.zhihu.com/people/86-95-12-41-33,不服的话随便,https://pic1.zhimg.com/v2-25ac7c0d6225fc37e7f4419d75895b22_l.jpg?source=06d4cd63,1770829955550
11400779761,0,油车不如马车一根[飙泪笑],1769216361,江苏,0,0,0,1978848198907957338,answer,65df90ffcf795fb1ab29a3e16d05d032,https://www.zhihu.com/people/yin-da-zhuang-93,职业选手吕郑豪,https://pic1.zhimg.com/v2-3e6c190d50bdeee6a4034492cd4963f5_l.jpg?source=06d4cd63,1770829955553
11395256488,0,元宇宙的出现会让货币贬值[大哭],1768627948,江西,0,0,0,1978848198907957338,answer,6e976dff77de22e6dea00c78b1411405,https://www.zhihu.com/people/9-23-12-58,秋月无边,https://picx.zhimg.com/v2-571eb65f4c8d1ab38b7e4dcc71b1691b_l.jpg?source=06d4cd63,1770829955555
11394862201,0,确实倒退，高端发动机，被低技术的增程+电池，用最简单的技术，直接避免复杂工况就行了。非常需要积累的底盘调教，人家直接研究各种电动空悬。需要巨大积淀的各种文化，品牌，质感，被智能化给一杠带走[捂脸][捂脸][捂脸][捂脸][捂脸][捂脸][捂脸],1768555002,贵州,6,0,0,1978848198907957338,answer,de4f870933d689151870c3a28580a52d,https://www.zhihu.com/people/xi-xia-tang,西夏唐,https://picx.zhimg.com/v2-7f61aa0887c23e1dd442ec3b9585cdf6_l.jpg?source=06d4cd63,1770829955557
11393974457,0,医疗检查仪器，导致望闻问切的中医基本技能的道退,1768496461,广东,0,0,0,1978848198907957338,answer,04a1d4d2d45b8ae4dd3fc1ce02383e96,https://www.zhihu.com/people/zj12345-70,zj12345,https://picx.zhimg.com/v2-22dfe7094375e34e38695123acd219db_l.jpg?source=06d4cd63,1770829955560
11361248808,0,群贤毕至,1765097676,云南,0,0,0,1978848198907957338,answer,18fc97e352ba90bbc5b03d3869a868fb,https://www.zhihu.com/people/hpei-en-yi-shi,H·佩恩一世,https://pic1.zhimg.com/v2-cfc72df8c6a9d20ab5c0408eb4fcc327_l.jpg?source=06d4cd63,1770829955562
11393593578,0,电车取代油车是必然，现在只剩最后一个瓶颈——电池易燃问题，例如去年某米烧死女大学生。只要电池易燃问题解决了，传统油车就基本上出局了，中国的能源安全问题也部分化解了，没全化解是因为工业生产也需要石油。,1768469103,广东,0,0,0,1978848198907957338,answer,3ba0da65af270c4b5ff53228870b8089,https://www.zhihu.com/people/jewluyu,Jewluyu,https://pica.zhimg.com/v2-f886d4a8f31f7f038f2e07f8b4a05226_l.jpg?source=06d4cd63,1770829955565
11393341322,0,市场 是检验真理的 唯二标准～,1768436659,天津,0,0,0,1978848198907957338,answer,8dd50b438a5664b511a673efabce5d1a,https://www.zhihu.com/people/4-61-92-7-71,起夜家,https://picx.zhimg.com/v2-ab59864229294186f691e7f865b0bb49_l.jpg?source=06d4cd63,1770829955567
11393267308,0,二十年前西安有个电台主持人曾多次在节目中说自己只听磁带或cd。,1768460901,湖北,0,0,0,1978848198907957338,answer,00d2b21a2f6db35dfe3ce9d576503fd5,https://www.zhihu.com/people/huang-yan-ling-40,6654,https://pic1.zhimg.com/v2-24fc0ac27386cadd216fe4820406ab9a_l.jpg?source=06d4cd63,1770829957913
11362026811,0,他们都有美好的未来,1765176724,四川,0,0,0,1978848198907957338,answer,446d67fc358d34f46371c40a4dd9be8d,https://www.zhihu.com/people/ljd214,环球移民咨询师,https://pica.zhimg.com/v2-f247a6fd798b89977e6bee7d03ce6f81_l.jpg?source=06d4cd63,1770829957916
11362091337,0,你这么说是不是太伤他们了,1765188358,北京,0,0,0,1978848198907957338,answer,9dd977b5d98c3a100af993d058ec0758,https://www.zhihu.com/people/oldsoldieryf,精神病院杨院长,https://picx.zhimg.com/v2-251d43c5290edb6177416afa395a7e98_l.jpg?source=06d4cd63,1770829957918
11363807512,0,数码相机是啥？,1765375111,河南,0,0,0,1978848198907957338,answer,2d09896d7c5f81568d8ec8c7b3742c46,https://www.zhihu.com/people/34-46-45-32-46,东海花园,https://pic1.zhimg.com/v2-e1b6192aa0d8dcf140ba189dea518a4c_l.jpg?source=06d4cd63,1770829957921
11392843251,0,高铁这个我难绷，我只希望能更快，因为女儿和儿子在老家长的太快了。,1768393647,广东,0,0,0,1978848198907957338,answer,51b227ce10656131de0adf54306eeec4,https://www.zhihu.com/people/yong-bao-47-93,QIN-汉,https://picx.zhimg.com/v2-0f5f82c44f9382451fbcfe5eaee231a2_l.jpg?source=06d4cd63,1770829957923
11364324639,0,[赞同][赞同][赞同],1765369284,广东,0,0,0,1978848198907957338,answer,c15c44cb30587a05af533c39e83d89ed,https://www.zhihu.com/people/zhong-wei-bin-97,钟承达,https://pic1.zhimg.com/v2-2dce45a141df005a09e4f08e4db0255e_l.jpg?source=06d4cd63,1770829957925
11392474383,0,这事情只能怪袁老，让他们吃得太饱了。,1768350552,上海,0,0,0,1978848198907957338,answer,36af3a821c1b0775fac76dfad7ce0c93,https://www.zhihu.com/people/vincee1982,vincee1982,https://picx.zhimg.com/v2-abed1a8c04700ba7d72b45195223e0ff_l.jpg?source=06d4cd63,1770829957928
11392391877,0,智能马桶让夜壶失去了指尖触碰到粑粑的体验,1768365224,浙江,0,0,0,1978848198907957338,answer,fadd0552b1a4b0a4bd2e76013ef5fe56,https://www.zhihu.com/people/don-99-90,精神病电疗科主任,https://picx.zhimg.com/v2-17e665d9a1f25f65b71db7caf7f1f854_l.jpg?source=06d4cd63,1770829957931
11392386043,0,ai的出现让编程丧失了仪式感[蹲],1768355145,广东,0,0,0,1978848198907957338,answer,8037a965b93c86be0030f06fea040aa2,https://www.zhihu.com/people/cannel-jiang,cannel jiang,https://picx.zhimg.com/v2-abed1a8c04700ba7d72b45195223e0ff_l.jpg?source=06d4cd63,1770829957933
11392385556,0,躺着挣钱比站着挣钱舒服,1768354335,四川,0,0,0,1978848198907957338,answer,689eec90a5bb54c9b645417badf4d1d1,https://www.zhihu.com/people/xiang-wei-28-43,懂时胜7997,https://pic1.zhimg.com/v2-ef1f7802e7e4538d0792d0fa9c214890_l.jpg?source=06d4cd63,1770829957935
11392209572,0,少了一味：武汉高铁辐射全国,1768326713,越南,0,0,0,1978848198907957338,answer,4ce167a6db9190a0016a469c67f4c60b,https://www.zhihu.com/people/da-dao-55-74,大盗,https://picx.zhimg.com/v2-3e7ca28407f1e4b68c17b0e6dad0fc53_l.jpg?source=06d4cd63,1770829960255
11391891025,0,诺基亚那里改一改，诺基亚不是死于智能机。诺基亚在塞班系统年代也是几乎垄断地位。诺基亚是死于坚持用电阻屏，而苹果发展了无按键的电容屏。,1768345195,海南,0,0,0,1978848198907957338,answer,a3fe21b7268787e5dfaec88cd52158ba,https://www.zhihu.com/people/ooba-58,OOBa,https://picx.zhimg.com/v2-710aa3680106a925ccdbc29589bc7b17_l.jpg?source=06d4cd63,1770829960257
11388305545,0,虽然后面的都是这样，但是我还是认为智能手机续航超过一天会更好,1767918028,北京,0,0,0,1978848198907957338,answer,d2b2bddadd60cf910f6c6dab3cfe3ae1,https://www.zhihu.com/people/14-16-21-33,王艮,https://picx.zhimg.com/v2-abed1a8c04700ba7d72b45195223e0ff_l.jpg?source=06d4cd63,1770829960260
11364831855,0,最后这碟醋，配得上这盘饺子。,1765422415,黑龙江,0,0,0,1978848198907957338,answer,17c98747b2a79d3f9045942bd87d6cc9,https://www.zhihu.com/people/17-13-20-45,数据溢出,https://picx.zhimg.com/v2-852f3d8cbdf6f48db5e9d3de9853e0ce_l.jpg?source=06d4cd63,1770829960263
11387877709,0,看过丰田章男的讲话就知道基本是个没啥大能力的富二代，并且继承了日本人唯心固执的各种缺点，丰田毁在他这代是早晚的事情,1767849165,江西,0,0,0,1978848198907957338,answer,f4441f68ce6c08597db25444636233f5,https://www.zhihu.com/people/jie-sheng-99,仙人板板板,https://picx.zhimg.com/07d8a741e_l.jpg?source=06d4cd63,1770829960266
11387276362,0,胶卷确实有拍摄乐趣[捂脸],1767778267,广东,0,0,0,1978848198907957338,answer,57b0dd1cb2ddfbc3c10b6f6e795b5361,https://www.zhihu.com/people/pan-jun-yu-55,ColdString,https://picx.zhimg.com/v2-9c4b2e61bfd5aa7edd0e7fc792e99b29_l.jpg?source=06d4cd63,1770829960269
11386879247,0,把手动挡换购电车，你的自动挡就吃灰了,1767791234,安徽,0,0,0,1978848198907957338,answer,d83cc3b95f3686805b37773235ae5139,https://www.zhihu.com/people/wang-xiang-67-50,会飞的猪,https://picx.zhimg.com/v2-abed1a8c04700ba7d72b45195223e0ff_l.jpg?source=06d4cd63,1770829960271
11386369545,0,那能一样吗[吃瓜],1767756436,四川,0,0,0,1978848198907957338,answer,db614a78c819f5fae050a69b24177a5a,https://www.zhihu.com/people/sky1458,Type-K,https://picx.zhimg.com/v2-f841485ef8fa16938f1b4c08bcccc769_l.jpg?source=06d4cd63,1770829960273
11386081029,0,应该后退回到马车年代,1767671465,北京,0,0,0,1978848198907957338,answer,96cfbfb90385fa86dd51ec6022660340,https://www.zhihu.com/people/liu-wei-amy,刘巍Amy,https://pic1.zhimg.com/v2-abed1a8c04700ba7d72b45195223e0ff_l.jpg?source=06d4cd63,1770829960276
11385955666,0,柯达应该说手机，相机还要单独购买，手机几乎人手一台[机智],1767646070,浙江,0,0,0,1978848198907957338,answer,163467cb92b66999b8cd2e785a3af604,https://www.zhihu.com/people/bai-chi-bai-he-76,百合,https://picx.zhimg.com/v2-d96dbfad01d3e82758ead632f426c0d8_l.jpg?source=06d4cd63,1770829960278
11384806227,0,有了电动摩托，谁还开日本进口的什么本田、铃木王摩托？开雅迪、台玲电车方便、舒服多了,1767579802,广东,0,0,0,1978848198907957338,answer,8d56d651b28773ba2e366c3e4f82c257,https://www.zhihu.com/people/tulc,水秋壶一,https://pica.zhimg.com/v2-abed1a8c04700ba7d72b45195223e0ff_l.jpg?source=06d4cd63,1770829962639
11384664047,0,功能机和胶卷相机的确还有存在的必要，只是从大众商品变为小众罢了,1767519161,北京,0,0,0,1978848198907957338,answer,644056b4fe9556a4f6c2bfc3f5aa7d6c,https://www.zhihu.com/people/panbianle,浓眉大眼的,https://picx.zhimg.com/v2-47c84e8c73af24182fc94464ad21c0a6_l.jpg?source=06d4cd63,1770829962641
11383141636,0,互联网的出现，让集邮这个传统一下没了市场。,1767391931,山东,0,0,0,1978848198907957338,answer,8122ebadbf4fda19babc79841013f02d,https://www.zhihu.com/people/da-dao-zhi-jian-83-51,大道至简,https://pic1.zhimg.com/v2-abed1a8c04700ba7d72b45195223e0ff_l.jpg?source=06d4cd63,1770829962644
11366487623,0,从前车马很慢。,1765611282,四川,0,0,0,1978848198907957338,answer,ca5d4f56e05775591342ee775b3fbe53,https://www.zhihu.com/people/zhang-chao-68-93-31,我是谁,https://picx.zhimg.com/v2-abed1a8c04700ba7d72b45195223e0ff_l.jpg?source=06d4cd63,1770829962646
11372743820,0,有一说一，燧发枪到马克沁跨度有点大，那玩意还是前膛枪。,1766306435,江西,0,0,0,1978848198907957338,answer,665dcb60397d2b305e4ed3b5845e9bc2,https://www.zhihu.com/people/han-jie-zhi-xiao-lao-shu-yao,厂价直销老鼠药,https://picx.zhimg.com/v2-abed1a8c04700ba7d72b45195223e0ff_l.jpg?source=06d4cd63,1770829962648
11369053818,0,同样东西以前卖三十五万供不应求，现在卖21销量寡淡，这不是破落是发达了？,1765934866,北京,0,0,0,1978848198907957338,answer,2e8df73af19b758b9dddba8c2de9ec2c,https://www.zhihu.com/people/zheng-xi-ding-ni,郑喜定呢,https://picx.zhimg.com/v2-abed1a8c04700ba7d72b45195223e0ff_l.jpg?source=06d4cd63,1770829962651
11382499439,0,笑死😂,1767358647,四川,0,0,0,1978848198907957338,answer,3fd93533415a53e184957a7446a41e0b,https://www.zhihu.com/people/pu-gong-ying-11-76,蒲公英,https://picx.zhimg.com/v2-933c3e6cfe11904c44e5d77a1c24b0d3_l.jpg?source=06d4cd63,1770829962654
11382482015,0,智能手机这个是事实啊。智能手机就不是通讯工具。,1767312493,湖北,0,0,0,1978848198907957338,answer,13b2cb1ea81e8302ff3d65cbf1f9c8e0,https://www.zhihu.com/people/ju-lu-si-64,鞠橹佀,https://picx.zhimg.com/v2-c86870e81618966652bf57d5d71f21d7_l.jpg?source=06d4cd63,1770829962656
11382343757,0,不是射击的的乐趣是装弹的仪式感,1767315795,福建,0,0,0,1978848198907957338,answer,144ee2d80d64a67e0e74e4ff8626de01,https://www.zhihu.com/people/si-ma-zhao-12,奈落,https://pic1.zhimg.com/v2-50e70ed4ca615262b3ca8c65b983ceb1_l.jpg?source=06d4cd63,1770829962659
11382085720,0,只要角度刁钻，一切都是倒退。,1767208969,四川,0,0,0,1978848198907957338,answer,d352cb7a2b011655425746a291fabd47,https://www.zhihu.com/people/peng-po-yu-76,梵小妧,https://picx.zhimg.com/v2-cdafbee392f194eb4b07c48bd18b2499_l.jpg?source=06d4cd63,1770829962661
11381575847,0,钨丝灯→白炽灯→LED灯消灭了蜡烛／油灯的摇曳感,1767156013,广东,0,0,0,1978848198907957338,answer,7cbc259d47f92b59eb1c682becee26df,https://www.zhihu.com/people/wei-xian-0-0,危险0 0,https://picx.zhimg.com/v2-8af71325a0147c09c8c46e31ab8de241_l.jpg?source=06d4cd63,1770829965066
11380047284,0,马车那个在汽车电车出现之后很长很长一段时间其实对的，但是原话并不是什么绿色出行，而是汽车电车不如马车便捷！直到1937年差速器发明以后马车才彻底退出了历史舞台，要知道一战运输运力的主力是马车！而不是汽车电车！,1767002434,浙江,0,0,0,1978848198907957338,answer,8757f66db1566253ffd19ae24344ebaf,https://www.zhihu.com/people/xu-zhen-ming-76,勇强,https://picx.zhimg.com/v2-5790684efd095b08aeb4dbc7e0e71da2_l.jpg?source=06d4cd63,1770829965068
11379116464,0,马的二氧化碳和烷排放量也不低,1766904447,江苏,0,0,0,1978848198907957338,answer,e2cb89de79581466050f142a41551ec8,https://www.zhihu.com/people/mjde-xiao-mi-di,积森,https://picx.zhimg.com/v2-38e610361d4cf8a50676b87a4c25ffc5_l.jpg?source=06d4cd63,1770829965072
11376069337,0,第一句话我同意，天天充电烦死了，还不能换电池。,1766625239,浙江,3,0,0,1978848198907957338,answer,da6e52ff81931dd25f74b2aef7c81f4e,https://www.zhihu.com/people/kuangc1000,kuangc1000,https://pic1.zhimg.com/v2-33b9ae9aa42ed9aa8c0ab3b56bf1c867_l.jpg?source=06d4cd63,1770829965075
11374182412,0,怪会总结的,1766454627,河南,0,0,0,1978848198907957338,answer,581f608cc1bd13d5a8c64cea9ce237db,https://www.zhihu.com/people/lu-yan-fei-58-21,鲁大师,https://pic1.zhimg.com/v2-8ac9720dd6cf86a2c2db717b3ee503c9_l.jpg?source=06d4cd63,1770829965077
11369988123,0,第一条确实是真的[大哭],1766027640,山东,0,0,0,1978848198907957338,answer,d0ce63efe19a6f1dc41ba7e575d16a9a,https://www.zhihu.com/people/cygnusky,轻舟逐浪,https://picx.zhimg.com/v2-df277c8c3894e2a2892a968cf7cc2db4_l.jpg?source=06d4cd63,1770829965078
11373849455,0,我问：哈哈哈哈哈哈哈哈,1766403548,中国,0,0,0,1978848198907957338,answer,e1e6ba5874e4b0c2c77d757b2eee9094,https://www.zhihu.com/people/ma-hu-hou-82,马虎猴,https://picx.zhimg.com/v2-8a380ced801e2723a23f634ef1f1f491_l.jpg?source=06d4cd63,1770829965081
11373782991,0,那！能！一！样！嘛！[酷][酷][酷][doge],1766386803,河北,0,0,0,1978848198907957338,answer,7a56ef78a1b20064b46e105190b54d79,https://www.zhihu.com/people/wu-la-wu-la-22-50,青瓦长忆旧时雨,https://picx.zhimg.com/v2-d16552872a24b5a5188385f9ce4308fa_l.jpg?source=06d4cd63,1770829965083
11373778884,0,"""那能一样嘛""[害羞]",1766378711,江苏,0,0,0,1978848198907957338,answer,7b0ffe26e3bcf13e6b62249288df78d1,https://www.zhihu.com/people/qing-kong-pi-li-zhang-da-ye-44,晴空霹雳你大爷,https://picx.zhimg.com/v2-abed1a8c04700ba7d72b45195223e0ff_l.jpg?source=06d4cd63,1770829965085
11373635329,0,诺基亚续航一塌糊涂，只是不点亮屏幕而已,1766381158,北京,0,0,0,1978848198907957338,answer,945854637b45ce952fef93d80cbac84d,https://www.zhihu.com/people/zhanggame,zhanggame,https://picx.zhimg.com/v2-abed1a8c04700ba7d72b45195223e0ff_l.jpg?source=06d4cd63,1770829965087
11372775077,0,高铁那个我是真在意林上看到过[doge],1766307252,江苏,0,0,0,1978848198907957338,answer,cacd9691277d551431cf1904d75e73b6,https://www.zhihu.com/people/tian-han-dong-xiao,Dawner,https://pica.zhimg.com/v2-354d6055c8bf959978da63bfd9b85055_l.jpg?source=06d4cd63,1770829967434
11411425276,0,上学时不认真学习马原，新生事物 诞生时总会遭遇旧事物的不断攻击、联合攻击，外因是你把人家锅给砸了，内因是新生事物不可能一出现就做到面面俱到的取代旧事物，总还是有各种各样的不成熟，但人家最核心的东西是先进的，不成熟的边缘事项迟早会成熟。[酷]至于落后的玩意儿，迟早被丢进垃圾堆，只有少数精品还适合供在博物馆里。[酷],1770364811,湖北,0,0,0,1978848198907957338,answer,8ebd454412921171b8b0d0bb93ee9846,https://www.zhihu.com/people/taylor-nono,Taylor Nono,https://picx.zhimg.com/v2-694af4709c3703b0e65c7a4c3c4347a5_l.jpg?source=06d4cd63,1770829967437
11371928960,0,我还是喜欢他们谈省油、速度、操控感的桀骜不驯,1766199219,云南,1,0,0,1978848198907957338,answer,fc1373d3afc6c2f39d01c92aae60e6c3,https://www.zhihu.com/people/62-89-54-78-77,莫易,https://pic1.zhimg.com/v2-5fc67a2efe2e8f52b40fac8a80da1442_l.jpg?source=06d4cd63,1770829967439
11371801997,0,无级变速让人们丧失挂挡的操作感,1766151144,吉林,0,0,0,1978848198907957338,answer,e1e71c22d2420c752aa62589d7a5d2b4,https://www.zhihu.com/people/shi-shi-shi-41-18-32,是是是,https://pic1.zhimg.com/v2-abed1a8c04700ba7d72b45195223e0ff_l.jpg?source=06d4cd63,1770829967441
11382977785,0,作者明显就是小孩子，诺基亚是自己的智能系统不行，塞班系统，被安卓和苹果系统干死，不是你所谓的不走智能化路线。,1767385394,浙江,1,0,0,1978848198907957338,answer,030fe695126694a6dceecfadf271bee8,https://www.zhihu.com/people/ren-san-li-hua-luo,人散梨花落,https://picx.zhimg.com/v2-3e52d06d17d910c2a6c5c752c2481c79_l.jpg?source=06d4cd63,1770829967443
11370160650,0,先让马斯克和丰田章男打一架[图片],1766025843,江苏,0,0,0,1978848198907957338,answer,d72627431376b3633cc870baf775226c,https://www.zhihu.com/people/li-xiao-50-28,海候米军鉴定大赏,https://picx.zhimg.com/6f61c2adf830fd879ad7e2c7d968bcd7_l.jpg?source=06d4cd63,1770829967447
11357246876,0,公知的存在让湿厕纸成为多余！,1764658559,上海,0,8,0,1978848198907957338,answer,db0012d2c6485816df1c5ceaf7058d74,https://www.zhihu.com/people/mb-killer,MB-遥远的小山村,https://picx.zhimg.com/v2-819c231fdb92200a0c47e0a7ae3e6458_l.jpg?source=06d4cd63,1770829967449
11374583092,0,公知的出现是人类退化的标志。,1766452129,上海,0,1,0,1978848198907957338,answer,9223ea6b9632daa1fac74d16a47c8843,https://www.zhihu.com/people/18117340981,pytrader,https://pic1.zhimg.com/v2-abed1a8c04700ba7d72b45195223e0ff_l.jpg?source=06d4cd63,1770829967452
11362871468,0,小日本怎么不说email是工业倒退的标志，什么年代了居然还在用传真,1765266568,江苏,0,0,0,1978848198907957338,answer,4805c304c4e518da13df1f793400d8bb,https://www.zhihu.com/people/tang-yu-gang-74,阿阿阿阿阿阿,https://picx.zhimg.com/v2-abed1a8c04700ba7d72b45195223e0ff_l.jpg?source=06d4cd63,1770829967454
10561490985,0,我媳妇同事取文件取了四个小时没回单位，把他们单位领导急得，打电话问为啥还没取回来。人家说单位不派车，打车钱又不报销，我只好走着去走着回来了[捂脸][捂脸][捂脸],1684364566,黑龙江,0,29,0,3031435755,answer,656686f22e3fb8cf2ee190a59a38e743,https://www.zhihu.com/people/chun-tian-de-shi-qi-ge-shun-jian-92,野蛮冲撞,https://picx.zhimg.com/v2-57b9a9ad316be96a250dce383062bd98_l.jpg?source=06d4cd63,1770829976319
10562150730,0,开电动推土机去送文件可能有点慢我觉得,1684398195,广西,1,12,0,3031435755,answer,e4133b703065fef1441e7bba58fe789a,https://www.zhihu.com/people/kkxlllc,kkxlllc,https://pica.zhimg.com/v2-abed1a8c04700ba7d72b45195223e0ff_l.jpg?source=06d4cd63,1770829976322
10563918111,0,什么单位不让进自行车？,1684549617,江西,1,10,0,3031435755,answer,8050bcf1049cc19959c3ab14ff11482e,https://www.zhihu.com/people/xun-zhao-wu-shuang-67,寻找无双,https://pic1.zhimg.com/65bccf7e1_l.jpg?source=06d4cd63,1770829976324
10564037774,0,局里门卫不让进，局长说话都没用[惊喜],1684559211,浙江,2,9,0,3031435755,answer,52306be692a6232c8e912c64051edb4a,https://www.zhihu.com/people/li-yan-hong-20-31,谦豫,https://picx.zhimg.com/v2-1bfc6bcadef33bb020b8f326b9ec211c_l.jpg?source=06d4cd63,1770829976326
10562016604,0,哈哈，我都是骑电动滑板送文件，没电了就在单位充电。[耶],1684421131,黑龙江,0,1,0,3031435755,answer,9754ca7bab0809f3efc02788902338dc,https://www.zhihu.com/people/jiang-xiao-xi-57,江小猎,https://pic1.zhimg.com/v2-68e361d81e8d6b3f91b9ab31a6c33de2_l.jpg?source=06d4cd63,1770829976328
10565447177,0,现在共享电单车又要戴共享头盔，还是等公车吧,1684679273,江苏,0,2,0,3031435755,answer,0f26f7a317f016e737d17c6b7ebf50ed,https://www.zhihu.com/people/hui-32-74,hui,https://picx.zhimg.com/v2-abed1a8c04700ba7d72b45195223e0ff_l.jpg?source=06d4cd63,1770829976330
10606766363,0,门卫这么牛的单位[doge],1688369842,湖南,2,0,0,3031435755,answer,4e17e42a5bcdffddba7cf992877a0af1,https://www.zhihu.com/people/wo-shi-fa-lao-wang,我是法老王,https://pica.zhimg.com/v2-b1c7a7ee113c31fc4c9ac95b42a8b2e2_l.jpg?source=06d4cd63,1770829976332
10574425492,0,你说公交车等半小时还正常，你说公交晃荡了一个小时共享单车只要20分钟，是不是对时间有误解？,1685488569,江苏,3,0,0,3031435755,answer,744f90b6b67a166923d47c90d9f652be,https://www.zhihu.com/people/yang-di-78,yangdi,https://picx.zhimg.com/v2-abed1a8c04700ba7d72b45195223e0ff_l.jpg?source=06d4cd63,1770829976335
11377586525,0,还是新国标，中美居然达到了统一,1766730215,湖北,2,47,0,1987844890093175083,answer,821ae58eabab2beea800e6d36915a692,https://www.zhihu.com/people/47-49-69-20,山槐之下,https://pic1.zhimg.com/v2-abed1a8c04700ba7d72b45195223e0ff_l.jpg?source=06d4cd63,1770829982973
11377702833,0,15 英里/小时 = 24.1402 千米/小时，比中国新国标还要慢哦[机智]不过这是交规限速，对标的应该是中国交法15千米/小时的非机动车道限速。,1766734087,北京,1,12,0,1987844890093175083,answer,8b13f170f2f907fdd15c92a36da9752d,https://www.zhihu.com/people/yn-yr,yn yr,https://picx.zhimg.com/v2-82049c905cc085163337620bcbbf145c_l.jpg?source=06d4cd63,1770829982975
11377600445,0,美国有四轮把非机动车道当停车场吗,1766757076,安徽,7,11,1,1987844890093175083,answer,99c731e36d79b5645ba5dec9d7723574,https://www.zhihu.com/people/yan-fang-47,西西弗斯,https://pic1.zhimg.com/cf528503ff84dbab0bf0dd40193428f8_l.jpg?source=06d4cd63,1770829982977
11377720436,0,纽约禁摩吗？,1766765170,上海,8,0,0,1987844890093175083,answer,077b13206bd8c1709feece0d4b126957,https://www.zhihu.com/people/exas-tt,木工米青,https://picx.zhimg.com/v2-abed1a8c04700ba7d72b45195223e0ff_l.jpg?source=06d4cd63,1770829982979
11378416028,0,your weed sucks。。。weed真无处不在吗？,1766886157,浙江,1,0,0,1987844890093175083,answer,561d2792db8a0dc6403061f038862d5a,https://www.zhihu.com/people/yuyu-56-68,yuyu,https://pica.zhimg.com/1bfdcd5710b97107b68ebcdebb6c7f9b_l.jpg?source=06d4cd63,1770829982981
11333128775,0,但现在被鼻怒惯的，绿色伴游彩虹价，张嘴就是一小时两三百、一天两三千，很难找到价格合适的纯绿,1762266477,上海,5,34,0,1968047231945937019,answer,c92773d7ae94def005f0c584c014c0c4,https://www.zhihu.com/people/Hunter1943,知乎用户I9N8ru,https://pic1.zhimg.com/v2-abed1a8c04700ba7d72b45195223e0ff_l.jpg?source=06d4cd63,1770829987511
11333845423,0,有点反人性，如果白天跟我玩的人，我晚上对她没想法，那么根本没有必要白天一起玩。,1762333557,上海,13,16,0,1968047231945937019,answer,e4901835563f86860b78516413f94da7,https://www.zhihu.com/people/qisiboge,FireLikeABoss,https://picx.zhimg.com/74adcf445e7c3429ba2277059c332a29_l.jpg?source=06d4cd63,1770829987513
11332031772,0,是的我去厦门找了个小妹妹带我去本地人吃饭的小馆子各种逛，避开了各种网红点,1762216279,上海,2,12,0,1968047231945937019,answer,09e986fd606245b46f73f482051f6dfa,https://www.zhihu.com/people/ji-nian-shi,爱尔奎德,https://pic1.zhimg.com/6e2adabd64cffd983e996718db2c29eb_l.jpg?source=06d4cd63,1770829987515
11333484424,0,如果你觉得自己需要纯绿伴游，说明晚上那点溢价服务你也需要，只是你的钱包不支持你需要。。,1762311500,北京,5,4,0,1968047231945937019,answer,8507ab490d24c88d1f3c20007e983ba9,https://www.zhihu.com/people/qian-ming-44,钱明,https://pica.zhimg.com/4a2e2700f6359015950a9a823dcd70c3_l.jpg?source=06d4cd63,1770829987518
11333047812,0,纯绿也是这个收费,1762302503,广东,3,3,0,1968047231945937019,answer,fcbedf717f789d228c05ca940027f444,https://www.zhihu.com/people/chipgossip,车和芯,https://picx.zhimg.com/v2-73f115456cfa50ceae6c89319b724aea_l.jpg?source=06d4cd63,1770829987520
11333626674,0,小地瓜上有个人绿色伴游评测赛道，一个博主找了四五十位，涵盖广深，成渝，西安，专门洗过他的数据，结论如下：1.颜值中等。以二本文科院校为锚，颜值大约在30到70分位，偶尔有学院礼仪队级别。2.打扮水平中等。有基本妆容和服装搭配，但无精致妆容和服装，无擦边小妹性感穿搭。3.履约和服务能力差。迟到的比例在七八成，没有严格流程管理，缺乏主题搭建和情感共鸣。当然，这是站在甲方视角，如果是两个大学同学一起出去玩就显得很正常，毕竟伴游是真.女大学生。4.费用打在80到120每小时，一人一价，总体方差不大。包天八小时大约500到600封顶。伴游中所有发生费用甲方支付。5.有一定搜寻成本，供给也不饱满。大体上需要一小时左右的搜索，拉扯，排除骗子、明显履约能力过弱，档期不对等情况。6.大约有20％的伴游会明示或暗示转彩虹，期望获得的费用在1000到3000这个区间，博主声明明确拒绝彩虹。综上，绿色伴游大体上就是花个一百一小时，找个二本普女同学和你出去一起玩[红心],1762344095,浙江,3,4,0,1968047231945937019,answer,488186c211b652902fbd1251d3764630,https://www.zhihu.com/people/bai-gui-gui-32,白龟龟,https://picx.zhimg.com/27b1f47687227b96efdb828eac69c7c1_l.jpg?source=06d4cd63,1770829987522
11333005797,0,旅行社有这种合作的伴游，还配包车带你去各种景点，一天也就一两百，比打车值多了,1762252023,广东,2,3,0,1968047231945937019,answer,5a44d6839721309d0d857005b9926b7f,https://www.zhihu.com/people/hua-shang-233,华觞,https://picx.zhimg.com/v2-b73ea9cb384ebad74028bd2d9c2da837_l.jpg?source=06d4cd63,1770829987524
11334033792,0,我感觉我完全没有这个需求，跟团我还能接受，单独一个陌生人带着我，我感觉压力好大。要是对方是个召唤兽，需要的时候召唤一下，用完就让ta消失，那就完美了。[飙泪笑],1762386750,江苏,1,2,0,1968047231945937019,answer,c122e357757ffcd4a37fcb80890140eb,https://www.zhihu.com/people/feng-zhi-liao-ya,风之獠牙,https://pic1.zhimg.com/v2-abed1a8c04700ba7d72b45195223e0ff_l.jpg?source=06d4cd63,1770829987526
11335525615,0,纯绿的在旅行社找，根据地区不同价格在300左右，提供开车服务的会贵一两百。,1762494912,广东,0,1,0,1968047231945937019,answer,f6d61297a05dbe16469b524ee1a0ca7d,https://www.zhihu.com/people/mo-chi-62-79-33,Whisper,https://picx.zhimg.com/v2-093ba951a7fc2503639927cc828ef1bb_l.jpg?source=06d4cd63,1770829987529
11334717418,0,最主要这服务没评价体系啊，不是价格的问题，是价格和服务能不能匹配的问题。,1762418189,上海,0,1,0,1968047231945937019,answer,ddba0798e2a45dad5e06afe09c63fcc7,https://www.zhihu.com/people/Wei_John,momo,https://pic1.zhimg.com/v2-7c32845eaa34fffa952830b8bea2890d_l.jpg?source=06d4cd63,1770829987531
11338371094,0,这种肯定没有咯，基本都是坑大冤种，我意思是如果能做到只针对当地的私人导游级别的，哪怕价格比这种素菜荤价更高都会有人愿意付费[小情绪],1762855525,浙江,0,0,0,1968047231945937019,answer,ea334253938509c2d3fa429451bf2bdf,https://www.zhihu.com/people/yu-bo-1-8,呵呵哒哒哒,https://pica.zhimg.com/v2-33cbd05a8270326e0519e32a7bac8db1_l.jpg?source=06d4cd63,1770829989933
11337330308,0,我有个新思路上要去的地方职校表白墙上面找女性兼职你会找到一大堆大学生纯绿[感谢],1762726666,广东,0,0,0,1968047231945937019,answer,5f9efd3b1424ae3515a3bd7945d7ea7e,https://www.zhihu.com/people/11-37-4-44,知乎用户欧,https://picx.zhimg.com/v2-0a02502acc5dea07b84f6db85dd10b71_l.jpg?source=06d4cd63,1770829989935
11335034250,0,不是 术业有专攻 我不喜欢什么钱都想赚的人[生气],1762499999,福建,0,0,0,1968047231945937019,answer,1c97a3a998f40a35b0bc2fc1372d8ec5,https://www.zhihu.com/people/li-hua-bao-zi,狸花包子,https://pic1.zhimg.com/v2-cb914e0b6a9b0f8fe12a0d9f40b23712_l.jpg?source=06d4cd63,1770829989937
11334567550,0,不行就不行[doge],1762414441,贵州,0,0,0,1968047231945937019,answer,65204c15d8b61aabedaa426109ebba45,https://www.zhihu.com/people/yuan-quan-84-44,怀德先生,https://pic1.zhimg.com/v2-314e51544f6d254c8f681924801c84c2_l.jpg?source=06d4cd63,1770829989939
11333670072,0,携程重庆的导游8小时500，说英文的800. 上周刚订过。,1762328855,上海,1,0,0,1968047231945937019,answer,9aaebaf3a3916b5a67d1b861209cdc3a,https://www.zhihu.com/people/zhang-vincent-93,VZvz,https://pic1.zhimg.com/ccf18d506_l.jpg?source=06d4cd63,1770829989941
961998820,0,没用过空调[捂脸],1591451028,,0,0,0,1261743311,answer,b99aebf465d08559abbe8f9e19e317fb,https://www.zhihu.com/people/wo-zhi-shi-ge-guo-ke-76,我只是个过客,https://picx.zhimg.com/v2-abed1a8c04700ba7d72b45195223e0ff_l.jpg?source=06d4cd63,1770829994230
3017866032,0,你在云南昆明吗,1622859688,,1,0,0,1261743311,answer,69a5ded55f836270af84488767560867,https://www.zhihu.com/people/zhao-ying-chun-73-28,赵迎春,https://picx.zhimg.com/v2-a1f9a5a208609e528e8259f33221b5cf_l.jpg?source=06d4cd63,1770829994234
11227799757,0,我的嘴替，好久没看到人提《我们爱科学》了，这杂志当年真不错,1752292493,美国,5,77,0,1927256354143306240,answer,c24a83b1e5114e8ef9cd439aebc41595,https://www.zhihu.com/people/pu-kou-san-ren,歪嘴战神,https://pic1.zhimg.com/v2-2af830225ca8afc276f4e76826371321_l.jpg?source=06d4cd63,1770830002252
11227829005,0,地域和家庭条件的影响太大了，我家和亲戚家都是97年左右买了电脑，而我05年遇到的同学里还有从未接触过电脑在微机课上手足无措的。,1752289540,江苏,1,71,0,1927256354143306240,answer,1c51a2334e912b72fcc92d457cffc839,https://www.zhihu.com/people/luyexia,里有,https://picx.zhimg.com/v2-98689e56eaa844e3980decad71ce7688_l.jpg?source=06d4cd63,1770830002255
11227485615,0,我是00年的00后，只比你小2岁，我还只是二线城市的移民二代而不是土著，但是在我的记忆里电脑和拨号上网已经是记事的时候家里就有的东西了[捂脸],1752290901,山东,2,23,0,1927256354143306240,answer,b05b08f11c7b884d1e2f6eb653753199,https://www.zhihu.com/people/lao-lian-shui-qiang-bing,老练水枪兵,https://pica.zhimg.com/v2-073865fdcffd79ab0c84c92a306baf5b_l.jpg?source=06d4cd63,1770830002257
11228118543,0,02出生的表示当时小孩最渴望的娱乐还是“看电视”，老师会嘱咐大家赶紧写作业，别天天看电视。而“玩电脑”是一种可怕的堪比吸毒的行为。,1752369179,上海,4,42,0,1927256354143306240,answer,cdae4e0adb46d4ea8fd2501c8dc9860c,https://www.zhihu.com/people/lxy-18-52-11,FIXYOU,https://picx.zhimg.com/v2-43ae7811d79d1b5953eff453dbaa4ec9_l.jpg?source=06d4cd63,1770830002260
11229607191,0,中国的许多问题都不能逃开“城乡二元”这个问题。当我2008年摸到电脑的时候，许多农村孩子甚至才刚刚解决上学问题，城乡之间巨大的鸿沟，以及最近四十年才起来的城市化，这些问题都会让中国的许多问题跟欧美不同。,1752479536,河南,0,23,0,1927256354143306240,answer,0434dddd60ea02465fd8ad63574b6f49,https://www.zhihu.com/people/shi-zhu-29-97,矢宁,https://pica.zhimg.com/v2-fcc1a8a8b377c6dd2bb022723a76818a_l.jpg?source=06d4cd63,1770830002263
11227543955,0,个人感觉，中国家庭里95后在2005左右小时候学PC互联网，是没有老一代的，自己父母辈学的深的，反倒是2010前后，这些95后开始接触4G和iPhone，是跟上辈人拉开差距的时间点[思考],1752290185,浙江,2,14,0,1927256354143306240,answer,87aa4fb6927bcf9a75dbade4b6f35945,https://www.zhihu.com/people/guang-dang-guang-dang-45,咣当咣当,https://pica.zhimg.com/v2-31c06c9d48b191927a2180fea4065596_l.jpg?source=06d4cd63,1770830002265
11227604955,0,作为95后，我小时候甚至还做过剪报本。这恐怕是当代小朋友们听都没听过的文物了吧[捂脸][捂脸],1752297927,湖北,3,12,0,1927256354143306240,answer,ee550ac00bf440ce1c002024e0dfbf17,https://www.zhihu.com/people/liu-chen-bin-41-3,疯船长,https://pica.zhimg.com/v2-08477d5a5a72361f31ae8c3b8a50b748_l.jpg?source=06d4cd63,1770830002267
11227901755,0,中国的婴儿潮世代（1950-69）X世代（1970-81）千禧世代（1982-96）X世代（1997-2007）,1752319687,江苏,3,7,0,1927256354143306240,answer,71efa8f236c4231cb012f973fb570a28,https://www.zhihu.com/people/rui-jin-89,Ngyuetnin,https://pic1.zhimg.com/v2-1ef763a7a8e3d19e22ab11c8e58d969d_l.jpg?source=06d4cd63,1770830002269
11234399526,0,'常看地狱笑话的出生可能知道'我经常看地狱笑话，也知道这个梗，完了，我成为出生了[惊喜],1752889505,湖南,0,2,0,1927256354143306240,answer,88ecb0ddef8ff91b18b4a06518658066,https://www.zhihu.com/people/9ea6ea36,9ea6ea36,https://pica.zhimg.com/v2-abed1a8c04700ba7d72b45195223e0ff_l.jpg?source=06d4cd63,1770830002271
11228137368,0,XP系统流行时光猫还没有普及吧？那会流行的是ADSL，至少我这边是这样,1752331408,福建,1,7,0,1927256354143306240,answer,8f01e38f562558d31811cd0538c00c63,https://www.zhihu.com/people/yanwater,鹽水,https://pic1.zhimg.com/v2-30dd2ce1ccefc6d07435e9f0f725146e_l.jpg?source=06d4cd63,1770830002274
11229012999,0,插个题外话，我98的，家里06年就开始用电脑，明明小时候父母用电脑都很熟练，玩游戏办公两不误，但现在用任何电子产品都要我来指导他们，搞得我很无语,1752452306,四川,0,4,0,1927256354143306240,answer,b8515bf998847bf290ac183a8a576181,https://www.zhihu.com/people/bei-xiao-he-79,北小河,https://pica.zhimg.com/v2-abed1a8c04700ba7d72b45195223e0ff_l.jpg?source=06d4cd63,1770830004613
11229302224,0,我当时的第一个手机，一个按键机，是因为我们学校我同年级一个男生，我奶奶还跟人家家长认识呢，突然某一天人丢了，人心惶惶吓得我跌麻赶紧给我配了手机，最后被发现，是被车创了，司机本打算赶紧送医的，结果半道上喊声变小了，司机觉没救了，给人扔井里了,1752454767,陕西,0,2,0,1927256354143306240,answer,6dbc9cb8e14d74fae4a0997c732b988b,https://www.zhihu.com/people/hu-yue-21-19,冴月,https://picx.zhimg.com/v2-cc6ec037b61cd79e24d9ac514515ab31_l.jpg?source=06d4cd63,1770830004615
11227847937,0,我93的，小学就玩父母办公室的win95，玩网吧的红警，初中就家里电脑上google看动画到处找盗版游戏资源了……,1752325749,日本,0,3,0,1927256354143306240,answer,1208499cffc9f17eed10ba7dac113b62,https://www.zhihu.com/people/lingfeng-wang,青麻青空,https://pic1.zhimg.com/73a457db39a110c84ff1a1211ab4127d_l.jpg?source=06d4cd63,1770830004618
11237992757,0,我是05后，我自认为是Z世代，也就是第一代互联网原居民。不过我认为可以提出一个ZZ世代用来称呼那些移动互联网原居民（比如那种从小刷抖音的）,1753226720,安徽,0,3,0,1927256354143306240,answer,0d0a9e80a1bad0dfeee72a30787e5c46,https://www.zhihu.com/people/53-23-80-25-24,momo,https://picx.zhimg.com/v2-b81b9d48c1e53336fd63ba4309a54247_l.jpg?source=06d4cd63,1770830004621
11350395217,0,我98的，应该是在我三岁不到的时候我爸买了台电脑，那会儿还没有互联网，他在电脑上玩单机游戏。过了没多久拨号上网就出现了，我还记得连个网络那个文件飞到文件袋里的动画播了好久才连上,1764043920,江苏,0,2,0,1927256354143306240,answer,b906b56e8d771ddf90e6fa28af3f69b7,https://www.zhihu.com/people/si-da-lin-54-15,阿古茹,https://picx.zhimg.com/v2-0cc69f824fbf5746b80952b96cfa959e_l.jpg?source=06d4cd63,1770830004623
11227890813,0,美国后z世代为何开始喝椰子水了,1752295226,河南,0,2,0,1927256354143306240,answer,0c5ecc9d9c49e620b4f420c835f9f465,https://www.zhihu.com/people/wu-xiao-nong,吴小农,https://pica.zhimg.com/v2-5368504a8fd9b6ba96d2a205feed2b9b_l.jpg?source=06d4cd63,1770830004626
11350098789,0,国内的Z时代起码要从05年开始算，计算机互联网进程比美国晚十年，移动互联网时代倒是基本同步的。,1764030422,广东,0,3,0,1927256354143306240,answer,3f8f3c249042343e54d4a4a1089f7812,https://www.zhihu.com/people/jie-ke-ping-86,echo,https://picx.zhimg.com/v2-f9486227d59c7b85494ac5a393887afc_l.jpg?source=06d4cd63,1770830004628
11233136542,0,就算Gen Z都确实成长于互联网时代（internet native）我觉得01-05这一段时间出生的群体就处在PC传统门户网站-移动互联网的过渡带，对于电脑知识的掌握和应用应该是断崖式下跌的。可惜中国个人电脑的普及太晚了（坐标沿海省份省会城市，电脑普及可能已经是07-09奥运期间，但是两年之后iPhone4发布以后我们都知道发生了什么。令人唏嘘的是，我父母那一代人作为90年代接触过DOS和古早聊天室/MSN的科技early adapter（先行者）现在已经连手机升级操作系统都做不到。,1752748368,美国,1,3,0,1927256354143306240,answer,cee4c83d03c45444146022c3244a1257,https://www.zhihu.com/people/lai-yi-30-42,LynnJ,https://picx.zhimg.com/v2-2fcb2e7771e808066df88718b8e445fc_l.jpg?source=06d4cd63,1770830004630
11261801832,0,是的，小时候哪有电子产品是必须的这个概念，每天看得最多的是《特别关注》，《意林》和《儿童文学》[飙泪笑],1755308862,日本,0,1,0,1927256354143306240,answer,2340bfc0ea06080a61c323f6c79111da,https://www.zhihu.com/people/shi-guang-zhi-di,晨光风铃,https://picx.zhimg.com/b6fcb37962207fdc859456b4d94dd5b2_l.jpg?source=06d4cd63,1770830004632
11234514480,0,99年 03年开始玩cs1.5,1752887953,山东,1,1,0,1927256354143306240,answer,3e2769ebdc304bbcfad76337c967cb3b,https://www.zhihu.com/people/Va1halla,西里西亚在波兰,https://pica.zhimg.com/v2-d7f755a63d81ea31bb719fc1e542e6e0_l.jpg?source=06d4cd63,1770830004634
11228496409,0,同龄人，家里04年装了电脑但是没联网，仅仅是干一些打字做表格之类的活，06年连上网但三天两头的出毛病，所以初中之前都没怎么上过网。软盘倒是家里一抽屉，大概07年前后软盘开始大量淘汰，小区里的孩子们都在垃圾里翻找软盘，这东西去掉外壳之后是极好的飞盘，力气大的可以甩出4-5层楼高，从楼的一头飞到另一头。,1752383003,美国,0,2,0,1927256354143306240,answer,8530f84a4b687687d6915dea6fd295f6,https://www.zhihu.com/people/hegf14,将登太行,https://pica.zhimg.com/v2-9bdacb3b1ce61489f72667ae3d0fe94a_l.jpg?source=06d4cd63,1770830006974
11275547229,0,我的记忆里面，08年算是一个节点，08年后娱乐方式开始被电脑介入，然后12年是一个节点，12年后娱乐方式开始被智能手机介入。此前小霸王、黑的大头电视机、VCD/DVD、Mp3/Mp4、游戏厅的手摇机、PSP/PS2、GAME BOY. 回头想想如果把这几个阶段切割开，有种升纬的感觉。[大笑],1756627783,新加坡,0,1,0,1927256354143306240,answer,3eec908d64fccc838e65f3f63fcebaf4,https://www.zhihu.com/people/64-61-19-37-30,小刘小看小山,https://picx.zhimg.com/v2-d001f14219e2e1e059f09531f9e21987_l.jpg?source=06d4cd63,1770830006976
11231138380,0,话说，将80后界定为Z世代的说法是怎么来的？国外的Z时代一开始就指的95后吗？,1752621573,安徽,0,1,0,1927256354143306240,answer,fcbacdebe46a37486ca775f5e95153ee,https://www.zhihu.com/people/cheng-su-50-54,Clayblock,https://picx.zhimg.com/v2-8fe5b7176aea55eda02b525111e47c4b_l.jpg?source=06d4cd63,1770830006978
11228477780,0,00后很多也晚接触网络，我在小县城，家里有人在电信局工作比较早装电脑，也到小学三年级时注册了一个贴吧账号才开始探索互联网，在此之前娱乐只有看电视、放DVD，看我们爱科学之类科普杂志,1752405535,福建,0,1,0,1927256354143306240,answer,f4013e3b600fdf8e92006710a5b90b43,https://www.zhihu.com/people/aileen-90-40,aileen,https://pica.zhimg.com/v2-3f412efaed8893b8e4158344f8fe6860_l.jpg?source=06d4cd63,1770830006981
11408205936,0,我觉得每个世代应该是出生年份+5年左右，出生年份和印象年份会有差别的,1770094358,上海,0,0,0,1927256354143306240,answer,f8470241a1503be7f83aa6f65dcf3350,https://www.zhihu.com/people/ssszg-68,国际学校立科老师,https://picx.zhimg.com/v2-fe396b53380271ec883a0ea8ba0e04f3_l.jpg?source=06d4cd63,1770830006984
11319031540,0,二线城市小时候电脑还不联网？,1760844642,山东,0,0,0,1927256354143306240,answer,aa421e4fce4dca0a57d3ee2aa91f081b,https://www.zhihu.com/people/kan-shi-yao-kan-a-27,Burnout,https://picx.zhimg.com/v2-d8a83e57aaa998f23bcb8fc6ad8e1eee_l.jpg?source=06d4cd63,1770830006986
11271091537,0,90后玩游戏王这个还是能图片对的上的,1756174738,广东,0,0,0,1927256354143306240,answer,9fca902dc2d4cab68344c938a29c3d04,https://www.zhihu.com/people/xiao-zhi-lun,萧志伦,https://picx.zhimg.com/v2-abed1a8c04700ba7d72b45195223e0ff_l.jpg?source=06d4cd63,1770830006988
11262204678,0,地区不同接触的时间也会不同，河北农村00年的我，是在11年才注册的QQ号，接触网络最早超不过09年，那时候我家连dvd都没得看，还是vcd，后面换了dvd没看多长时间就买电脑了，影碟机基本就彻底淘汰了。大概12、13年开始在我们那流行智能手机，然后家家都开始装WiFi。现在回过头去看那真是不可思议的年代，头两年都还在用90年代的电器，仅仅两三年的时间，就都享受上了最新的科技。当时真是看啥都新鲜，一个QQ农场我们全家围着玩，QQ空间、漂流瓶都那么新奇，不像现在所有软件都同质化严重，也可能是因为我成熟了些的缘故，再没有吃过那夜似的好豆了,1755308648,河北,0,0,0,1927256354143306240,answer,2d2736aea18ad8aae231d97e21f3c869,https://www.zhihu.com/people/zhou-xiao-yu-21-95,Cinderella,https://picx.zhimg.com/v2-1cbf44f5e282b1b11b71426c0d73dbb9_l.jpg?source=06d4cd63,1770830006991
11262146568,0,95年的，记得一年级电脑课还要穿鞋套，04年父母感觉电脑和数学奥赛一样重要，给买了第一台电脑，我父母就是普通国企工人和护士，可能是接触的高知给他们的建议吧。我当时最喜欢自己点各种百度百科，买各种光盘游戏，魔兽，然后各种红白机模拟器游戏，其实我家也有那种游戏机，我妈在我幼儿园时候买的，她玩的比我多，很喜欢彩虹岛和魂斗罗，掌机也是我爸玩的比我多，他喜欢俄罗斯方块。然后我就是看56和土豆的视频，追动画，宝可梦，学ppt和word什么的。08左右才知道什么是墙，第一次被同学带着翻，有种诡异感，看了很多东西，三观大为震惊，之后大学后不是因为查学术文献，是不会翻的，反正就是中学生有种知道越少自己越开心的想法。然后就是10年左右看到同学的iPod和iPad，iPhone，惊讶无比，很快我爹也换了智能机，高二给我弄了个三星智能机应急用，第一个智能机，高考完第一件事就是给我同学分别给父母提想要小米2s，当时我们都很想要小米，不知道为什么，他现在还是米粉，我大学小米老是坏，父母心痛修手机钱，就给换了iPhone，一个iPhone真的可以用五六年。之后我也算半个果粉，半个米粉，家里手机平板音响很多都是苹果，然后电视小家电都是小米，基本就是除了单位有段时间开始不让特斯拉和苹果进入，让换车和手机，才买了安卓手机备用。后面从单位来私企就啥都可以做。,1755310634,浙江,0,0,0,1927256354143306240,answer,4c6ae87fe34aa04d1b466486ec3b0e86,https://www.zhihu.com/people/yu-wei-19-7-36,朴心,https://pic1.zhimg.com/e6dbdc566237bfa079e7f2abadd238a7_l.jpg?source=06d4cd63,1770830006993
11261972671,0,“早在八十年代”还是晚了，要知道红色娘子军都是有小人书版本的[doge],1755310636,美国,0,0,0,1927256354143306240,answer,fefc752d6635100be8f9f37865a4873e,https://www.zhihu.com/people/hu-yi-chen,Yichen 在西海岸,https://pic1.zhimg.com/v2-1ae32d4900f0efe98e9eee019dacbf8c_l.jpg?source=06d4cd63,1770830006995
11241749194,0,是的，97年的，听的流行歌《快乐崇拜》说的是Y世代，但人3岁前的记忆又没了，所以记忆里自己又可以觉得是Z世代[捂脸],1753576158,广东,0,0,0,1927256354143306240,answer,5093f22f852513882b9929413faf904b,https://www.zhihu.com/people/tan-kai-58-16,覃凯,https://pic1.zhimg.com/v2-ee11eaa148443159d0a3833b18ec4b90_l.jpg?source=06d4cd63,1770830009327
11232697627,0,我是98年的，打我记事起我家就有一台大脑袋电脑，小时候我爸经常打星际争霸等等联网游戏。不过这些游戏对于还没上学的我来说太复杂了，于是我就用电脑打一打抢滩登陆之类的[飙泪笑][飙泪笑][飙泪笑],1752742905,河北,0,0,0,1927256354143306240,answer,74eb4d501fb678a04a44a937df2a5167,https://www.zhihu.com/people/bu-wen-gui-qi-14-50-52,不问,https://picx.zhimg.com/v2-085e44884631d1680d0358a5e59bde2c_l.jpg?source=06d4cd63,1770830009330
11229442638,0,95的，2002年一年级的时候就去网吧了[害羞],1752451994,河北,0,0,0,1927256354143306240,answer,9c91117460bd9498ddcb2b3758188654,https://www.zhihu.com/people/xin-yue-7921,信越7921,https://picx.zhimg.com/v2-743a80b29c59ca4d556d6c39fe6438e1_l.jpg?source=06d4cd63,1770830009334
11229186900,0,过渡代，试验田[惊喜],1752450359,上海,0,0,0,1927256354143306240,answer,622e0286c9cd4b232ecd72d369151e10,https://www.zhihu.com/people/lu-wei-10-73,熊叔,https://picx.zhimg.com/affab326886c772d3bafd98f3b2721db_l.jpg?source=06d4cd63,1770830009336
11228339393,0,算Millinnials吧,1752331269,上海,0,0,0,1927256354143306240,answer,916300ea746ff0acb5d92ef43303bf80,https://www.zhihu.com/people/angry-player-68,3式机械哥斯拉,https://pica.zhimg.com/v2-0a83ba518e45293ef6e13360291d7865_l.jpg?source=06d4cd63,1770830009338
11227310278,0,剧情书我还真买过 当时小摊上好多 男生主要是买铠甲勇士 一块一本 那会好像还是10年11年左右,1752289837,湖北,0,0,0,1927256354143306240,answer,5d3887d8beccf237630f5431a8c0e832,https://www.zhihu.com/people/12138-34-79,bingxcq,https://picx.zhimg.com/v2-abed1a8c04700ba7d72b45195223e0ff_l.jpg?source=06d4cd63,1770830009340
10939677735,0,05后的网络和95后的网络都不是一个概念。,1721564605,辽宁,0,7,0,2707896972,answer,5e03078fe713301bcf42f2baf5e30ccb,https://www.zhihu.com/people/qiu-zhen-10-88,九州八百国主义者,https://picx.zhimg.com/v2-9dc5d1f42a6cef4c6b7f035f0cd18cbd_l.jpg?source=06d4cd63,1770830013632
11313115020,0,是这个z世代吗[惊喜]查看图片,1760233122,江苏,0,1,0,2707896972,answer,d72fa7eee63773c0a85747881d31a17c,https://www.zhihu.com/people/ju-ming-kai,鲨鱼辣椒,https://pic1.zhimg.com/v2-9fea276c6e774ccaa1469ee43af77704_l.jpg?source=06d4cd63,1770830013635
11213315870,0,分析的太精准了，说的好像就是我，我08的[捂脸],1750866066,河南,0,0,0,2707896972,answer,22de02f5f004613017c03ff273d48a91,https://www.zhihu.com/people/55-33-60-69,west,https://pica.zhimg.com/v2-abed1a8c04700ba7d72b45195223e0ff_l.jpg?source=06d4cd63,1770830013637
11337798907,0,死亡是唯一严肃的命题，但是很多人没有严肃的活着,1762780462,北京,0,84,0,1971323600498819394,answer,374531a28a80ee0f1ebd55fd5c5dbd19,https://www.zhihu.com/people/dassking,DASSKING,https://pic1.zhimg.com/v2-ed441a6dbe89be7290967f57d7e15acf_l.jpg?source=06d4cd63,1770830020253
11337994593,0,写得真好 振聋发聩 中年人都在责备零零后不如自己上进  却不知道孩子们现在面临的难题是努力并不一定会成功 而且毫无动力,1762785846,河北,0,42,1,1971323600498819394,answer,6eaa336b6a291960522d4040bb64d03c,https://www.zhihu.com/people/elaine-16-29-60,Elaine,https://pica.zhimg.com/v2-6a353d4315ac4413ecfbde2e119454f1_l.jpg?source=06d4cd63,1770830020255
11338293068,0,送出一个礼物～,1762823749,日本,0,8,0,1971323600498819394,answer,24cc3dc99c82fb94ae58b6086634dcfc,https://www.zhihu.com/people/zhe-zhi-152755579,雾怀灯,https://pic1.zhimg.com/v2-e432fe16f8c28fe6969076f2bbee6358_l.jpg?source=06d4cd63,1770830020257
11338251610,0,公主嘅群里看到。写得很好,1762784429,河北,0,5,0,1971323600498819394,answer,aa5d0493c02fb962a7605945b15edd0e,https://www.zhihu.com/people/yang-zhou-lu-feng-shen,Aisling,https://pic1.zhimg.com/v2-396eb1a61e7acd2ba16b3cce50f5408b_l.jpg?source=06d4cd63,1770830020259
11338797944,0,写的很好[思考]而且我们可能还是脑腐一代，社交媒体还有短视频对人脑功能也在造成潜移默化的影响,1762852336,广东,0,11,0,1971323600498819394,answer,46b86c3b2588b3cc371ab589c45a7329,https://www.zhihu.com/people/vantiao-kun,Van苕鲲,https://picx.zhimg.com/v2-c7a1d69525b156a07be91d80d1597fe2_l.jpg?source=06d4cd63,1770830020262
11338836653,0,我高中的时候还是一片勃勃生机，万物竞发的场景，谈论未来的时候都在想怎么挣大钱，怎么大学一毕业就成这样了[语塞],1762870265,广西,0,8,0,1971323600498819394,answer,e381987a26f00cf9642081440e052c3f,https://www.zhihu.com/people/wei-lan-fei-yang,折光,https://pic1.zhimg.com/v2-4434728bd5511776b8c6e35d6e623d38_l.jpg?source=06d4cd63,1770830020264
11338483684,0,反正都是一群奔30的人[大笑],1762850864,上海,0,6,0,1971323600498819394,answer,d3c0b8a526256704b3750bd56234bdd7,https://www.zhihu.com/people/80-64-78-80-46,浮生荧荧,https://pic1.zhimg.com/v2-e5aeb4872c80f1b3edccc46617dfe3de_l.jpg?source=06d4cd63,1770830020266
11338618623,0,管他呢 反正活着没什么意义,1762837150,山西,0,7,0,1971323600498819394,answer,c4bd655fe81a8991f7e0943b836b9dc7,https://www.zhihu.com/people/lily-33-33-39,很多人,https://pic1.zhimg.com/v2-9c6527fe7692644adec9576b41608b8f_l.jpg?source=06d4cd63,1770830020269
11339042312,0,能在最幸福的时刻死去，那是一种至高无上的享受。,1762881130,广东,0,3,0,1971323600498819394,answer,ba0a5d028d76a03ca762679dce3506c2,https://www.zhihu.com/people/kuai-wan-jia-chuan-qi,左非二,https://pic1.zhimg.com/v2-6e45610c8ce7a9828c6ed126aa6a3030_l.jpg?source=06d4cd63,1770830020271
11341252917,0,你们过早知道什么是假的也有一个好处，就是可以以年轻的姿态去寻找什么是真的。,1763083165,江苏,0,1,0,1971323600498819394,answer,47b6dd5678291c55b3967d8a86b22de4,https://www.zhihu.com/people/erdoliu,刘耳朵,https://pica.zhimg.com/v2-476dde810f039970b0f7df60631daa37_l.jpg?source=06d4cd63,1770830020272
11339084026,0,这是好事啊！,1762921659,日本,1,1,0,1971323600498819394,answer,32cadf275385df7bb42de2c8716c2212,https://www.zhihu.com/people/ji-kui-zi,吉魁仔,https://picx.zhimg.com/9a3d7937a5e209ed19e0fe102fc958bf_l.jpg?source=06d4cd63,1770830022621
11338619337,0,z世代已经死了 接下来粉墨登场的是α世代,1762838488,广西,4,9,1,1971323600498819394,answer,09ca531da894d57607754c6da40c46ea,https://www.zhihu.com/people/li-jia-zhuang-11,李甲壮,https://pica.zhimg.com/v2-1efbbff6472aa126e28b1d8bacb3089c_l.jpg?source=06d4cd63,1770830022623
11338444516,0,何须担心，两千年前，印度修道者七岁就自称“求寂者某某”了。1979年，伊朗的年轻人三个人一支枪，满心欢喜地走向伊拉克军的地雷阵，视化学武器为无物。人类的年轻个体，特别是男性，就是崇尚死亡的。这是演化的结果。并不奇怪。,1762835213,江苏,5,13,2,1971323600498819394,answer,ce06fc7117d043f1ee045e59b9701439,https://www.zhihu.com/people/suohefu,Suohefu,https://picx.zhimg.com/v2-abed1a8c04700ba7d72b45195223e0ff_l.jpg?source=06d4cd63,1770830022626
11338483844,0,亲爱的盖拉，有一点我觉得不一样。如果他们立了一个普鲁士式的对人类黄金时代的追求的话，那就普鲁士到极致吧，反正人生总要有点儿追求嘛，那就追求黄金时代的幻梦吧，呼唤黄金时代降临吧。我们曾联手驱除了宗教的旧夜，共同畅想着人类黄金时代终将到来的理想。然而你却背叛了我们，We曾经一直把你当父亲看的。人类复兴的机会只有一次，如果你不愿抓住它，那么从伊斯塔万三到卡利班，....前面忘了，后面也忘了。总之让银河燃烧吧。,1762851110,瑞士,4,2,1,1971323600498819394,answer,c4f6523953004fe0f08eb5d16d13da93,https://www.zhihu.com/people/82-72-64-7-17,白露椿Tsubaki,https://picx.zhimg.com/v2-a0cf738949b69848189a1c2f6cece6d4_l.jpg?source=06d4cd63,1770830022628
11339310384,0,是这样的，不过哪个时代不是这样呢？,1762913775,河北,0,0,0,1971323600498819394,answer,2833beb5f74352659d8894e1dde6c95b,https://www.zhihu.com/people/47-16-8-89-73,搏斗袋鼠,https://pic1.zhimg.com/v2-7aca54719ebd606fb407bdf63f6a0a1b_l.jpg?source=06d4cd63,1770830022631
11340303264,0,这简直就是我🤓👆,1763013290,河北,0,0,0,1971323600498819394,answer,74dd5aff1aa87fec216f01c356fc1169,https://www.zhihu.com/people/kafka-61-77,kafka,https://picx.zhimg.com/v2-44df72deba1688cc160e7d36aa6a9701_l.jpg?source=06d4cd63,1770830022633
11340126273,0,嚯，开篇那段环境描写真有感觉[爱],1762998769,北京,0,0,0,1971323600498819394,answer,046602dd1cd8c1b94157de5c1c536494,https://www.zhihu.com/people/chun-lu-ren-56,青律,https://picx.zhimg.com/v2-c5662d4c6f15bc3b3e52ad7f59edc130_l.jpg?source=06d4cd63,1770830022636
11339603723,0,高中毕业时还没有佐艾🤚😭✋️大学毕业时还没有佐艾✋️😭🤚,1762922428,四川,0,0,0,1971323600498819394,answer,a52e1a01a1eb282e64a75c7c798ac782,https://www.zhihu.com/people/12-61-48-66-18,Bing,https://pic1.zhimg.com/v2-3d5f818a3d6da1108f956d3a3d85aa47_l.jpg?source=06d4cd63,1770830022638
11339567846,0,半夜刷到盖菈老师，进空间一下点赞了好多回答，很多见解都让人感同身受。感觉我们年纪也差不了几岁，但盖菈老师在对z时代困境上的描述和形象的提取上都准确得不像话。我也是衡水式高中出来的，大学也学了艺术搞了创作，但在这种体验的复现和转述上都远不如盖菈老师。真的好佩服，不知道这样的表达是读过多少书、经过多少思考又对自我和世界有着怎样敏锐的观察才锻炼积累出来的（感慨脸）。查看图片,1762972939,江苏,1,0,0,1971323600498819394,answer,b73e21bbf060f3b46c44b8b820d215c0,https://www.zhihu.com/people/xie-dao-zhong-ren-mo-xie,伊万不会写诗剧,https://pica.zhimg.com/v2-f487e75f5ffe708bd6eec2f579e5ab17_l.jpg?source=06d4cd63,1770830022640
11338751185,0,我想要幸福😭,1762890854,北京,0,0,0,1971323600498819394,answer,c565cca1e3d06923a5c7790395531ddf,https://www.zhihu.com/people/21-53-46-90-14,hiddensteel,https://pic1.zhimg.com/v2-39330e622d001a8cf96bfe9c26e3dcdf_l.jpg?source=06d4cd63,1770830022643
11345231637,0,写得很好，对于社会上年轻人心理状态的凝炼，但是对于这样的年轻人未来的一种设想是否有点宿命论。…欲望是弹性的，吃太多苦后就算某一时刻衰竭，也有可能在未来的某一节点充盈吧。人对生活、对自我的感知和掌控也是其中的变量啊。,1763513504,上海,0,0,0,1971323600498819394,answer,d36301080778ee56e075640f11a83d98,https://www.zhihu.com/people/76-77-25-82,紫色眼睛的爱人,https://pica.zhimg.com/v2-1bf3c3cbee5dee785c0a89026c0eb87c_l.jpg?source=06d4cd63,1770830024947
11343890862,0,对生毫无敬畏，对死毫无恐惧,1763377827,西班牙,0,0,0,1971323600498819394,answer,df056ef90b176d641c6324141d87deca,https://www.zhihu.com/people/mie-ge-shi-ya-ya-liang,亖OwQ亖,https://pica.zhimg.com/v2-84c9a3cf111f1bc94c41288899d5c6db_l.jpg?source=06d4cd63,1770830024949
11338602284,0,什么物质基础决定上层建筑，感觉应该是拥有过的物质条件，决定了未来的上层建筑才对吧[感谢],1762849341,山西,0,0,0,1971323600498819394,answer,6ee72c443785f3b6320f6ac017b2763c,https://www.zhihu.com/people/94-1-12-37-7,天空天,https://pica.zhimg.com/v2-677fb8f38dd4e6c83ac0a12f68cd0985_l.jpg?source=06d4cd63,1770830024952
11338276597,0,转发,1762850808,广东,0,0,0,1971323600498819394,answer,9e825ea5930dfc76cdd9153a945a32dc,https://www.zhihu.com/people/ivan-lee-25-70,ivan,https://pic1.zhimg.com/v2-a85be46533466f54186cec8241499ea2_l.jpg?source=06d4cd63,1770830024955
11338242097,0,写的很好,1762844413,黑龙江,0,0,0,1971323600498819394,answer,a5ad5e0c3045aa30e060532286ba8653,https://www.zhihu.com/people/hen-li-hai-da-guan-guan,很厉害哒关关,https://picx.zhimg.com/v2-65a45c21769ef1db93743325a4b7b26f_l.jpg?source=06d4cd63,1770830024958
11338184783,0,好久没有看到文笔这样凝炼的文章,1762838139,北京,0,0,0,1971323600498819394,answer,67310b20fe92858efd1758d71803d9de,https://www.zhihu.com/people/meng-yang-26-35,木贝,https://pic1.zhimg.com/v2-7b68a3756b2886400079edddc19e06a1_l.jpg?source=06d4cd63,1770830024960
11339099197,0,投入了十几年的光阴，到头来发现是骗局。但也不是骗局，只是刚好结束了。兴致勃勃地想要大展身手，发现居然只能蜷缩着存活。[知乎益蜂],1762879141,广东,0,0,0,1971323600498819394,answer,b284797a045024786e578d78657ff7b4,https://www.zhihu.com/people/miao-gu-20-15,喵咕,https://pic1.zhimg.com/v2-94a064d78a9c3564cb461c33a8949eb1_l.jpg?source=06d4cd63,1770830024962
11019744399,0,小时候在大人的教育下敬佩他，少年时在敌人的忽悠下怀疑他，长大后在自己的探索中崇拜他。 我的真实写照,1729245620,广东,26,1079,2,974113314,article,024d9f82a3a39297877fc65278422351,https://www.zhihu.com/people/tian-nan-di-bei-19,天南地北,https://picx.zhimg.com/v2-c48b0514118604d3771f03d44bf24241_l.jpg?source=06d4cd63,1770830029653
11014595286,0,"那”公知""竭尽能事""禁止人民对毛主席的崇拜，个方百计，蒙骗歪曲歇斯底里，却还是阻挡不住人们对毛主席的圣心！",1728783718,河北,24,1008,9,974113314,article,ef4c837026765eb12ca0e6693d4d9f73,https://www.zhihu.com/people/lao-sun-1-18,老孙,https://pic1.zhimg.com/v2-f5883d8be5fd36d3c60d7ea7fb805371_l.jpg?source=06d4cd63,1770830029654
11021429748,0,他晚年拼着粉身碎骨也要留下思想的种子，原来不理解他，为什么要折腾？现在全明白了！设计师后来也不得不承认领袖的深度。庆幸中华有此伟人，他离开我们已经快半个世纪了，但我感觉一直没有离开我们，他安静的躺在那里，只剩残躯，然而依旧震慑鬼魅魍魉，呵护他的人民。麦子熟了几千次，人民万岁第一次！早在五六十年代，美帝还是鼎盛时期，他就说过，美帝将来会陷入困境，手伸的太长，顾此失彼。这就是辩证法。他不仅是中国人民的领袖，也是全世界人民的领袖，这点并不夸张，他一生致力于打倒一切反动势力，为人民争取自由和幸福。他实际出身是地主和小资本家庭，在三十岁时就身居国民政府高位，月薪就有380块银元。但是他散尽家财，把家产分给穷人，烧了借条地契。放弃了国民党代理宣传部长的高位，投身于中国人民的解放事业，再造中华。,1729470548,山东,23,625,1,974113314,article,97e4752967a445d81d881b3a3f40810c,https://www.zhihu.com/people/nuan-bao-bao-de-lao-dou,两只大皮锤,https://picx.zhimg.com/v2-176fdacac4c4bdfd0ad71e42d4b41d94_l.jpg?source=06d4cd63,1770830029657
11016962417,0,很长一段时间在网络上阶级是个敏感词，用阶层代替。,1729004993,湖北,17,232,0,974113314,article,423615f671c22fba42882c5ef1d128c1,https://www.zhihu.com/people/xiao-gong-13-28-18,液压肖工,https://pic1.zhimg.com/v2-c79d2e90ecabad8c46c249dd1858dbc0_l.jpg?source=06d4cd63,1770830029659
11015449509,0,一句中国人民站起来了就值得无限敬意,1728827390,上海,9,199,2,974113314,article,0a96a767e60c93fd5842b353e6eebd25,https://www.zhihu.com/people/yang_fei,强哥,https://pic1.zhimg.com/v2-abed1a8c04700ba7d72b45195223e0ff_l.jpg?source=06d4cd63,1770830029660
11019514539,0,毛主席之所以深受人民爱戴是因为他虽然身居高位却从来没有脱离人民群众。,1729255158,广西,2,127,0,974113314,article,91ac061184ce268a44c659e9547545f4,https://www.zhihu.com/people/94-86-9-11,段豪,https://picx.zhimg.com/v2-abed1a8c04700ba7d72b45195223e0ff_l.jpg?source=06d4cd63,1770830029661
11021274598,0,他的思想是斗争哲学，哪怕你是个坚定的资本主义战士，你受到压迫后也能从毛泽东思想中看到共鸣，他的思想已经超越了主义路线，他的思想就是斗争,1729419755,湖北,5,78,0,974113314,article,5d38bfb74c68805a8a7f56fa1f711d6f,https://www.zhihu.com/people/huo-jian-fa-dong-ji-88,火箭发动机,https://pica.zhimg.com/v2-abed1a8c04700ba7d72b45195223e0ff_l.jpg?source=06d4cd63,1770830029664
11065529970,0,毛可能对不起某些阶级的人，但是他绝对地站在普通大众的一方，他永远相信人民，他不能容忍他的理想被一丝一毫污染，所以发动了wg，有些人恨他，但人民永远敬爱他,1734251471,陕西,3,60,0,974113314,article,35f5488ba50bbabca47b11a4616a8f6d,https://www.zhihu.com/people/48-28-11-6-79,知乎用户空,https://pica.zhimg.com/v2-d2a3f147457d6f336cf957a77cd0b123_l.jpg?source=06d4cd63,1770830029667
11025155244,0,主要还是因为毛是最有逻辑最成体系的吧，承上启下，上面正确的他全部继承且整理了，后面一切都是从他那里衍生出来的。不但配合着一整套实践，同时附上了苏的反面教材，还有王明这类做陪衬[捂脸]所以还得读毛，实践论和矛盾论把理论讲得透透的，案例不但历史有记录，他本人也有写作。就算是马列在世都讲不了那么透的。,1729856480,湖南,0,48,0,974113314,article,5daafbbca05dff39978bfb92b490f7b7,https://www.zhihu.com/people/sterben-60-95,Sterben,https://pic1.zhimg.com/v2-edb89ec8c13151c1a5306809ed0763c7_l.jpg?source=06d4cd63,1770830029671
11020578710,0,大学的时候，好奇订了个杂志《求实》，辅导员好紧张，怀疑我的动机,1729332513,北京,11,38,0,974113314,article,a82bbba7ad16797cfc8e20f3583de304,https://www.zhihu.com/people/xianheng2,xianheng2,https://picx.zhimg.com/v2-7625f8f47ea6c4e44d31ee04a1517f96_l.jpg?source=06d4cd63,1770830029673
11049079075,0,我的女儿读了两次《活着》，第一次她单纯的问我为什么有庆这样的孩子被安排给县长夫人献血？我说这是阶级矛盾。她第二次再读有庆死了的时候，突然懂了，跟我说，妈妈我终于知道你为什么说这是阶级矛盾了，为什么主席总是强调阶级矛盾，以及推翻阶级矛盾。好欣慰，我在她那个年龄是没有这种悟性的。,1732367435,浙江,1,35,0,974113314,article,0a6ea28200ec7618cb6d6d24fc1746c2,https://www.zhihu.com/people/da-lian-mao-67-66,庐山烟雨浙江潮,https://picx.zhimg.com/v2-a321728b81f9e834e6969d1a66170447_l.jpg?source=06d4cd63,1770830032156
11022843846,0,为天地立心，为生民立命，为往圣继续绝学，为万世开太平。在教员出现之前只是一句口嗨的空话[捂脸],1729605460,陕西,2,35,0,974113314,article,0f05920d07dbf768e097cb70d4413d43,https://www.zhihu.com/people/nao-niao-71,时光蓝了海,https://pica.zhimg.com/v2-fa6e5084227f5230c625303b5d670bdf_l.jpg?source=06d4cd63,1770830032158
11021201573,0,因为年轻人接受的教育越来越高，认知也高，对很多事物都能抱有平和心态，不盲目追求西方，恰恰毛爷爷真的是个伟人，所以大家敬爱毛爷爷,1729470687,吉林,0,31,0,974113314,article,6f56a745188ce47879cb5e4cb108068c,https://www.zhihu.com/people/guai-wei-dou-73-9,知乎用户pXhHqI,https://picx.zhimg.com/v2-abed1a8c04700ba7d72b45195223e0ff_l.jpg?source=06d4cd63,1770830032161
11017047800,0,知乎有此文章、为此欣喜 ！[飙泪笑][红心][赞][赞],1728996779,江苏,0,27,1,974113314,article,de41f9fb9db7da7e63695d39cf62f434,https://www.zhihu.com/people/lan-ling-xiao-xiao-sheng-79-93,兰陵笑笑生,https://picx.zhimg.com/0f49d4c913e08c2fdba7feb2cba06b4d_l.jpg?source=06d4cd63,1770830032163
11022886932,0,我们崇拜教员，因为他能革某些人的命，这才是他们最怕的,1729578106,河北,0,26,0,974113314,article,d10d4c762fc42dfc08a7cb73d0153329,https://www.zhihu.com/people/4-20-82-52,魑魅氤氲司,https://picx.zhimg.com/v2-196c3cf3a82eba9629d2055e91b03ae4_l.jpg?source=06d4cd63,1770830032165
11018884106,0,[捂脸]非常简单，移动互联网的爆发，导致网络用户从体制内人+城市小资为主体变成全民冲浪了，用户基础发生了改变，自然会如此。,1729210956,辽宁,0,25,0,974113314,article,a2bb7a45ce0b9a513f5403de21e4c844,https://www.zhihu.com/people/zou-lu-you-feng-41,Magixan,https://picx.zhimg.com/v2-062084f592fba6edd39ff3dccf248899_l.jpg?source=06d4cd63,1770830032168
11016594469,0,作者可以思考一个问题，为什么马克思主义能和中国文化完美契合，其他国家都不行，包括苏联和东欧？,1728960941,山东,28,25,0,974113314,article,c790f9d25992ab09157179d1c2282ebf,https://www.zhihu.com/people/feng-shuang-68-24,枫影千山,https://pic1.zhimg.com/v2-4f7ce895e82715f4976029e9a7551856_l.jpg?source=06d4cd63,1770830032170
11022544160,0,毛主席最讲阶级斗争，谈毛主席而不谈阶级斗争就是把毛主席庸俗化，庸俗化就是把毛主席等同于历代帝王将相！,1729581179,云南,2,262,1,974113314,article,900de3a892d60294a285aac3de94fb51,https://www.zhihu.com/people/xiao-bai-long-51-21,北溟有鱼,https://pica.zhimg.com/v2-c539554e1d680ba4c3b41f73c7b5bb07_l.jpg?source=06d4cd63,1770830032174
11041864474,0,三大法宝里的武装斗争现在是不提了,1731641676,北京,0,19,0,974113314,article,9af177499dcc6c78faff7a43c0a1a67f,https://www.zhihu.com/people/wang-er-8-8-11,王二,https://picx.zhimg.com/v2-abed1a8c04700ba7d72b45195223e0ff_l.jpg?source=06d4cd63,1770830032176
11021229792,0,你说的有道理，但文章也没错，你们都小瞧了年轻人，当他们开始去更深入了解教员的时候，一切都会懂得。,1729468611,上海,0,19,0,974113314,article,119b74a763256d07912bf74f1e87341f,https://www.zhihu.com/people/ken-yang-96,海凝,https://pic1.zhimg.com/8e58e8c23ac74d6a9a94cb15cbaa563c_l.jpg?source=06d4cd63,1770830032179
11021934762,0,一句话，因为他造，并且愿意把自己作为一把刀子给后人用,1729493306,湖北,0,17,0,974113314,article,7a77643773b5284360d2b27c56d3d50d,https://www.zhihu.com/people/bao-shui-ren,包税人,https://pic1.zhimg.com/v2-516c644b4b102d94ab1708daccae739e_l.jpg?source=06d4cd63,1770830034700
11024058716,0,永远不要忘记阶级鬥争,1729690482,湖南,0,20,0,974113314,article,363d7c922d467f4c35f4ebd871d26ff9,https://www.zhihu.com/people/reseted1699085653000,晓骸子,https://picx.zhimg.com/v2-933ad914e63d99d7bb576bbc50aaae2b_l.jpg?source=06d4cd63,1770830034702
11020999640,0,官产学媒的联合在社会生产中会很快让人觉醒阶级意识 最后发现了过去的遗迹,1729391199,吉林,0,18,0,974113314,article,badd52b21227e2a427791ba1f03e68c6,https://www.zhihu.com/people/wei-qing-25-9,雨霁,https://picx.zhimg.com/v2-8396742e953b0b6d6952fea785481693_l.jpg?source=06d4cd63,1770830034705
11021786537,0,深以为然，俺记得前些天很火爆的那谁和王一博一起演的那啥《追风者》，里面有台词就是沈大顾问在苏区看到了现代国家的雏形，看到了阶级融合。阶级融合！,1729486433,四川,2,17,0,974113314,article,48ba86aeb461497f4a82fd4e7e4d03fc,https://www.zhihu.com/people/26-76-90-77-39,天生爱喝酥油茶,https://pica.zhimg.com/v2-abed1a8c04700ba7d72b45195223e0ff_l.jpg?source=06d4cd63,1770830034707
11022153876,0,人教人，学不会，事教人，一学就会。[思考],1729554192,上海,0,13,0,974113314,article,a9a66e7b4f372c8d1629336e83a7c773,https://www.zhihu.com/people/shang-da-ren-65,上大人,https://picx.zhimg.com/v2-abed1a8c04700ba7d72b45195223e0ff_l.jpg?source=06d4cd63,1770830034710
11019180493,0,历史总是螺旋式上升的。三十年河东三十年河西。,1729223153,山东,0,14,0,974113314,article,7e46412c7c2f0e66ce9039443577b637,https://www.zhihu.com/people/yang-chuan-peng-46,杨传鹏,https://pic1.zhimg.com/v2-9524e7162cd9f1faadc4a99fdd5562a7_l.jpg?source=06d4cd63,1770830034712
11022777718,0,我直观的感受就是，《毛选》我觉得他说的对。,1729584744,吉林,0,14,0,974113314,article,ee6ba91f635774adcdba2a692c00e73d,https://www.zhihu.com/people/kense7,K盐盐,https://pic1.zhimg.com/v2-abed1a8c04700ba7d72b45195223e0ff_l.jpg?source=06d4cd63,1770830034714
11061462405,0,主席设想的三次革命，第一次军事革命，第二次社会革命，第三次文化革命，为中华民族打好了崛起的基础，为普通民众争取了基本的权益，为所有的中国人解放了思想，让人们拥有了平等的思想，让人们认为无论穷人富人官员百姓在人格上是平等的，为人民服务，人民万岁，人民解放军，人民政府，人民法院，人民检察院，人民医院，都是人民的。,1733832819,吉林,0,13,0,974113314,article,e536ba69b94fac29f66651e6e9e9a4be,https://www.zhihu.com/people/mo-li-wu-yun-76-22,万里无云,https://pic1.zhimg.com/v2-177fc06ccb46a218b0c235c869eea97e_l.jpg?source=06d4cd63,1770830034717
11021814377,0,只要手里没有拿上你们分的蛋糕，就要拿那五本书。,1729485188,湖北,2,13,0,974113314,article,cfba8915e9703ed5c148e51106a0540c,https://www.zhihu.com/people/leone321,leone321,https://pic1.zhimg.com/v2-6b7d5424857f071967577c031d1fde0d_l.jpg?source=06d4cd63,1770830034719
11021436652,0,谈崇拜主席确避开他在阶级问题上的观点不谈，确实有些刻意了,1729481948,河南,0,12,0,974113314,article,bf29b4374c7b7457abc2dbbd8df3a58b,https://www.zhihu.com/people/jin-xi-he-xi-86-98,遍地英雄下夕烟,https://pic1.zhimg.com/v2-d40193ad2dc1bf4d28a94525154b4fdf_l.jpg?source=06d4cd63,1770830034721
11169180502,0,教员早就看出来了  可惜天不假年查看图片,1746314730,山东,0,12,0,974113314,article,77330d08453ea7557eca659d9dc2194e,https://www.zhihu.com/people/ke-lai-ao-si-ta-sa,克莱奥斯塔萨,https://pica.zhimg.com/v2-2d71e16de3a8967712bad477b20a8bbb_l.jpg?source=06d4cd63,1770830037235
11053329448,0,写得好啊😭好久没在知乎上看到这么好的文章了,1732888696,湖南,0,12,0,974113314,article,4792221995ad45690789de4397766292,https://www.zhihu.com/people/7-35-89-57-25,工总司洪文在此,https://picx.zhimg.com/v2-2e9b208a5b0a7f8c8c24e2ec66436f3f_l.jpg?source=06d4cd63,1770830037238
11021575716,0,毛泽东才是真正为人民服务,1729471984,广东,0,12,0,974113314,article,e5936d2178743061d41ddc9067aa892f,https://www.zhihu.com/people/tong-qian-jin-17,知乎用户ucDs3d,https://picx.zhimg.com/v2-abed1a8c04700ba7d72b45195223e0ff_l.jpg?source=06d4cd63,1770830037241
11065471628,0,后二十年的坚守是他最伟大的地方,1734248293,天津,0,11,0,974113314,article,d6fec3b6f55ac430d7e12f9fc2268552,https://www.zhihu.com/people/yu-cha-zhi-shui-53,御茶之水,https://picx.zhimg.com/v2-ca14d5a15958f7509cc554628dc1bb47_l.jpg?source=06d4cd63,1770830037243
11049078566,0,互联网的大潮浪来浪去，最终总能留下一份真实。抛去历史上的吹捧或者诋毁，发现毛主席是真的牛。罗斯特里尔的《毛泽东传》里面写道“中国革命几乎是毛泽东一个人挽救的。”,1732366218,广东,0,11,0,974113314,article,f0164cb47c5ae2e9ef1823fa0c681aa9,https://www.zhihu.com/people/rui-pie-de-tian-xia,主世界昵称未定,https://picx.zhimg.com/v2-def3d20be89f6d90b136072169c3e280_l.jpg?source=06d4cd63,1770830037245
11040504407,0,毛主席预测到了现在的所有事情[大笑],1731477820,江苏,0,11,0,974113314,article,fc1e6f6e4aa34d69a6ce926ce2c4febe,https://www.zhihu.com/people/97-3-3-48,协和4加4著名博士,https://pica.zhimg.com/v2-ce4058c6f09b47daa681dd029b215de5_l.jpg?source=06d4cd63,1770830037248
11168163545,0,在一个法律人的群里，大家讨论什么刑法，我说刑法是阶级统治的工具，教材里也是这么写的。一大帮人嘲笑我，没有人一个人发言支持我。,1746186702,山东,0,8,0,974113314,article,ab30025c23c7cdd9d98e4bf3f18d4b09,https://www.zhihu.com/people/zhao-lv-shi,赵律师,https://pica.zhimg.com/5c49b0a05bcc2890b78ad20c043e65d6_l.jpg?source=06d4cd63,1770830037251
11085918768,0,但凡真的读读毛选和近代史，结合当时时代感受一下，都会觉得教员真是天降伟人[大笑],1736480087,山西,0,10,0,974113314,article,f99edbea5e430c34d086a77618d1e212,https://www.zhihu.com/people/archer-ma-4,夏弥老师,https://pic1.zhimg.com/v2-2a793655abd3601d7852850955286898_l.jpg?source=06d4cd63,1770830037253
11137145339,0,认清了阶级矛盾，才能在剥削阶级忽悠你的时候保持脑子清醒。最近李超人的时，人家跟我们本就不是一个阶级，他是资产阶级，和我们的利益不是一体的。他的大部分资产来源于割韭菜，但竟然有很多被割的韭菜替资本家洗白站台。不可思议，多读点书吧，被卖来还替人家数钱。,1742611954,吉林,0,9,0,974113314,article,c90dca6d865ae83b2fa43475f4aa98d6,https://www.zhihu.com/people/jing-jing-de-fan-nao,咸鱼,https://pica.zhimg.com/v2-abed1a8c04700ba7d72b45195223e0ff_l.jpg?source=06d4cd63,1770830037256
11063816689,0,好文章！好文章！好文章！坚决揭露一切打着毛主席的旗号反对、歪曲毛主席的阴谋诡计！,1734054191,安徽,0,9,0,974113314,article,81d03a2f2afd488c90b74b49bf7937df,https://www.zhihu.com/people/zhen-li-du-shi-po-su-de,真理都是朴素的,https://picx.zhimg.com/v2-abed1a8c04700ba7d72b45195223e0ff_l.jpg?source=06d4cd63,1770830037258
11023736112,0,因为他说的每句话都是为想要为人民服务的年轻人说的，年轻人越活越清醒，越听越明白，越来越爱他老人家……,1729680535,广东,0,7,0,974113314,article,e63f8d63185e1333bd3308d9fd4610be,https://www.zhihu.com/people/swimming55,江清书,https://picx.zhimg.com/v2-d8093eb77ead6f420cdbf1c0203b94f3_l.jpg?source=06d4cd63,1770830039769
11059780051,0,没有阶级叙事的一切分析教员的文章都是在误导年轻人，让他们淡化阶级立场,1733650847,湖北,0,8,0,974113314,article,9e661a5c20a2cb86ab32fd2999033ba2,https://www.zhihu.com/people/jia-zhuang-lu-guo-77,假装路过,https://picx.zhimg.com/v2-81027e733e56fcedb9e6b9a4071da0d2_l.jpg?source=06d4cd63,1770830039772
11069597024,0,战无不胜的毛泽东思想万岁！,1734666788,北京,0,8,0,974113314,article,2c39336792632bc2860f77b1159a88c3,https://www.zhihu.com/people/wei-qing-chen-xin,你奈我何,https://pic1.zhimg.com/v2-3a669a56950ca2c01d77c8c2214172ca_l.jpg?source=06d4cd63,1770830039774
11169219433,0,但凡人间无公义，人人心里有梁山。年轻人只是怀念教员，说明局势可为，怀念黄巢时候就来不及了。,1746345120,北京,0,5,0,974113314,article,83070e89168bd60a4f87ae79ad7cde08,https://www.zhihu.com/people/bai-du-zhe-82,摆渡,https://pic1.zhimg.com/v2-9b0dbd5a23f3bcbf5c043151c54f5e32_l.jpg?source=06d4cd63,1770830039776
11022747195,0,反正我是越长大越无感了,1729582007,江苏,2,7,2,974113314,article,6cc8c43e696917f33a8c5de4a49ec09b,https://www.zhihu.com/people/kevin-85-61,Kevin,https://picx.zhimg.com/v2-c2f63f341ff464949315fd467d1a56f6_l.jpg?source=06d4cd63,1770830039779
11021991691,0,其实没那么复杂，现在我党是执政党，年轻人用毛的革命思维来审视，自带三级甲而已,1729491982,四川,3,7,0,974113314,article,437a6c667ddf3bedec94d9a9d174bb37,https://www.zhihu.com/people/wen-dao-wang-yu,闻道往御,https://picx.zhimg.com/v2-9be7652f165d4d5ea15ad44a555cc767_l.jpg?source=06d4cd63,1770830039781
11049766487,0,小时候在大人的教育下敬佩他，少年时在敌人的忽悠下怀疑他，长大后在自己的探索中崇拜他。总结的非常好，就是这个思想历程。,1732528025,北京,0,6,0,974113314,article,81c82f16ff66178044059820c1b6248b,https://www.zhihu.com/people/zhang-yang-61-81-75,张洋,https://picx.zhimg.com/v2-abed1a8c04700ba7d72b45195223e0ff_l.jpg?source=06d4cd63,1770830039784
11047300859,0,资本主义和资本家的核心本质就是贪婪。,1732237193,浙江,0,5,0,974113314,article,5e5d048d45e21ce39cd7fddd6028ad10,https://www.zhihu.com/people/hehe-76-32-56,hehe,https://picx.zhimg.com/v2-040a5c8c61566171619e12a2a567b554_l.jpg?source=06d4cd63,1770830039787
11091664641,0,不光是中国的，也是全世界年轻人的查看图片,1737146058,加拿大,1,6,0,974113314,article,2316a90bf60c5f52e5944fdcd1223723,https://www.zhihu.com/people/fendou117254,苏大犹 无慈悲,https://picx.zhimg.com/v2-a5242f8b16c6a317588fe74884a6663e_l.jpg?source=06d4cd63,1770830039789
11091482137,0,读到“那就是在充斥着“阶级消失、剥削消灭、革命到头、历史终结”各种喧嚣的今天，年轻人发现只有他最亲、和他们心连心”这句眼睛一下就湿了……,1737104281,江苏,0,6,0,974113314,article,38adaf9419b17282f1a0e872301ea327,https://www.zhihu.com/people/yi-shu-mei-hua-yi-fang-weng-2,人间客,https://picx.zhimg.com/v2-e659c5fd03e99799b7d9fad289b53978_l.jpg?source=06d4cd63,1770830039792
11163812514,0,现在还有很多人用大革命来抹黑毛爷爷。但是我们联系六十年的国际大环境，就知道了。当年国内还是有很多苏修啊，就和现在的美狗公知一样，对国家充满愤恨，总想着当带路党。所以才有大革命把这些牛鬼蛇神都镇压下去。毛爷爷的眼光深远，不费吹灰之力就搞定了这些牛鬼蛇神。,1745682637,福建,1,6,0,974113314,article,7ed2a75ac7ea32cfba5407a1a7209b4d,https://www.zhihu.com/people/suo-ne-90,宋朝歌,https://picx.zhimg.com/v2-94ac512d277805e17abfadbc437adb57_l.jpg?source=06d4cd63,1770830042265
11089982457,0,套用一句曾经让人怀疑教员而又是教员最常用的话实践是检验真理的唯一标准，教员的话经过四十多年又再一次被证明无比正确！,1736933354,湖北,1,6,0,974113314,article,2c2c7aebfe59de8ed707864a7c249d7f,https://www.zhihu.com/people/27-32-98-37-46,我不是专家,https://picx.zhimg.com/v2-99e3b2e767442ff5966be7e92135ce50_l.jpg?source=06d4cd63,1770830042267
11046372881,0,主要是琢磨明白了谁是朋友谁是敌人了[飙泪笑],1732126266,新疆,0,6,0,974113314,article,55083f4cc9d11ad1be5420d15117f97f,https://www.zhihu.com/people/san-guan-bu-tong-bie-da-rao,三观不同别打扰,https://pica.zhimg.com/v2-a25c045a87993b1c39fc75f0809b6e35_l.jpg?source=06d4cd63,1770830042269
11023274388,0,毛主席万岁,1729677301,广西,0,6,0,974113314,article,5dc7eb6506bfedbec63f6fa0f3046fc5,https://www.zhihu.com/people/lgx-78-68,lgx,https://pic1.zhimg.com/v2-abed1a8c04700ba7d72b45195223e0ff_l.jpg?source=06d4cd63,1770830042272
11022082965,0,稻子熟了千万次，人民万岁第一次,1729502689,北京,0,6,0,974113314,article,9e2ae0a62443c91779bdf1fa009a391a,https://www.zhihu.com/people/mi-xia-ai-er-19,米夏埃尔,https://pic1.zhimg.com/v2-abed1a8c04700ba7d72b45195223e0ff_l.jpg?source=06d4cd63,1770830042275
11168593387,0,毛主席8次接见红卫兵，即使晚年简况状况已经堪忧也不在乎，就是因为他年轻的时候受到过国父的接见，由此激励了一生。他自己说，趁自己还能动的时候，多出来，鼓励鼓励孩子们[大哭],1746265844,天津,0,4,0,974113314,article,b8d297026b1696f969b7d16032a7b25f,https://www.zhihu.com/people/deng-huo-lan-shan-35-11-42,太阳照常升起,https://pica.zhimg.com/v2-0e982ad5344ea77b5bb22d443898317b_l.jpg?source=06d4cd63,1770830042277
11265283531,0,很简单，马克思的一句话，社会存在决定社会意识，为什么Z世代崇拜毛泽东，因为社会环境需要一个毛泽东式的人物[大哭],1755650794,山东,0,4,0,974113314,article,0aa2800f076f299fc1a7a6ed4b0654a7,https://www.zhihu.com/people/81-43-87-43,依然饮茶去,https://pic1.zhimg.com/v2-abed1a8c04700ba7d72b45195223e0ff_l.jpg?source=06d4cd63,1770830042280
11168725200,0,主席早就预见到了。文化大革命要搞下去的就是这帮带着高知的名誉，却极致做着危害人民的祸害。,1746237464,上海,0,4,0,974113314,article,4335b2396c04c2fd7246d2fedba2a5e1,https://www.zhihu.com/people/wang-jun-98-46-15,王俊,https://picx.zhimg.com/v2-8b3bf61c04c9d5b86e8e12c6ac828f1f_l.jpg?source=06d4cd63,1770830042283
11021528591,0,王侯将相，宁有种乎？！,1729489106,河北,0,4,0,974113314,article,75ab37aa98ada3701d28dc7b0b1f650f,https://www.zhihu.com/people/sha-ying-94-96,沙鹰,https://picx.zhimg.com/v2-1f1cd787aa5768df864e27a33c323ead_l.jpg?source=06d4cd63,1770830042285
11086343386,0,公平 公平 还是公平,1736522438,北京,0,4,0,974113314,article,baa2b15fd8cb77accc027ab1676f38bf,https://www.zhihu.com/people/hejs,彀子,https://pic1.zhimg.com/v2-c643c0ae0fa4b35b2955a801fc8aa330_l.jpg?source=06d4cd63,1770830042288
11016324477,0,幽默,1728918285,山东,2,5,0,974113314,article,2d33c16910852656a9604f3dbfd5853a,https://www.zhihu.com/people/wu-se-fang-tang-18-38,中国伟人,https://picx.zhimg.com/v2-c6873611e3013715d6df7dfa8b86db19_l.jpg?source=06d4cd63,1770830044786
11020722016,0,毛泽东把中国传统文化人本思想的精华上升到具体的为人民服务，以人民利益为中心，是对中国社会传统文化的升华，时间历久逾显弥坚。,1729413412,内蒙古,0,5,0,974113314,article,6317c8ab54d80f20013a640fb5260843,https://www.zhihu.com/people/gao-wei-22-11-78,高卫,https://pic1.zhimg.com/v2-abed1a8c04700ba7d72b45195223e0ff_l.jpg?source=06d4cd63,1770830044789
11169503477,0,今日欢呼孙大圣，只缘妖雾又重来。,1746339215,湖南,0,5,0,974113314,article,93c6c5eb7bb87b569a685d7be36672c7,https://www.zhihu.com/people/farier-97,七水告夕犬,https://picx.zhimg.com/v2-8be2aeadb1b8c2c759105c692e5f2314_l.jpg?source=06d4cd63,1770830044791
11021575033,0,好好好。再来一个轮回。打破300年的规律。就完美了。毕竟是现代。时间缩减。调成100年一轮回。澳也。。。。,1729470630,广东,1,3,0,974113314,article,81daea0e796f79c650657dde58f30707,https://www.zhihu.com/people/89-13-80-6,美熊宝宝宝,https://pic1.zhimg.com/v2-e6849d4c375bec3871207f12e1f538c6_l.jpg?source=06d4cd63,1770830044794
11015721111,0,崇拜[种草][种草][种草][种草],1728874541,福建,0,3,0,974113314,article,49f2db5801daba4d4f8ab654edf2e920,https://www.zhihu.com/people/hong-wei-tian-fu,利玛窦药师,https://pica.zhimg.com/v2-25d2b4aa9cf17c56ff5f91319f942926_l.jpg?source=06d4cd63,1770830044797
11098776067,0,小时敬他，少时疑他，现在才明白，绝非跟风逐流，我的思想重构早于网络的浪潮,1737993614,陕西,0,4,0,974113314,article,c7426d6202298a7408127a2d7d5226e7,https://www.zhihu.com/people/73-35-73-42-70,墨羡,https://picx.zhimg.com/v2-8099bf7c3729770b39ea20c87b930236_l.jpg?source=06d4cd63,1770830044799
11099097162,0,私者一时，公者千古。,1738026190,山西,0,4,0,974113314,article,1e5a93ac18adb1ee2145d28034fd9090,https://www.zhihu.com/people/bu-lao-hu-64,布老虎,https://pica.zhimg.com/v2-5b8d9122026116613b9a816283094a4c_l.jpg?source=06d4cd63,1770830044802
11022972072,0,行文有明显割裂，不知作者是被迫无奈的还是就这么认为的,1729651674,河南,0,4,0,974113314,article,a2b6da903ecc625bd889ccf261cd6bc1,https://www.zhihu.com/people/82-82-70-6,二二酸盐,https://pic1.zhimg.com/v2-0b735c7984b4db32fccb5ae616df47f9_l.jpg?source=06d4cd63,1770830044804
11041189597,0,我虽然也崇拜教员，但不认可苏联模式，也不觉得共产主义可以实现。现世所有的意识形态中，我认可度最高的是社民主义。,1731544465,湖北,5,4,1,974113314,article,0ffe0bd70224aced5c804e9e65fb35b0,https://www.zhihu.com/people/wang-hu-suo-yi-31-89,忘乎所以,https://picx.zhimg.com/v2-9f7fd5f3e38d5998c4043d006f0be050_l.jpg?source=06d4cd63,1770830044807
11020983359,0,教员牛[赞],1729416462,广西,0,4,0,974113314,article,345020a564815eee353ec672e9c24dc5,https://www.zhihu.com/people/pearl-28-40,pearl,https://picx.zhimg.com/28555c7e58e7b41d3c5f59c366ab2be4_l.jpg?source=06d4cd63,1770830044809
11199592028,0,光“分析”没有用，重要的是行动。原话是：“阶级斗争一抓就灵。”,1749512324,辽宁,0,2,0,974113314,article,b78c3f5a52a15960da238bdca361bce9,https://www.zhihu.com/people/xu-ping-7-56-2,伊芳菲,https://picx.zhimg.com/v2-248f280e602adcb6e989e1113bf95a8a_l.jpg?source=06d4cd63,1770830047328
11095871983,0,你得给人以转变的过程,1737626765,吉林,0,2,0,974113314,article,88cb7d52fe3b293631867dad02b8175e,https://www.zhihu.com/people/shi-wo-cuo-ma-555,是我错吗555,https://picx.zhimg.com/599827f50835718c5705253a4c9eabea_l.jpg?source=06d4cd63,1770830047331
11015763267,0,网络世界和爆炸的知识信息，年轻人开阔了眼界和心胸，他们能够敏感的判断出毛主席无与伦比的英明，伟大与正确，自然崇拜毛主席了！,1728896584,江苏,2,265,1,974113314,article,cd8a868501a726c4238cc4f708e006cd,https://www.zhihu.com/people/hgj116,成吉思汉,https://pic1.zhimg.com/v2-3e044d6266d480ac1da0f609963528a2_l.jpg?source=06d4cd63,1770830047332
11090754700,0,因为他牛逼啊，中华从古到今的战力榜啥时候少过？他的战略，思想，才华，你把名字一遮光看战绩呗,1737006618,江苏,0,3,0,974113314,article,763b67fd6db0ffbaa63da49b788fd92e,https://www.zhihu.com/people/34-26-16-42-18,momo,https://pic1.zhimg.com/v2-7ef5c17581a1009cd83f4ad0230cc16a_l.jpg?source=06d4cd63,1770830047333
11106444161,0,因为毛爹爹准确的预测了百年之后中国少年的自信崛起，不认命不服输我命由我不由天的中国少年崛起于世界的东方，中国必将雄于世界！,1738997541,广西,0,3,0,974113314,article,054ace10323db76c0cf0a6bba741d02f,https://www.zhihu.com/people/98-3-27-69-31,漫步广西,https://pic1.zhimg.com/v2-ae3709d26bc05937680b784ee65f010c_l.jpg?source=06d4cd63,1770830047335
11014814819,0,好文章！赞赞赞！,1728822966,山西,0,3,0,974113314,article,76724b39405768adc394d403065c20b9,https://www.zhihu.com/people/86-95-85-83,特色草民,https://picx.zhimg.com/v2-2f9b6c842138b7ed4f3b773486bf6ccd_l.jpg?source=06d4cd63,1770830047336
11269037277,0,错误的，我并没有怀念,1756007908,山东,0,3,2,974113314,article,e5c08583f3aca2298f682fada4d7359d,https://www.zhihu.com/people/37-77-94-72,不安材之维尔汀,https://picx.zhimg.com/v2-a190c7c4270ce366c1fdd8a85e358df1_l.jpg?source=06d4cd63,1770830047337
11136969476,0,我的对毛主席的心理历程：肯定—怀疑—否定—怀疑—崇拜。快四十了，才开始认识他，随着对他的了解，发现他真的是个绝世之才，文学家、思想家、军事家、历史学家、心里学家、谋略家等等等等，这些称号放在他身上都不为过，我们中国何其有幸有了这个伟人才会有今天，幸好有他，幸好。建议还在否定怀疑他的朋友们读下他的著作，我是从《矛盾论》才开始了解他。,1742612719,吉林,1,3,0,974113314,article,c90dca6d865ae83b2fa43475f4aa98d6,https://www.zhihu.com/people/jing-jing-de-fan-nao,咸鱼,https://pic1.zhimg.com/v2-abed1a8c04700ba7d72b45195223e0ff_l.jpg?source=06d4cd63,1770830047341
11029217964,0,本质就是一个。中国五千年历史车轮滚滚向前，新时代，需要更前瞻的思维。即便粉身碎骨，也要为民族蹚出一条阳光大道。,1730258572,江苏,0,3,1,974113314,article,ce50afe1b2302a220da74db74b882c5e,https://www.zhihu.com/people/sha-shang-ren-96,白了个白,https://picx.zhimg.com/v2-b7e2a7a0f1222c8963179bf82f58dcdb_l.jpg?source=06d4cd63,1770830047342
11023189053,0,案很简单：小时候在大人的教育下敬佩他，少年时在敌人的忽悠下怀疑他，长大后在自己的探索中崇拜他。您的这句话说的太对了！！！！！,1729601917,山东,0,3,0,974113314,article,dc4fef29134a4f320c853fc2f90fd6d1,https://www.zhihu.com/people/sun-wei-49-95-46,安定医院孙大夫,https://pica.zhimg.com/v2-8148d8691b7ca60207ff0c81e7dec7ed_l.jpg?source=06d4cd63,1770830047345
11021279443,0,为什么呢？你的简介不是说明了为什么嘛。知识越多一般越不吃这套，在你看来也自然是越“反动”的。,1729431243,江苏,0,3,2,974113314,article,e114feca1c34705dda3b766c102f4d1f,https://www.zhihu.com/people/xuan-shao-62-3,轩少,https://pic1.zhimg.com/v2-87c248bfb38c05c1bab1f49d46a9d647_l.jpg?source=06d4cd63,1770830049927
11210132477,0,中国近代被侵略还真不是传统文化的锅，反倒是跟文字狱和修建四库全书导致大量文盲以及社会全面落后有关,1750567642,上海,0,1,0,974113314,article,16c72ae7a503a2be38eec6816594975b,https://www.zhihu.com/people/han-hui-ze,78度酒精,https://picx.zhimg.com/v2-ef3d9d2f5ec7cd47c920cce85fd86989_l.jpg?source=06d4cd63,1770830049931
11338708352,0,哈哈哈,1762846937,北京,0,1,0,974113314,article,0dd4feb6f8b1215046872fc5652c9b56,https://www.zhihu.com/people/ta-la-xia-34,众正盈朝,https://picx.zhimg.com/v2-332e293600d0fc79b240ff174e58ba3a_l.jpg?source=06d4cd63,1770830049933
11021995531,0,围绕在教员身边的人，各个都能独当一面，你说这个中心牛不？如果像高晓松说的那样，毛主席只是个诗人，那未免太儿戏了！,1729498809,福建,1,20,1,974113314,article,d4686138a60d5b2c65e7cbe02dc5859c,https://www.zhihu.com/people/lin-yong-da-37,荣耀之子,https://picx.zhimg.com/v2-abed1a8c04700ba7d72b45195223e0ff_l.jpg?source=06d4cd63,1770830049935
11087800035,0,其实教员给我们的那份调查报告的做法和意义就是对普通人最大的帮助，第一，落实到基层，第二，落实到每一个细节数据的真实性上，第三，没有调查研究没有发言权，要落实到调查本身的客观情况上。,1736749959,江苏,0,2,0,974113314,article,9fe1eba38be1fd34b333df53e43a07a5,https://www.zhihu.com/people/victormage,victormage,https://pica.zhimg.com/v2-abed1a8c04700ba7d72b45195223e0ff_l.jpg?source=06d4cd63,1770830049937
11195567197,0,“子曰”说了两千多年，中国人大多数还是文盲；“毛主席教导我们”说了几十年，中国文盲已经变成极少数,1749089887,广东,0,2,0,974113314,article,53cdb74a32b46562b70eb4bcf02f06a2,https://www.zhihu.com/people/95-25-89-83,消失的光芒,https://picx.zhimg.com/v2-8ad3d9f84724cb020a297138fcc89e82_l.jpg?source=06d4cd63,1770830049941
11015462267,0,活学活用，赞,1728871741,上海,0,2,0,974113314,article,a0381dc24ec61428084fa38eb8ee263e,https://www.zhihu.com/people/xu-zhi-hao-94-82,徐志豪,https://pic1.zhimg.com/v2-a8bfc8fa9bdb1738c4d0b819d33d135b_l.jpg?source=06d4cd63,1770830049944
11189773545,0,历史学的少了,1748520151,天津,0,2,1,974113314,article,a2b102a933666dd7487736e0e52d955a,https://www.zhihu.com/people/chi-jing-yu-de-ren-25,春夏秋冬,https://pic1.zhimg.com/v2-1e7275c7a41a20a67b76bf9a518a1131_l.jpg?source=06d4cd63,1770830049948
11091831175,0,他老人家不让我们崇拜他，我却坚定的崇拜他，这是我唯一不听他的,1737112111,江苏,0,2,0,974113314,article,e45bb6cfe01df5ba34c15596aabcf0bc,https://www.zhihu.com/people/26-70-25-72-98,知之为吱吱,https://picx.zhimg.com/v2-e5aeb4872c80f1b3edccc46617dfe3de_l.jpg?source=06d4cd63,1770830049950
11189928492,0,其实和有一时期中学语文教材里的鲁迅的杂文被替换他的散文和比较温和的小说一样，修正主义者们不喜欢鲁迅的匕首和投枪，要把周树人在学生心中的形象打造成周作人。对教员他们也是同一手法，因为他们同样不希望底层知道什么是剥削，什么是剩余价值，什么是反抗，什么是无产阶级的真正解放。这是世界资产阶级的共同理想。,1748489339,河北,0,2,0,974113314,article,f7a8b4c28848f63b53f1d66cd9169afc,https://www.zhihu.com/people/66-75-12-65,人在江湖,https://pic1.zhimg.com/v2-c91deb92cfeaaf458f5b22e430cec8ff_l.jpg?source=06d4cd63,1770830049954
11018890134,0,同意,1729219899,新疆,0,0,0,974113314,article,4b03b705500357b19536c2fd3d5a17b9,https://www.zhihu.com/people/shuang-zhi-ai-shang-91-15,霜之哀伤,https://picx.zhimg.com/v2-9be689ed692216f172a2c6a73c6d4d3e_l.jpg?source=06d4cd63,1770830052476
11021622609,0,因为遥远,1729500419,浙江,0,0,0,974113314,article,32df0f1c921458d6f3ce059bafde0424,https://www.zhihu.com/people/wang-xiao-shuai-2-54,王小帅,https://picx.zhimg.com/v2-155840639bf038f6c55de18b032a88a8_l.jpg?source=06d4cd63,1770830052478
11015349439,0,good,1728876079,湖北,0,1,0,974113314,article,5dad9a2dd2228fc7f2c5006c86216c02,https://www.zhihu.com/people/22-57-86-54,梦计算机视觉手机,https://pica.zhimg.com/v2-46d87691e9297d3a1b820dca88ba2a1f_l.jpg?source=06d4cd63,1770830052480
11021512182,0,所以你想表达什么，眼下一定要团结才能发展！国家实现真正强大的那一天，教员的心血才不会白费！,1729440405,河南,1,1,1,974113314,article,a8f09db37bc95c51addfd95149b6ae02,https://www.zhihu.com/people/13-19-29-25,紫苑,https://pica.zhimg.com/v2-f1be5ed24936a7311e75da3884b2bd6d_l.jpg?source=06d4cd63,1770830052484
11262644786,0,我在高中学的第一篇课文就是沁园春雪，那个时候我还不理解他，看到最后那句“俱往矣，数风流人物还看今朝”时，我还以为他是在说他自己，再加上当时的舆论环境对他的抹黑，我以为他还是和以前的封建帝王没什么区别，直到我拿起毛选，靠着自己的独立思考重温历史，我才发现事实并非如此，这样的人，这样拥有如此超前思想的人，他怎么可能是那样庸俗的人呢？,1755407685,湖南,0,1,0,974113314,article,232a98b3d2098ac2c6a0ad4e717836ee,https://www.zhihu.com/people/8-81-58-2,明朝的不是事儿,https://pic1.zhimg.com/v2-bcccdc3da1b9fe152fdfb15fe764ab60_l.jpg?source=06d4cd63,1770830052487
11067164348,0,感动，，没想到还有这么多人，没想到还有更多人正在慢慢了解他，,1734485530,山东,0,1,0,974113314,article,7c6938e5ebda7b0eb38a8b59b39209f7,https://www.zhihu.com/people/wang-dian-dian-12-31,王点点,https://picx.zhimg.com/v2-58c77947e9a417007a38280c042bc3f6_l.jpg?source=06d4cd63,1770830052490
11292614467,0,修正主义（Revisionism）源于19世纪90年代，特指在共产主义运动中通过理论“修正”否定马克思主义革命核心的思潮。其本质是通过改良主义路径取代暴力革命，主张与资产阶级妥协，试图将马克思主义温和化以适应资本主义框架。‌‌我们不是经常妥协吗？,1758246579,浙江,0,1,0,974113314,article,8d3725e0b1403daf61fa2dabb59a1a14,https://www.zhihu.com/people/momo-61-41-33,韭菜盒子,https://picx.zhimg.com/v2-d9e58081c9d2d219a2ee0dd736af3131_l.jpg?source=06d4cd63,1770830052492
11093703898,0,一切历史都是当代史。只有自身亲身见证社会变迁，才会从书本上历史的痕迹推断过去。,1737369560,湖北,0,1,0,974113314,article,a3fc9a99a929fad250d751cf99f4d0f8,https://www.zhihu.com/people/jackbella123,jackBELLA123,https://picx.zhimg.com/v2-abed1a8c04700ba7d72b45195223e0ff_l.jpg?source=06d4cd63,1770830052495
11022336772,0,你们的敌人在线下究竟是什么(๑•̌.•̑๑)ˀ̣ˀ̣,1729568050,广东,3,1,0,974113314,article,2ade9be1d0dc1a97b4937e10e12142d6,https://www.zhihu.com/people/mr--bamboo,逐唯色彩,https://pica.zhimg.com/v2-7f538646a27642aa153bc92fed15a86f_l.jpg?source=06d4cd63,1770830052498
11269841735,0,永远不能忘记阶级斗争,1756080695,河南,0,1,0,974113314,article,fba691d7dc4f1b32fecd44c62787b633,https://www.zhihu.com/people/fnhaibj-42,fnhaibj,https://picx.zhimg.com/v2-abed1a8c04700ba7d72b45195223e0ff_l.jpg?source=06d4cd63,1770830052500
11189120167,0,看越多时政，越觉得一个国家的上限其实和初创者设定好的框架有关,1748410676,福建,0,1,0,974113314,article,44f2527c0950616d7d81cd0fc84fc920,https://www.zhihu.com/people/deng-lu-lu-shang,登陆路上,https://picx.zhimg.com/v2-abed1a8c04700ba7d72b45195223e0ff_l.jpg?source=06d4cd63,1770830055159
11066374214,0,最喜欢他坦坦荡荡实事求是说真话做实事,1734361934,湖北,0,1,0,974113314,article,563d1d742685039861564b8ce8dedb40,https://www.zhihu.com/people/22781224223,不爱说话的白鸮,https://pic1.zhimg.com/v2-c8a420d225bfe0f0aca0ab28c9021649_l.jpg?source=06d4cd63,1770830055162
11126749153,0,小时候在大人的怀念中崇拜他，少年时在他人的言论中怀疑他，长大后在自己的探索中敬佩他。写的真有感触,1741320874,山西,1,1,0,974113314,article,887da2d88bddcba11516598047584829,https://www.zhihu.com/people/jia-you-30-14-35,星河霁月,https://picx.zhimg.com/v2-d2d0a54d1a07d01f8b779e17116fff43_l.jpg?source=06d4cd63,1770830055164
11059978637,0,同志你好[赞同],1733645514,辽宁,0,1,0,974113314,article,a3c3a233f9e1e14f0ce5e0e2d54281ad,https://www.zhihu.com/people/zhu-ge-nu,全球人民大团结,https://picx.zhimg.com/v2-b953d255b8024468f0e20888bf032b2c_l.jpg?source=06d4cd63,1770830055166
11115683959,0,评论区的语言风格不像z世代[发呆],1740047824,辽宁,0,1,0,974113314,article,d11d70d0b7ea3bb9713f37364d80ef5f,https://www.zhihu.com/people/nao-dai-kai-piao-liao,Who chairs,https://pic1.zhimg.com/v2-f1625e6b6b946f07fa9441fa1e69e238_l.jpg?source=06d4cd63,1770830055169
11205413819,0,“迄今一切有文字记载的社会历史，都是阶级斗争的历史”“事物在矛盾的对立统一过程中发展”。从1848到2025，无数的资产阶级、与帝国主义同流合污的买办+地主、反动文人，他们已经不止一次宣称“辩证法是谬论”“永远不会再有阶级斗争”“人性是永恒的”.可从能量守恒定律、进化论的发现、量子力学中物质的波粒二象性，再到十月革命、中国新民主主义革命的成功、金融资本主义的败絮其中，辩证唯物主义在曲折中证明了自己，与全世界被压迫人民站在一起，向新的起点-共产主义前进。历史是由胜利者书写的，可历史的发展和社会的变化是不以人的意志为转移的，它们的污蔑只会在无形中推动事物的发展。,1750086535,广东,0,1,0,974113314,article,0c193b7a6b4e5a8ee5b609e6f7034e8d,https://www.zhihu.com/people/sdk2,嫖正吸,https://pica.zhimg.com/v2-6aa4f7b1dce5a5378bebc86629cf90cb_l.jpg?source=06d4cd63,1770830055172
11177542396,0,因为毛教会了中国人要敢于反抗，有些自由派张口民主自由开放民智实则却只想踩在别人头上[捂脸],1747212346,广西,0,1,0,974113314,article,9d0d49bfc0ac715987030e5bcc1282f5,https://www.zhihu.com/people/wu-ben-mu-63,五本木,https://pic1.zhimg.com/v2-abed1a8c04700ba7d72b45195223e0ff_l.jpg?source=06d4cd63,1770830055175
11122825798,0,因为他确实牛逼，但什么地铁下班还看属实夸张了，看的最多还是网文爽文,1740912699,湖南,0,1,0,974113314,article,f8cde56f288bf14081bb04a841627f84,https://www.zhihu.com/people/zhong-er-lai-ke-ai,昼若夜,https://picx.zhimg.com/v2-0055e5e4347c8ab0015a8309d6de1b20_l.jpg?source=06d4cd63,1770830055177
11023325522,0,年轻人喜欢的只是自己想象的那种浪漫，崇拜切格瓦拉也是这个道理,1729664278,安徽,0,1,1,974113314,article,3b56d321bedc7fc354744a077286dbce,https://www.zhihu.com/people/ju-jiao-shou-89,居教授,https://pic1.zhimg.com/6a9c7de29408755ee0ab4205f3f053fc_l.jpg?source=06d4cd63,1770830055180
11020638566,0,毛主席是开国领袖身上的光环太多了,1729338805,陕西,0,1,0,974113314,article,ad961b6a05f4f08fdaebc7e778aa5592,https://www.zhihu.com/people/wu-qing-33-5-65,无情,https://pic1.zhimg.com/v2-d65972e7bc3524231e5c2483f59505d6_l.jpg?source=06d4cd63,1770830055182
11191710727,0,我是97年的，现在在苏州白手起家两年半，基本年收入百万左右。所有的运作基本上都是按照主席的实践论做的，遇到烦恼和焦虑，也总在思考主席的矛盾论。之所以看这两篇文章，主要是觉得伟人打江山用的是毛泽东思想，那做个生意，更不在话下吧。结果真不在话下[捂脸],1748708882,江苏,0,1,0,974113314,article,a80293a617a9b11b28d1582297cb2630,https://www.zhihu.com/people/nan-dao-you-xue,成里人,https://pica.zhimg.com/v2-a0e80d1ebe48c0f89b5d525c8771204c_l.jpg?source=06d4cd63,1770830057747
11185561861,0,人都会犯糊涂但有不是一直傻，谁对我们真心好谁对我们坏人民心中自有一杆秤,1748077648,河北,0,1,0,974113314,article,6d35dfc4187d96658410b12b8f34f25b,https://www.zhihu.com/people/5-36-86-68-16,咔咔玺,https://picx.zhimg.com/v2-e1b6192aa0d8dcf140ba189dea518a4c_l.jpg?source=06d4cd63,1770830057749
11022499048,0,我想知道还有老版毛选可以买吗,1729539124,浙江,1,1,0,974113314,article,9deda48a11464988b3baab57ebbd0523,https://www.zhihu.com/people/73-52-29-67,confidence,https://picx.zhimg.com/v2-abed1a8c04700ba7d72b45195223e0ff_l.jpg?source=06d4cd63,1770830057751
11022380839,0,小时候在大人的教育下敬佩他，少年时在敌人的忽悠下怀疑他，长大后在自己的探索中崇拜他。共鸣,1729520035,江西,0,1,0,974113314,article,0e15b1688350f1997cc1d55c013a0a6f,https://www.zhihu.com/people/just-sunshine-17,让子弹飞一会儿,https://picx.zhimg.com/v2-df7f60ae743a135d11f6c8a9bdb0b27b_l.jpg?source=06d4cd63,1770830057754
11021173014,0,谁都喜欢执行力超级强的人，无论是公司，政治集团，军事集团，执行力强，判断力也强……武庙十哲前三,1729469796,上海,0,1,0,974113314,article,952c77f445d9619748f29a771bda94e2,https://www.zhihu.com/people/wang-mei-hua-55-40,王梅花,https://picx.zhimg.com/v2-abed1a8c04700ba7d72b45195223e0ff_l.jpg?source=06d4cd63,1770830057756
11169456460,0,新闻业的出生最多了[尴尬],1746366612,上海,0,1,0,974113314,article,0241406cc72100bfe7e9f42285416356,https://www.zhihu.com/people/hang-tian-46-31,探个妖尾,https://pic1.zhimg.com/v2-abed1a8c04700ba7d72b45195223e0ff_l.jpg?source=06d4cd63,1770830057759
11050086280,0,作者敢提吗？提了文章还发的出来？,1732525675,北京,0,1,0,974113314,article,2bf3be87fc3c68a07aecbd5f3614c0de,https://www.zhihu.com/people/mechwarrior,Mechwarrior,https://picx.zhimg.com/v2-abed1a8c04700ba7d72b45195223e0ff_l.jpg?source=06d4cd63,1770830057762
11020131460,0,这个比我的奋斗强多了,1729298093,上海,0,1,0,974113314,article,86120b911afb522be12a50d36b672914,https://www.zhihu.com/people/jinfengguo,行动力,https://picx.zhimg.com/v2-abed1a8c04700ba7d72b45195223e0ff_l.jpg?source=06d4cd63,1770830057765
11022118879,0,一直崇拜的是孔孟  秦始皇,1729517458,内蒙古,0,0,1,974113314,article,d78c193cc1abf61107a2befc5e3a0f35,https://www.zhihu.com/people/53-72-78-5-65,神爵,https://picx.zhimg.com/v2-3d23bc76ebbce6262c66190bc04b688d_l.jpg?source=06d4cd63,1770830057769
11019486486,0,原因很简单，一者是因为经济下行矛盾加剧，年轻人试图重新捡起批判的武器发掘其中的智慧；二者是承平日久没吃过铁拳，总幻想“混乱是进步的阶梯”“双输好过单赢”；三者是有推手试图用“后_年”否定“前_年”,1729256270,山东,21,48,2,974113314,article,af2a00a6efef0cc135f0ff242b059ec4,https://www.zhihu.com/people/wang-shi-zhen-peng-lai,忘世枕蓬莱,https://picx.zhimg.com/5d695a97eb85802583244c9dd29d4e89_l.jpg?source=06d4cd63,1770830057772
11022864818,0,什么？我是Z世代了？什么是Z世代？……不是……崇拜毛泽东对每一个中国人来说，不管男女老幼，不是很正常的态度吗？那些虚无主义的、热衷于当反贼的，才是少数吧？,1729586131,广东,3,46,2,974113314,article,bc34981f7cd6de28482e21249d9dcab4,https://www.zhihu.com/people/he-sheng-chui,核圣锤,https://pica.zhimg.com/v2-55d2d4d52fa951f2274d5109ee113e3f_l.jpg?source=06d4cd63,1770830060377
11024134531,0,在知乎看到很多捧胡适的，他们是真的不读主席的书。他们只是一帮被阶级绑架的可怜中，在粪坑，腐肉中找到自我的价值。,1729748079,广东,2,35,1,974113314,article,6fb68db881a08d658d1c681390aaf9af,https://www.zhihu.com/people/lincong-40,lincong,https://picx.zhimg.com/v2-abed1a8c04700ba7d72b45195223e0ff_l.jpg?source=06d4cd63,1770830060380
11017352867,0,阶级分析一抓就灵，这是毛主席教给我的，迄今受益的思想，包括所谓的女权彩礼婚丧嫁娶,1729052230,山东,38,2078,13,974113314,article,df35f21d73fa9aed32b29af63f0ce1c9,https://www.zhihu.com/people/58-65-1-69,远见,https://picx.zhimg.com/v2-415e9782cc51d807e2ef774d92e949cc_l.jpg?source=06d4cd63,1770830060382
11018716549,0,这群人除了激情啥也没有,1729220961,四川,7,5,1,974113314,article,c8488f4475fa543f8776578dcfb55a72,https://www.zhihu.com/people/zhou-jie-28-9,勿忘心安,https://picx.zhimg.com/v2-d0e378be9d5bf4ee4aac7ec0d3f2c2da_l.jpg?source=06d4cd63,1770830060385
11168993245,0,以前崇拜毛泽东的少年们真敢造反的，现在的你们敢吗？现在的年轻人基本都成了脑内格斗家，现实老实人[捂脸]，以前那些人有毛主席护着，现在谁护着你们啊，现实点吧,1746266627,山东,1,4,1,974113314,article,af8a1093ab524259a43ab1c4077912dc,https://www.zhihu.com/people/39-57-74-33-61,苏黑黑,https://pic1.zhimg.com/v2-93790dcca79047dc9376be740378d83a_l.jpg?source=06d4cd63,1770830060387
11219471180,0,网上和官方的，宣传的大多是上井冈山之后的事迹，其实对年轻人，多了解些教员当 图书管理员 到 上井冈山发展农运的 经历 才最有裨益。井冈山之后，做苏维埃主席后，教员的思想已和常人不能比，包括今天我们大多数，事后诸葛亮好当，只对 果 评论，却不分析 因 如何产生，纵使你怎么了解学习，还是会画虎不成反类犬。76后，即使官方定性 教员功过37开，否定了文革，仍把教员当作一面旗帜，即使反对的也一样高举xxxxxx，教员成了一面虎旗，年轻人涉世不深，容易被鼓动带节奏，被利用，很多人即使今天，仍不明白教员发动的文革到底是在干什么，很多人口口声声遵奉教员思想，其实本质仍是以自我立场谋私利！看看 教员 上井冈山之前的 阶级分析调查报告 吧（名字记不清），学习别人是怎么 独立思考的，如何分析的，如何找到事物发展的本真，如何把注意力集中到  因 上，而推动 果 的生成。而不要机械的使用 教员的 思想，那些自封为左派动不动就想搞文革打砸抢那套，其实不是左，是极右，思想深处有暴力，以教员名义把自己暗黑诉求正名化。我们这代人不行了，只能指望00后们，不要被洗脑，不要去吸收传统里的糟粕，不要去迷信ZF是妈妈，更不要指望父母官为民做主之类，要独立思考独立自主，一点一滴的去推动社会进步，不要动不动喊打喊杀。,1751512207,上海,0,2,1,974113314,article,c49ad0c5b90e744bfe61cdaaa0637242,https://www.zhihu.com/people/aries-14-91-24,aries,https://pic1.zhimg.com/v2-abed1a8c04700ba7d72b45195223e0ff_l.jpg?source=06d4cd63,1770830060391
11019424793,0,麦子熟了几千次，人民万岁第一次,1729245666,广东,8,305,3,974113314,article,024d9f82a3a39297877fc65278422351,https://www.zhihu.com/people/tian-nan-di-bei-19,天南地北,https://picx.zhimg.com/v2-c48b0514118604d3771f03d44bf24241_l.jpg?source=06d4cd63,1770830060394
11021130716,0,年轻时候很轻飘，觉得学了多年的政治类课程，最无用，浪费时间。年龄大了才发现，感谢国家强迫我学了那么多年的政治，才能把这个纷乱的世界看清。教员的心血没有白费，地球上，只有受过教育的中国人才一眼看清社会本质，思考民族未来，即使面对困难不公挫折，仍然有信心。,1729420159,河南,8,182,1,974113314,article,e24d3b165d65c2613c6213b9f6819fc9,https://www.zhihu.com/people/dong-shui-96,东海杂鱼,https://pica.zhimg.com/v2-abed1a8c04700ba7d72b45195223e0ff_l.jpg?source=06d4cd63,1770830060398
11015300412,0,知乎今年频出妙文，实是佩服,1728814822,天津,2,75,1,974113314,article,c41ed8b0a7b75ea1135dfba17b5fd2aa,https://www.zhihu.com/people/97-51-73-8,医心方圆,https://pica.zhimg.com/v2-93790dcca79047dc9376be740378d83a_l.jpg?source=06d4cd63,1770830060402
11021240726,0,小孩子有很多中二幕强，信不信同时崇拜小胡子的大有人在,1729408311,江苏,6,9,1,974113314,article,6e423c5f02ab803c4ea52b545ec853a5,https://www.zhihu.com/people/dai-xiao-ye-12,大半夜的,https://picx.zhimg.com/v2-3c458bef4a1c2395e3e2efe2d52564d0_l.jpg?source=06d4cd63,1770830060404
11020291694,0,查看图片,1729332876,北京,19,6,4,974113314,article,0e826a98513d0f53a17f2042d899c05a,https://www.zhihu.com/people/76-17-57-13,知乎用户iFNira,https://pica.zhimg.com/v2-abed1a8c04700ba7d72b45195223e0ff_l.jpg?source=06d4cd63,1770830062899
11016715692,0,归根结底是蛋糕做不大了，年轻人对分蛋糕的结果并不满意，两极分化严重，导致巨大的落差，事实摆在眼前，谁也掩盖不了,1728968313,浙江,43,511,2,974113314,article,5fd65187a11900e0f306cfc566d04ca2,https://www.zhihu.com/people/terran-33,terran,https://pic1.zhimg.com/v2-abed1a8c04700ba7d72b45195223e0ff_l.jpg?source=06d4cd63,1770830062901
11021349510,0,现在大家都识字，都读过书，都接受过最基本的思政教育。想要像父母那辈，专家说什么就是什么可难多了，想忽悠人也要花更多的心思。[捂脸],1729479781,江苏,1,3,1,974113314,article,c8196084773249e30a39a5b114813a27,https://www.zhihu.com/people/wu-zhi-zhen-bai,啧啧,https://pic1.zhimg.com/v2-09e4494bcfc1f55520cfb9eb5b9badbf_l.jpg?source=06d4cd63,1770830062903
11360425772,0,不过我也有过极端思想时期，后来我认清了一个道理，人类社会只讲拳头不讲道理，有实力的人就是凌驾万物之上不受规则制约。但是毛左批小将们显然不明白这个道理[思考],1764956027,山东,0,0,1,974113314,article,75f734f3696a1c810e57ec0260ed3550,https://www.zhihu.com/people/j-di-diao,J低调,https://pica.zhimg.com/v2-8e0d9fb7704ee8eaef09b6115d5cc691_l.jpg?source=06d4cd63,1770830062906
11019937150,0,坚决认可这样的观点，不能为迎合政策而强行解释与联系但其实近代以来中华的一切灾难更多的来自于满清的统治阶级背离优秀传统文化，用传统文化的糟粕统治人民其实不必讲毛泽东思想，中国特色社会主义理论体系与马列主义和中华优秀传统文化分离开来，再过几百年，到那时，一定会有新的思想再次传入，而中华优秀传统文化中也一定会包含这些思想，其内涵也将进一步的丰富,1729315122,江西,0,7,2,974113314,article,21c710b51225bee37f7718698c309409,https://www.zhihu.com/people/yi-er-yi-er-yi-18,日将升,https://pic1.zhimg.com/v2-c71771d4428cd8e2ad4395e895e5da59_l.jpg?source=06d4cd63,1770830062908
11075930833,0,他们哪里是崇拜毛泽东，崇拜的是什么，自己心里没点数吗？,1735388917,上海,0,4,2,974113314,article,bc8187dc1bbfec72e43a10be5ebc17bf,https://www.zhihu.com/people/chen-yan-64-63,大院君,https://picx.zhimg.com/v2-dfa6f79a83c4abed8fc118b26ff2c51b_l.jpg?source=06d4cd63,1770830062911
11160560203,0,马克思说的阶级斗争在现实中是不存在的。要了解阶级斗争是否存在，首先要弄清“阶级”这个概念的定义是什么。关于阶级的定义，马克思主义创始人并没有给出定义。马克思主义创始人虽然没有对“阶级”这个概念做出过明确的定义，但从他们在论述阶级相互关系的过程中，特别是列宁对阶级这个概念的定义中，可以明确得出他们对“阶级”的定义是“利益集团”。列宁为阶级下的定义是“所谓阶级，就是这样一些大的集团，这些集团在历史上一定的社会生产体系中所处的地位不同，同生产资料的关系（这种关系大部分是在法律上明文规定了的）不同，在社会劳动组织中所起的作用不同，因而取得归自己支配的那份社会财富的方式和多寡也不同。所谓阶级，就是这样一些集团，由于它们在一定社会经济结构中所处的地位不同，其中一个集团能够占有另一个集团的劳动。”（《列宁全集》，中文1986年版，第37卷，13页）可见，马克思主义的阶级概念是建立在“利益集团”基础上的。这种以“利益集团”为基础的阶级和阶级斗争在现实中是不存在的。首先，阶级不是“利益集团”。集团，是为了一定的目的组织起来共同行动的团体；利益集团，是为了一定的利益目的组织起来共同行动的团体。显然，无产阶级和资产阶级不是为了一定利益目的组织起来共同行动的团体，其内部不仅没有组织关系，相反其内部还存在着利益冲突，如资产阶级在争夺市场时相互之间就存在着利益的冲突，如工人阶级在竞争岗位时相互之间也存在着利益冲突的。在一些场合，资本家与工人的利益是一致的。如在企业争夺市场的过程中，一个企业内部的资本家与工人的利益是一致的，与另一个企业的资本家和工人的利益是冲突的，由此可见，阶级不是一个利益集团，马列主义认为的无产阶级与资产阶级斗争在现实中不存在。其次，资产阶级不是占有无产阶级劳动的阶级。马列主义认为资产阶级是依靠资本进行剥削，不劳而获的寄生虫阶级的观点不能成立。这是因为资本家预测市场需求，筹措资金，经营企业，管理生产，承担风险，比起工人的劳动来说是一种更为高级的劳动，获得较高的报酬符合多劳多得的按劳分配原则。现实中，围绕着利润的分配，资本家与工人的确存在着利益上的对立、冲突甚至斗争，但这种对立、冲突和斗争如同“家庭内部纠纷”一样，完全可以通过协商妥协解决，并不是你死我活的斗争关系。　总体看，资本家与工人的冲突不是你死我活的斗争，是可以通过法律契约解决的，现实中绝大多数企业中的资本家与工人的关系是和谐共赢的，不和谐，发生对立、斗争的只是个别现象。我们不能把个别当成整体，否则就犯了以偏概全盲人论象的逻辑错误。事实上，马列主义就是犯了以偏概全的逻辑错误。综上所述，马列主义的阶级斗争理论是建立在缺乏事实基础上的，在现实中是不存在的，是凭空捏造出来的，是经不起逻辑的推敲的。如果非要说以“利益集团”为基础的阶级斗争存在的话，那么自人类社会有史以来到法治社会建立起来之前，这种斗争确实是存在的。这种斗争就是统治阶级与平民百姓阶级的斗争，因为统治阶级是个组织体，是个利益集团。这种阶级斗争是人们社会科学知识低下的产物。这种阶级斗争并不能从根本上解决阶级斗争问题，不能从根本上消除阶级斗争。如在这种阶级斗争中，即使统治阶级被推翻了，由于社会分工的需要，人们还是要组建出一个统治阶级，如此，阶级斗争还会继续下去。只有在人们找到并掌握了以分权制衡的社会科学知识，建立起以权力制衡权力的体制，建立起了法制社会后，方告这种阶级斗争的结束。法治社会用分权制衡的法律链子把国家权力机关的领导人即统治阶级锁起来，使他们失去了按自己的意志随心所欲的使用特权为自己谋取利益权力，使他们成了民众的仆人，因此也就不存在这种阶级斗争了。可见，要消灭统治阶级对平民阶级的压迫、奴役和剥削，不能靠什么阶级斗争和实行什么阶级专政，只能靠民主法治。再说一点，人是没有阶级性的，人的阶级立场在现实中根本无法操作划分，因为人的思想观念不是由其所处的经济地位决定的，而是由利己的需要和道德的观念决定的。如果以所处的经济地位划分阶级，那么终身靠股息吃饭的恩格斯理应划分资产阶级，可作为资产阶级的恩格斯却成了无产阶级革命理论家，这不是笑话吗？马克思主义的阶级斗争理论是与人性观和普世价值观相悖的，是与联合国价值观相悖的一一这是美英等西方国家与中国冲突的根本原因。一一吴大江的哲学观,1745303360,湖南,1,0,2,974113314,article,56ffe011db800c372876ca6a447a15bc,https://www.zhihu.com/people/wu-da-jiang-46,吴大江,https://pica.zhimg.com/v2-abed1a8c04700ba7d72b45195223e0ff_l.jpg?source=06d4cd63,1770830062913
11019532807,0,如果“中华优秀传统文化是我们在世界文化激荡中站稳脚跟的根基”，那何以解释近代以来全世界几乎一切大中小帝国主义国家都侵略过我们，导致中华民族几近亡国灭种？————————文化是根基，并没有说文化能避免被侵略。就这逻辑一塌糊涂,1729234694,山东,8,2,1,974113314,article,05a56519015131f7e917b1e2f130d777,https://www.zhihu.com/people/feng-xue-65,风雪,https://picx.zhimg.com/e54c764d4b4f51729dccece3ec4c64af_l.jpg?source=06d4cd63,1770830062917
11088205951,0,我们这一代年轻人最大的特征是：慕强,1736750076,浙江,1,3,1,974113314,article,65634acd899dde68d434f35eaa2a22dc,https://www.zhihu.com/people/fang-jiang-feng,天辰映海,https://picx.zhimg.com/v2-55397aee95a06f09227de0e0de182a73_l.jpg?source=06d4cd63,1770830062919
11406602995,0,教员万岁。不要忘记阶级斗争。,1769855381,浙江,0,0,0,974113314,article,2a10fe6269f03916b155ac3940fd3455,https://www.zhihu.com/people/xysnvf0p,润之学徒,https://picx.zhimg.com/v2-8ad3d9f84724cb020a297138fcc89e82_l.jpg?source=06d4cd63,1770830062924
11186459604,0,新中国能屹立于世界民族之林，是因为有以毛主席为首的老一辈革命先烈，把马列主义和中国革命的基本情况结合起来，提出了坚定走独立自主的道路的一系列思想理论。知道了努力的方向，剩下的就只剩充分发动人民群众的主观能动性了,1748159749,重庆,0,0,0,974113314,article,9a867304469149cbabcc7dece32cb524,https://www.zhihu.com/people/ji-jing-zhi-yin-96,寂静之音,https://pic1.zhimg.com/v2-e915569a434e7772d2898dbf8b769ce6_l.jpg?source=06d4cd63,1770830065456
11406456018,0,[赞同][赞同] 毛主席万岁,1769848866,浙江,0,0,0,974113314,article,2a10fe6269f03916b155ac3940fd3455,https://www.zhihu.com/people/xysnvf0p,润之学徒,https://picx.zhimg.com/v2-8ad3d9f84724cb020a297138fcc89e82_l.jpg?source=06d4cd63,1770830065459
11358224508,0,《七律·雨夜相思》望狱催孤柳等雨，鸿纹数点地无毛。苔封石像字犹泣，烟锁锈镰影自消。日魄千年终润雪，月窟终夜又寒潮。谁怜血泪成冰后，唯去离魂梦里熬。,1764789441,浙江,0,0,0,974113314,article,2cacb6b43e747251031caa26e95d7883,https://www.zhihu.com/people/53-17-14-69,不疑,https://picx.zhimg.com/v2-d4e95f28bcc6fe3d2bd532fd4c0cfdb4_l.jpg?source=06d4cd63,1770830065462
11307868607,0,我崇拜教员，是因为他的思想他的书籍写的是真好，我看了一手资料一手信息，而不是加工后的，没有崇拜也没有弱化,1759710285,江西,0,0,0,974113314,article,fc5243e78fb73249872a395823aa9bc2,https://www.zhihu.com/people/xie-yun-43-5,葉云,https://pica.zhimg.com/v2-5af6260ef1ed65b5d8851362a5f77661_l.jpg?source=06d4cd63,1770830065464
11304631252,0,民族主义爱国主义，就和东正教给慈父封圣差不多,1759330047,陕西,0,0,0,974113314,article,a6a7d2e2e726a5165e8df588e19f4af9,https://www.zhihu.com/people/he-he-77-3-30,呵呵,https://picx.zhimg.com/03b42d62450ffcb05428b958512bea22_l.jpg?source=06d4cd63,1770830065466
11299191698,0,哎，必须得说的是我根本没见过几个z世代崇拜他，因为“不在乎”，对于z世代来说他是个历史人物，希特勒是历史人物维多利亚女王是历史人物丘吉尔是历史人物毛泽东是历史人物，不在乎历史的话当然不在乎他,1758790546,重庆,0,0,0,974113314,article,267cca8dd81dec6a9b6b8ba398503071,https://www.zhihu.com/people/55-71-16-32-35,奈良,https://picx.zhimg.com/v2-d33ca8056631b8fa4540617117802cfd_l.jpg?source=06d4cd63,1770830065469
11279805805,0,教员是中国老百姓的灯塔，是全世界普通民众的灯塔。运用好教员思想是解决一切问题的本源，高度认可作者的观点，中国之所以建党，建军，建国是因为中国出了个毛泽东。离开他以上三建不会成功，这一点无数次历史已经证明，只要读透党史，都不会否定。,1757038623,浙江,0,0,0,974113314,article,6db4dd5673ed056d961ed1c573ac487c,https://www.zhihu.com/people/feng-yu-jian-cheng-47-42,风雨兼程,https://pica.zhimg.com/v2-abed1a8c04700ba7d72b45195223e0ff_l.jpg?source=06d4cd63,1770830065471
11271181719,0,[赞同],1756177187,河南,0,0,0,974113314,article,e57879b5b2b6688eed19015404de35f6,https://www.zhihu.com/people/yanwei-28-27,yanwei,https://pic1.zhimg.com/v2-ae3ca9ed86b198fcad67164f547d72da_l.jpg?source=06d4cd63,1770830065474
11254817211,0,君言甚善[赞]！,1754703106,上海,0,0,0,974113314,article,905191382bc3d96acdc8e7895df205d5,https://www.zhihu.com/people/wei-xin-yong-hu-55-61-21-5,龙兴观察,https://pic1.zhimg.com/v2-abed1a8c04700ba7d72b45195223e0ff_l.jpg?source=06d4cd63,1770830065477
11251909169,0,致敬伟大的人民领袖！,1754467766,河北,0,0,0,974113314,article,72cc3324728e478d443e7696a0c36a1d,https://www.zhihu.com/people/xiong-feng-68-98,知乎用户zuNrD1,https://picx.zhimg.com/v2-abed1a8c04700ba7d72b45195223e0ff_l.jpg?source=06d4cd63,1770830065480
11250757792,0,忽然想起老杜说的，尔曹身与名俱灭，不废江河万古流。很想念教员啊,1754357834,广东,0,0,0,974113314,article,eea5ffbdbfe1393ae4ff47963c2d2bfe,https://www.zhihu.com/people/yu-tu-4-86,於菟,https://pic1.zhimg.com/v2-2babcc58f588c5dc9dafb0e7fc581ff4_l.jpg?source=06d4cd63,1770830068874
11244113520,0,谁也不能阻止人民敬爱毛主席,1753766685,河北,0,0,0,974113314,article,330ad3f9efde368a3386f0730a4eb22d,https://www.zhihu.com/people/77-45-51-56,人间美好,https://picx.zhimg.com/v2-abed1a8c04700ba7d72b45195223e0ff_l.jpg?source=06d4cd63,1770830068876
11242871229,0,等到时机成熟，自己创造“革圭”的条件，靠的就是思想,1753692419,西藏,0,0,0,974113314,article,17ea650439f32f98056e15df77f98e85,https://www.zhihu.com/people/8wyq9i,羅悑,https://pica.zhimg.com/v2-8ff1a9df4280e551342c993633fd7f5f_l.jpg?source=06d4cd63,1770830068880
11189211927,0,你可以说出你喜欢教员的理由，也可以举出教员的各方面的 功绩。人家只是写出了他理解的年轻人喜欢教员的部分原因，而且是实事求是的。他没说到的地方，你也可以补充，但是不能苛责别人没有全方位理解教员的伟大。你就全方位的理解了教员的伟大吗？未必吧！其实你说的也是教员一些方面，哪怕这些方面非常重要，也不代表你全方位的理解了教员的伟大！你还主观想当然的给别人扣一顶修正主义的帽子！说人家一定是故意隐瞒教员一些伟大的地方，这就不对了了！他隐瞒得了吗？最起码没有蒙蔽你嘛！恶意揣测别人做某件事的主观意图，是不实事求是的！,1748418872,陕西,0,0,0,974113314,article,7bcf1c0961ae53cffa86c678f3c4b21f,https://www.zhihu.com/people/xu-yibo-63,男人四十,https://picx.zhimg.com/v2-8149ec4f584b716e71f2e528e44155f2_l.jpg?source=06d4cd63,1770830068884
11240165671,0,他虽然不在了，但是他的话，他的想法一直都在那里，区别只是你看或者不看，年纪越大越容易理解他的想法，一路苦过来的怎么能不理解劳苦大众的苦难。,1753428683,日本,0,0,0,974113314,article,1f281cf2fe41eb49e8b80eca87e4ee11,https://www.zhihu.com/people/dreamcity10,dreamcity10,https://pic1.zhimg.com/v2-a655166c4119b251086299307974bd6e_l.jpg?source=06d4cd63,1770830068887
11233968020,0,很欢乐 现在这些虚伪者连拥护毛主席的人都不支持[捂脸],1752879742,澳大利亚,0,0,0,974113314,article,58d7adfc2344af12dfeb32f673c566c4,https://www.zhihu.com/people/ba-ji-da-kuang-feng-39-45-71,零米阳缘,https://pica.zhimg.com/v2-e3b750ee2e76c3f16104b4fefe6b96b3_l.jpg?source=06d4cd63,1770830068890
11226423737,0,收,1752155646,河北,0,0,0,974113314,article,6f41ef20f1d616fea0d0499e6f64c5e9,https://www.zhihu.com/people/35-29-49-83-29,爱吃韭菜鸡蛋馅饼,https://picx.zhimg.com/v2-d01e51107abedd1cc03de32788067bdc_l.jpg?source=06d4cd63,1770830068893
11223998985,0,看看各种文件讲话吧，除了几个专有名词以外，哪还有阶级这两个字的影子,1751946275,云南,0,0,0,974113314,article,39d15dbbbf4e163424d3231abf768208,https://www.zhihu.com/people/hammerholder,hammerholder,https://pic1.zhimg.com/v2-6dee90acc0168b409aff8a828517f0f8_l.jpg?source=06d4cd63,1770830068895
11216543381,0,说的对。,1751173807,河南,0,0,0,974113314,article,38d788e4d48a52b509809e8a78e41c8e,https://www.zhihu.com/people/li-gong-xian-97,杏林老翁,https://picx.zhimg.com/v2-34852283ca5aca0901c19e654f1fdb05_l.jpg?source=06d4cd63,1770830068899
11214390374,0,无感,1750962884,重庆,0,0,0,974113314,article,846b003f218e6fedb721df841ae6a9ec,https://www.zhihu.com/people/mao-mao-77-55-17,猫猫,https://picx.zhimg.com/v2-abed1a8c04700ba7d72b45195223e0ff_l.jpg?source=06d4cd63,1770830068901
11203049574,0,大家说：毛主席万岁！！他说……他说“人民万岁！”,1749838587,河北,0,0,0,974113314,article,8213b3201606a7366ab0c91e9e8348e7,https://www.zhihu.com/people/wang-ping-52-73,闻香识辣,https://pica.zhimg.com/v2-b2fdc88e4b4985ce883a70e5825fd40c_l.jpg?source=06d4cd63,1770830073117
11195919290,0,毛泽东思想的一个精髓就是统一战线，团结大多数人去斗争，不管是要从毛泽东思想里汲取什么营养，哪怕就是单纯的成功学，也是好的，只要去学习，结合实践，就会慢慢接触到最核心的内容。而且，现在的舆论环境，好多事情能说的那么透嘛，凡事不能苛求。,1749176143,陕西,0,0,0,974113314,article,754044ebce6a51b17f300cca6f9fa6f3,https://www.zhihu.com/people/dunique,dunique,https://picx.zhimg.com/v2-1d680ea966e6e6b58b51e7eae0fcb27d_l.jpg?source=06d4cd63,1770830073120
11193043177,0,“小时候在大人的教育下敬佩他，少年时在敌人的忽悠下怀疑他，长大后在自己的探索中崇拜他。”这个确实是我个人的写照了,1748879343,广西,0,0,0,974113314,article,e0cc60b0780512add82125637d30d3fd,https://www.zhihu.com/people/wo-jing-ni-yi-gan-er-jing-de-li-ming,我敬你一干二净的黎明,https://pica.zhimg.com/v2-ee701829685c8c8fe73e54f1fe8e298d_l.jpg?source=06d4cd63,1770830073124
11167477099,0,一群好龙的叶公,1746105371,浙江,0,1,1,974113314,article,4dc4478d91f412b95054a11ba6d6675a,https://www.zhihu.com/people/meng-de-bi-fang-67,夢的彼方,https://picx.zhimg.com/v2-abed1a8c04700ba7d72b45195223e0ff_l.jpg?source=06d4cd63,1770830073127
11205162196,0,赶时髦罢了，一个个没见过会辩证法的。。。。。。。核心就是一个:无力改变现状、未来，也不想吃苦耐劳。但不挡着跟个女拳分子一样喊口号，写小作文，表现的自己多同情，多进步，只为了希望二次分配时声浪大一点好多创造点啃老，躺着收福利的借口。,1750108249,北京,0,2,0,974113314,article,64a8f94d48223d9f000dbc38b85440c5,https://www.zhihu.com/people/fan-jun-wei-90,致心的呓语,https://picx.zhimg.com/v2-abed1a8c04700ba7d72b45195223e0ff_l.jpg?source=06d4cd63,1770830073129
11049755128,0,Z世代什么玩意儿[好奇],1732507532,湖南,0,0,1,974113314,article,9ad47da1870e2f9036b88e3dd4b190f6,https://www.zhihu.com/people/ming-jing-zhi-shui-84-71,扬州三月,https://picx.zhimg.com/v2-d5c19c1a749d79ab7cba92175a217307_l.jpg?source=06d4cd63,1770830073132
11320092853,0,同感，在我看来00后和60那一代wegame小将的相似之处实在是数不胜数,1760964588,广西,1,21,0,1963573431233681273,answer,3a0fc3080c8984fcb4dc9e551be3dc06,https://www.zhihu.com/people/intel-amd-nvidia,苍生如蚁,https://pic1.zhimg.com/v2-f65ff5d2717922e78bd11e9c526bbce6_l.jpg?source=06d4cd63,1770830078246
11320262137,0,95-05是一批人，05后跟这些人又不一样了,1760956689,重庆,2,10,0,1963573431233681273,answer,87c26af4884085e4e53d19a3a37cfc4a,https://www.zhihu.com/people/bi-an-lou-ling-9-62,彼岸髅灵,https://pic1.zhimg.com/v2-70036307431c66bd908d4755df58e70d_l.jpg?source=06d4cd63,1770830078249
11319976759,0,00后还红利？,1760971028,广西,5,3,0,1963573431233681273,answer,bb6a99133bddbe44ce63c3964f339996,https://www.zhihu.com/people/ug6ujw,黄bx666,https://pic1.zhimg.com/v2-15550a0cb98c29279444c8fc93258e53_l.jpg?source=06d4cd63,1770830078252
11321677566,0,95后和00后05前也没差几年吧，为啥差别会这么大？[脑爆],1761118819,江西,3,3,0,1963573431233681273,answer,7f1761e2997c761e208762b04cad4367,https://www.zhihu.com/people/zi-ying-67-47,露娜,https://pic1.zhimg.com/v2-77dc56ce00acd2ba671d32c13b2af692_l.jpg?source=06d4cd63,1770830078255
11336168756,0,我是95后，正在靠父母,1762598458,天津,0,1,0,1963573431233681273,answer,28c12b096cafe05e43695aab2389d724,https://www.zhihu.com/people/guan-xu-63,雨落右北平,https://picx.zhimg.com/c3479b561e2236dd4b27e69b317f53ba_l.jpg?source=06d4cd63,1770830078257
11366599938,0,各有各的惨法,1765691716,上海,0,1,0,1963573431233681273,answer,d7165128b0e30f8fed8463e7c52a051c,https://www.zhihu.com/people/su-su-80-46-17,素素,https://picx.zhimg.com/v2-d7aeb05c5fa417e3a2bd1d2040830fef_l.jpg?source=06d4cd63,1770830078260
11392232365,0,我的是爹靠我咋办？[飙泪笑],1768317678,上海,0,0,0,1963573431233681273,answer,1f719d5770370b6f429e38614910a9e6,https://www.zhihu.com/people/38-88-9-59-68,正在无语,https://picx.zhimg.com/v2-83482f99959aba29f8c00c8c4b4a9105_l.jpg?source=06d4cd63,1770830078262
11392584311,0,94难道就吃到红利了？没红利还一毕业就吃到了地产倒闭的黑利，只怪当时太执着于本行业没早点转行了,1768321122,四川,0,0,0,1963573431233681273,answer,927198b7d8964bf7b6d6b41773bf8c80,https://www.zhihu.com/people/jsy512819aa,jsy512819aa,https://picx.zhimg.com/v2-abed1a8c04700ba7d72b45195223e0ff_l.jpg?source=06d4cd63,1770830078264
11388008899,0,本98大学毕业正好赶上口罩[害羞],1767874970,北京,0,0,0,1963573431233681273,answer,ec3202384fc576da9d8f5134bd456132,https://www.zhihu.com/people/qia-wen-di-xu-22,梭哈等死,https://pica.zhimg.com/v2-0bae3f04343236804f8696cfc47dc69a_l.jpg?source=06d4cd63,1770830078267
11348105247,0,80年的25生孩子也是05年出生吧，就这就业行情，找不到工作的00后突然成为80后的依靠了，太逗了吧能不啃老就不错了。更别提80后大部分都在生育高峰期生二胎的事了，人家60后70后家里就需要举一个能托举起来，80后要举两个及两个以上，只能说加油吧80后[打招呼],1763755692,河北,0,0,0,1963573431233681273,answer,b1c25d45e30c4a89d3a3bef239abfbb9,https://www.zhihu.com/people/zhou-lin-nuo-36-97,琳娜白,https://picx.zhimg.com/v2-743bbefd2ed5b72880d170a1e4c977da_l.jpg?source=06d4cd63,1770830078271
11322855506,0,移民应该不会放开，最多是像现在那样发个签证,1761239276,海南,2,0,0,1963573431233681273,answer,9a59b1993e0bdc80bd5bd00a28e95de0,https://www.zhihu.com/people/su-xie-qing-75,帅哥,https://picx.zhimg.com/v2-f083a15e21023fa26f392a46f556a340_l.jpg?source=06d4cd63,1770830082142
11322783382,0,95后咋就不能靠爹了？他们是70后父母啊,1761217141,陕西,0,0,0,1963573431233681273,answer,d14352ada8168b917155496f2304e38e,https://www.zhihu.com/people/vinash-6,dddddhdhdhdh,https://pica.zhimg.com/v2-abed1a8c04700ba7d72b45195223e0ff_l.jpg?source=06d4cd63,1770830082144
11320638814,0,不对吧？我就是95后，身边儿同龄人父母最次的也是读了大学进了体制内，厉害的家产几亿是有的，这一代人明显要比80后享受到的红利更多到你这儿成了没法靠父母？[捂脸],1761046803,北京,3,0,0,1963573431233681273,answer,d2695a04de83be93eb15f288a9e5e6e1,https://www.zhihu.com/people/xm0707-,xm0707_,https://picx.zhimg.com/v2-ceca76502778c6df3c34c6bc63524481_l.jpg?source=06d4cd63,1770830082147
11320498360,0,80后靠子女？是不是自信了那么一点点。,1760971502,广东,12,6,0,1963573431233681273,answer,ff69992c9af86238778be749aaa98c81,https://www.zhihu.com/people/oyz14,oyz14,https://pic1.zhimg.com/v2-3eb88753377c94cd87fef5bee08e72ea_l.jpg?source=06d4cd63,1770830082150
11405377440,0,我昨天就说了，牢a比其他见证人牛逼的在于，牢a除了其他见证人能提供情绪价值以外，更能让很听众，尤其是中登老登护住自己的钱包，这才是他厉害的地方,1769735298,黑龙江,5,824,0,2000304279219635675,answer,c8ad89b483c31f7377384fb3fe1b2d96,https://www.zhihu.com/people/li-jia-de-xiao-peng-you,一叶扁舟123,https://picx.zhimg.com/v2-abed1a8c04700ba7d72b45195223e0ff_l.jpg?source=06d4cd63,1770830092290
11405459900,0,那一期切片我看完了，牢A一直在喊叔叔阿姨，直播那时候他还不火呢，就已经有有钱的中年人看他直播问他问题了,1769737563,四川,12,546,1,2000304279219635675,answer,10c11f2c019a3e5b39c1b046c1e6a31b,https://www.zhihu.com/people/20dian-dian,神仙年纪小,https://picx.zhimg.com/v2-abed1a8c04700ba7d72b45195223e0ff_l.jpg?source=06d4cd63,1770830092294
11405633966,0,胡锡进一直说的话就代表那群保守的喜欢和稀泥的中老年老登，结果这次让他们沉默加破防加真伤,1769737472,广东,7,419,0,2000304279219635675,answer,0faf080e7f4d957f9656fa8dfd921b89,https://www.zhihu.com/people/liu-shuo-44,蒸叶,https://pica.zhimg.com/v2-35d2006f41507ef11c35e4ae16784286_l.jpg?source=06d4cd63,1770830092296
11405783449,0,孔家又要重夺兵器谱第一了[doge],1769739234,四川,9,235,0,2000304279219635675,answer,937c317c682f0ee0d3704d11d0fd44cc,https://www.zhihu.com/people/nian-nian-sui-sui-yi-chuang-shu,年年岁岁一床书,https://pic1.zhimg.com/v2-abed1a8c04700ba7d72b45195223e0ff_l.jpg?source=06d4cd63,1770830092298
11405754988,0,有一位姓孔的大师，他一生只会巴拉巴拉，他的弟子们把他的言论整理成书，流传了几千年,1769739604,广东,10,178,0,2000304279219635675,answer,b5816261d1b343564749ace86245248b,https://www.zhihu.com/people/mu-dong-46,木东,https://pic1.zhimg.com/v2-d334547c6e3c7f4eb9ff33404436f9e2_l.jpg?source=06d4cd63,1770830092300
11405727879,0,退休了的老爹今天发信息给我，说10多年前我坚决不去美国留学简直太有远见了[笑哭]很简单，他看了牢A,1769745113,重庆,8,148,0,2000304279219635675,answer,751cc915f5561164585be1e4cec67c0e,https://www.zhihu.com/people/darthkkk,麦斯威尔方程组,https://picx.zhimg.com/v2-98ff6f4c811607182f2142024f08ec99_l.jpg?source=06d4cd63,1770830092303
11405457435,0,也是有铺垫的，理工思维虽然消失了，但是永久留下来了，之前那些3000＜2000论调也是，量变产生质变，牢a算是质变的收益者,1769733218,河北,0,103,0,2000304279219635675,answer,57703964a2228376300c23d6d649a7b3,https://www.zhihu.com/people/fyb-txt,fyb txt,https://pica.zhimg.com/v2-abed1a8c04700ba7d72b45195223e0ff_l.jpg?source=06d4cd63,1770830092306
11405119425,0,在中年人中有影响力确实很难，因为很多中年人都超级固执，很少有人能说动他们,1769740607,福建,15,115,0,2000304279219635675,answer,faa631c5e425d36a6ff6121bd563122a,https://www.zhihu.com/people/crystalbubble-49,crystalbubble,https://pic1.zhimg.com/v2-4fba5a3c84ff51aab11a07f7223988e3_l.jpg?source=06d4cd63,1770830092309
11405936559,0,当我爸妈都开始在家庭群转牢A的时候，我就知道牢A已经彻底不是互联网鉴证级别的对手能打败能念经念死的了。下沉太多了。,1769753699,上海,0,90,0,2000304279219635675,answer,6f790488338cc36cd272790b6b027e26,https://www.zhihu.com/people/lca-82,LCA226,https://pic1.zhimg.com/v2-abed1a8c04700ba7d72b45195223e0ff_l.jpg?source=06d4cd63,1770830092312
11405785790,0,民粹主义这个翻译本来就是故意翻译错误来和纳粹联想，从而污名化它。正确翻译应该是民众主主义，和精英主义互为反意[思考],1769743114,江苏,5,85,0,2000304279219635675,answer,0b26378a2c9e1feff06931c8f4eb8fef,https://www.zhihu.com/people/maririoo,maririoo,https://picx.zhimg.com/v2-80b0d7d9802c91c9d137a54376fff933_l.jpg?source=06d4cd63,1770830092314
11404911146,0,孔子后人是有点东西的,1769731980,浙江,0,37,0,2000304279219635675,answer,b4b11416709358458abf9639b4b94243,https://www.zhihu.com/people/30-26-31-33,烧饼卷卤肉,https://pica.zhimg.com/v2-abed1a8c04700ba7d72b45195223e0ff_l.jpg?source=06d4cd63,1770830096459
11406113527,0,很颠覆认知的是牢A出圈之前就有很多留子家长听他直播，甚至还有很多医生，牢A为什么要说什么叔叔阿姨怎么怎么，就是因为有太多家长私信他了。,1769764791,四川,2,34,0,2000304279219635675,answer,613af41acd3d896a25382bc8e1484ad1,https://www.zhihu.com/people/wang-yi-4-30,井中月,https://pic1.zhimg.com/v2-abed1a8c04700ba7d72b45195223e0ff_l.jpg?source=06d4cd63,1770830096461
11405400631,0,打破中年人的认知，这点很了不起，以前的基本影响力在B站内[飙泪笑],1769733000,美国,4,845,4,2000304279219635675,answer,3185498746eeffb23406480261fd2a2b,https://www.zhihu.com/people/rang-wo-shui-hui-18,让我睡会,https://pic1.zhimg.com/v2-e8cdef97324da46f36b2e9f8875ec7c1_l.jpg?source=06d4cd63,1770830096464
11405361116,0,在外花家里钱可不爽歪歪，难怪一辈子英伦情[害羞],1769760068,福建,1,26,0,2000304279219635675,answer,4ab4a6cde6f158a0b6d11f61dbffba7d,https://www.zhihu.com/people/98-86-43-52-86,啧啧啧,https://picx.zhimg.com/v2-6ded19fee505d647adf5f565041d4041_l.jpg?source=06d4cd63,1770830096467
11405292886,0,马上过年了，村里的老太有话题了,1769738092,美国,0,25,0,2000304279219635675,answer,d3057c669bee3672eafb917f11184ead,https://www.zhihu.com/people/huangchen_1988,parasphere,https://picx.zhimg.com/4d58a211dcd5fe1b05c9b1e5bbaa785b_l.jpg?source=06d4cd63,1770830096470
11406038970,0,主要就是破圈了，中老年人信了，这事儿确实是致命的。我几个五六十岁的邻居都在讨论这事儿,1769803216,山东,0,12,0,2000304279219635675,answer,684f959418810000a9438a5f7af8ab49,https://www.zhihu.com/people/tian-xing-22-95,天刑,https://pica.zhimg.com/v2-0a844d61836506f0bc160e85057ebb1f_l.jpg?source=06d4cd63,1770830096472
11406119585,0,真的，老年人中年人就吃这一套，我身边有父母体制内的天天给我朋友推牢a的视频,1769780689,广东,0,9,0,2000304279219635675,answer,90d65d6533918cdb794ea7bee4a38936,https://www.zhihu.com/people/miku-43-85,miku大仙贝,https://picx.zhimg.com/v2-9732622160cf5a28a06460790b3f2d06_l.jpg?source=06d4cd63,1770830096475
11405580225,0,马克思说的竟然是真的，马克思真神人啊,1769743948,河南,2,10,0,2000304279219635675,answer,5d8eca496c5465add7a050dc7a06aec4,https://www.zhihu.com/people/hua-shan-zhi-dian-22,华山之巅,https://pic1.zhimg.com/v2-abed1a8c04700ba7d72b45195223e0ff_l.jpg?source=06d4cd63,1770830096478
11405664241,0,牢A没说错，只是没说比例。,1769738210,广东,3,9,0,2000304279219635675,answer,012b4c556b157ec93e2a12fb18875975,https://www.zhihu.com/people/wu-sheng-83-71,吴生,https://pic1.zhimg.com/v2-abed1a8c04700ba7d72b45195223e0ff_l.jpg?source=06d4cd63,1770830096481
11405671660,0,查看图片,1769752298,北京,0,8,0,2000304279219635675,answer,c03812078f0d23951f9914a9cb59eedf,https://www.zhihu.com/people/ywang772,饭思辙,https://pica.zhimg.com/v2-cf5ee583e1ce4ceced2646e27cd2cc7b_l.jpg?source=06d4cd63,1770830096483
11406144912,0,他只是捅破了那层窗户纸，用直白甚至露骨的语言把自己亲身经历和观察到的现象说出来而已，以往的这类话语不是没有，但都太过文绉绉和无力了。,1769771117,四川,0,5,0,2000304279219635675,answer,4dfbaa060679f74d9e375e8185fdd463,https://www.zhihu.com/people/mu-jiang-87-41,竹林里的斑鸠,https://picx.zhimg.com/v2-abed1a8c04700ba7d72b45195223e0ff_l.jpg?source=06d4cd63,1770830100813
11405873297,0,断粮为上[捂脸],1769744915,山东,0,4,0,2000304279219635675,answer,84ceb0f524c45f3cf9f300b3ae0984f6,https://www.zhihu.com/people/qiu-yun-he,风纪委,https://picx.zhimg.com/8c978bad0dc70534ae92a7af09df0b27_l.jpg?source=06d4cd63,1770830100815
11405973844,0,学术9000岁的情商实在是太离谱了,1769768577,陕西,0,3,0,2000304279219635675,answer,144c4e36d36154fbc58ca93435897763,https://www.zhihu.com/people/233233-85,233233,https://picx.zhimg.com/v2-e5591953695c6d894055a31e42d3aaff_l.jpg?source=06d4cd63,1770830100817
11405610231,0,这本来就是隔三差五就会聊起来的话题，中老登也一直都有这个焦虑。,1769747655,山东,0,3,0,2000304279219635675,answer,177c6a51472f67e64d9bfb8aae8a7e34,https://www.zhihu.com/people/frank-hawkins,epidermis,https://pica.zhimg.com/v2-40b8030ba29bad0c4c8aa4c91bf4e901_l.jpg?source=06d4cd63,1770830100819
11406122082,0,今天下班电梯里两个女的还在说牢A呢，说看新闻有个小孩14在加拿大吸毒死了没人管，然后说到牢A。看着都三四十岁的样子吧都知道……,1769787801,北京,0,3,0,2000304279219635675,answer,ee16d284bb54bba5aaddca4e39643509,https://www.zhihu.com/people/zi-zi-8-16,子子,https://pic1.zhimg.com/423110706d2dc75cf7588db2deb69568_l.jpg?source=06d4cd63,1770830100822
11406697408,0,建议你修改民粹二字。翟东升最近开会提到的就是警惕民国内粹主义,1769881431,上海,0,1,0,2000304279219635675,answer,565accc94751b3e6387fe0fbfbd6de05,https://www.zhihu.com/people/philler-32,ONEDRAGONMUSK,https://picx.zhimg.com/v2-31ab005afc4bb1b8dbe362e3aa29c92a_l.jpg?source=06d4cd63,1770830100824
11405707740,0,[捂脸]查看图片,1769761778,贵州,0,1,0,2000304279219635675,answer,633e5cdc9ffafb5654cc30718692243a,https://www.zhihu.com/people/chu-xiu-yi-xin,飞利浦修斯,https://picx.zhimg.com/v2-039a5edaeb8c495eb57b9eec15606d42_l.jpg?source=06d4cd63,1770830100827
11408241312,0,对。小登们怎么想不重要，破圈到老登们那里，才重要。,1770104463,江西,0,1,0,2000304279219635675,answer,9a050ffec757b05566646d31dc68e90d,https://www.zhihu.com/people/wei-zi-ji-xian-shang-mei-hao-zhu-fu,爱吃阳光玫瑰,https://picx.zhimg.com/v2-6c306a8fc509d6bb304366538a15bf70_l.jpg?source=06d4cd63,1770830100830
11405826369,0,老登自己会脑内过滤根本不信[doge],1769766133,江苏,0,0,1,2000304279219635675,answer,f4b1b9cccc1b3e74f83dae8c1c9d35ee,https://www.zhihu.com/people/123456-32-58-18,123456,https://pic1.zhimg.com/v2-12a0ffe8b1864c3f8a0b4e0326e9fe12_l.jpg?source=06d4cd63,1770830100834
11407474454,0,知乎别的问题里有答主描述了他父母给他转发牢A直播切片的事情，并提到借用父亲的中老年账号浏览社交媒体，发现很多中老年用户已经在看牢A并给出“牢A是好孩子”的高度评价[doge],1769968763,中国澳门,0,1,0,2000304279219635675,answer,5fcb67c145e17a1950e5ca0bd33162d8,https://www.zhihu.com/people/li-er-te-si-la,里尔.特斯拉,https://pic1.zhimg.com/v2-4ad4bcdab1cf016cd7e6bf63950d5aa2_l.jpg?source=06d4cd63,1770830100836
11405945488,0,就像沈阳本地满族就不加分，这不是很公平，享受同样教育资源，就没必要加分？,1769770367,辽宁,0,1,0,2000304279219635675,answer,9efdc9a975dcc80792ce0003fd787c5f,https://www.zhihu.com/people/dong-bei-pian-nan-97,东北偏南,https://pic1.zhimg.com/v2-abed1a8c04700ba7d72b45195223e0ff_l.jpg?source=06d4cd63,1770830105150
11405654390,0,对！父母是留子之本。[赞],1769776509,上海,0,1,0,2000304279219635675,answer,27c7f822845a28f6d13ee5901a9491f8,https://www.zhihu.com/people/zhi-hu-zhe-ye-21-14-73,海冰,https://pic1.zhimg.com/v2-d248d129c035f8bab5418c5c137b8d92_l.jpg?source=06d4cd63,1770830105152
11407246970,0,我感觉他比同赛道人成功的原因很大一部分是利用了人们的仇富情绪。,1769962510,内蒙古,0,0,1,2000304279219635675,answer,cdd036c4ddbf35caae9ee5d9fb093911,https://www.zhihu.com/people/92-81-59-32-21,恭喜交交,https://pic1.zhimg.com/v2-d0f434e541f7e583d3255b64da1a5a77_l.jpg?source=06d4cd63,1770830105155
11405297351,0,民粹领袖，中国人民粹和国外的民粹定义不同吗？为什么一般民族主义言论会被定义成民粹。犹如在中国大声说自己是汉族人，便是个极端民族主义者了,1769745627,江苏,11,4,0,2000304279219635675,answer,340793ff7848ec9c3f221c55f1911ec5,https://www.zhihu.com/people/cheng-94-46,cheng,https://picx.zhimg.com/v2-024807f3169c89c1db7cdd7e0490dade_l.jpg?source=06d4cd63,1770830105157
11405904519,0,是不是只要参与键政都会被你定义为“键政圈”一员，你的定义是？如果甲亢哥评价中国女人，那你是不是也会说他从“键政圈”出圈？查看图片,1769748812,重庆,1,2,1,2000304279219635675,answer,a7afbb37b9d55fcbbb116e48f509de48,https://www.zhihu.com/people/feng-xu-he-qi,一天吃三顿,https://picx.zhimg.com/v2-882d98b926ed2f0360324c43c69de51f_l.jpg?source=06d4cd63,1770830105159
11405374691,0,[捂脸]很好的形容，所以牢A真的会上去，复制小王也说不定。,1769726179,安徽,4,28,3,2000304279219635675,answer,747e7e1de0f996fa9694e85ddc47bfcd,https://www.zhihu.com/people/64-22-26-19,熊猫啊啊啊,https://pic1.zhimg.com/v2-25ac7c0d6225fc37e7f4419d75895b22_l.jpg?source=06d4cd63,1770830105162
11405356084,0,他可比所谓的zhttty 不洗内裤之怒以及陈哥说 杰哥观察者 反舔狗联合会（X版）一流 要强  不至于像这些人一样一直宣泄情绪。,1769750191,黑龙江,6,12,1,2000304279219635675,answer,30ab3e7f9883c501fc0210c6a4949d02,https://www.zhihu.com/people/wo-men-de-sheng-huo-fang-shi-78-17,墨殇丷,https://pica.zhimg.com/v2-287dd22ba3f7df91971fa5ffae9f550d_l.jpg?source=06d4cd63,1770830105164
11406264483,0,一年外汇少损失100亿,1769786477,山东,0,0,0,2000304279219635675,answer,1654bd6c3a0c8165b317ee4214f2c1f4,https://www.zhihu.com/people/li-chang-ming-79-79,知行合一,https://picx.zhimg.com/v2-abed1a8c04700ba7d72b45195223e0ff_l.jpg?source=06d4cd63,1770830105166
11405571025,0,诶[思考]这么说我可以操作一下了...,1769765105,江苏,0,0,0,2000304279219635675,answer,d05d521c5e622175d5036ff4d6583d6b,https://www.zhihu.com/people/84-92-43-62,喵喵喵DUST,https://picx.zhimg.com/v2-63560920f438934f4201ca07175c042e_l.jpg?source=06d4cd63,1770830105168
11405590921,0,他的声音成熟有感染力,1769758254,湖南,1,0,0,2000304279219635675,answer,15de58e5697766995fb1544701a264c7,https://www.zhihu.com/people/tang-lei-37-24,饮冰,https://pica.zhimg.com/v2-abed1a8c04700ba7d72b45195223e0ff_l.jpg?source=06d4cd63,1770830105172
11411634432,0,那，张雪峰算不算深入下沉市场呢？,1770386066,福建,1,0,0,2000304279219635675,answer,9eec1aebf2ae0c471442a3567bda9b19,https://www.zhihu.com/people/vision-31-69,Conj,https://pic1.zhimg.com/v2-abed1a8c04700ba7d72b45195223e0ff_l.jpg?source=06d4cd63,1770830109575
11410668440,0,不是，这批出国的，不觉得香港挺好的吗，新加坡离家近呀，我反正不喜欢出东亚除非常青藤,1770352139,广东,0,0,0,2000304279219635675,answer,a750456a74c5b15acc6d48f6f452e8a8,https://www.zhihu.com/people/58-27-4-79,莹莹,https://pic1.zhimg.com/v2-7161d612f2eec50d6b90e410ba33e187_l.jpg?source=06d4cd63,1770830109578
11406729151,0,安能以身之察察，受物之汶汶者乎？[蹲],1769903693,广东,0,0,0,2000304279219635675,answer,6c19c8fbee15480345c96c251bf8bec0,https://www.zhihu.com/people/zi-yun-37-6,紫韵,https://picx.zhimg.com/v2-53a59d36ea42f7c93baf608c3dc766b5_l.jpg?source=06d4cd63,1770830109581
11406384506,0,唉，没读懂什么意思。,1769821133,上海,0,0,0,2000304279219635675,answer,43bcca84700fff3dcaee732e1238138e,https://www.zhihu.com/people/95-27-25-59,人类文明史奇迹,https://picx.zhimg.com/v2-10b20470e80a6274affe25aeba407dce_l.jpg?source=06d4cd63,1770830109584
11406296126,0,那么问题来了，中老登为啥会信，这才最重要[哇],1769796972,四川,2,0,0,2000304279219635675,answer,2e93a6b66dce1cd900f3ebfc904758ef,https://www.zhihu.com/people/scopandaer-85,scopandaer,https://pic1.zhimg.com/v2-b6d9cc21f75bd1ae76a36bfa9297731b_l.jpg?source=06d4cd63,1770830109586
11405906048,0,居然定义为民粹。6,1769752168,广东,0,0,0,2000304279219635675,answer,6b8b8e71f5e5c693f105a83a62202a3c,https://www.zhihu.com/people/ying-he-nan-ren-6,宇哲,https://picx.zhimg.com/v2-d19582b8df51e1a3e874693837ff8a41_l.jpg?source=06d4cd63,1770830109589
11405736074,0,这个确实是。。很多国内乖宝宝为什么一出去就放飞自我，没有约束了呗,1769760797,浙江,0,0,0,2000304279219635675,answer,4359123d81a4695e40a54a1d0291964f,https://www.zhihu.com/people/dou-zhan-sheng-fo-ai-chi-yu,金刚伏魔喵斯拉,https://pica.zhimg.com/v2-925f7cd0225f21a1f1a659259333e868_l.jpg?source=06d4cd63,1770830109592
11405419459,0,有人说沈公公要收牢A为徒，按我说沈公公牢A中间还差着好几个张WW，沈公公给自己抬咖了属于是,1769766816,浙江,2,7,0,2000304279219635675,answer,ba6b492e3c263b73b3314d686cca472c,https://www.zhihu.com/people/yarmyarch,扣钉骑士,https://picx.zhimg.com/v2-e835ba78eeaec5b04ee90bbc6d2646cc_l.jpg?source=06d4cd63,1770830109595
11405351125,0,哥们你这个张维为弱爆了是不是有点？,1769740484,江苏,8,3,0,2000304279219635675,answer,3e9bd42985614cbeca544482c4450820,https://www.zhihu.com/people/ai-ran-5-88,爱染,https://pic1.zhimg.com/v2-409e6030766d785e65a8f39a295aca8a_l.jpg?source=06d4cd63,1770830109598
11404973030,0,Z时代这种90后00后直接中国有的词都要拾洋人牙慧，真的[尴尬],1769740466,美国,0,12,0,2000304279219635675,answer,758bfb147e0f8fde95c8a2f1653c8651,https://www.zhihu.com/people/bai-jiang-cheng,张璋,https://pic1.zhimg.com/v2-5e0bd2d6883949fd515fb9f206d973ea_l.jpg?source=06d4cd63,1770830109601
11406047224,0,用一个b站男博主说的，她们背后的金主知道了，急得狗跳墙,1769835411,广东,0,1,0,2000304279219635675,answer,fdf272cbcf1d49e93ef3b53a40554b3f,https://www.zhihu.com/people/ww-com-14,ww.com,https://pica.zhimg.com/v2-1abe7b115ea0ab9e5dfe334d5a1fef38_l.jpg?source=06d4cd63,1770830113756
11408041389,0,不就是性转杨笠么,1770023055,广东,0,1,1,2000304279219635675,answer,4fd51bd251fe37cf26dba19fc3507dd1,https://www.zhihu.com/people/bh9idf,momo,https://picx.zhimg.com/v2-8dc7c867ef6b004dc67eb1e2e0ec47ff_l.jpg?source=06d4cd63,1770830113759
11405532113,0,一天到晚说民粹民粹的人，自己还不是从人民群众走出来的[惊喜]，忘本可不太好[惊喜],1769760851,江苏,0,3,0,2000304279219635675,answer,631a816504bc53b7f6e423c37b2e6cfb,https://www.zhihu.com/people/zhu-yi-fan-82-33,十年一觉,https://pic1.zhimg.com/v2-abed1a8c04700ba7d72b45195223e0ff_l.jpg?source=06d4cd63,1770830113762
11172742567,0,他骗年轻人失败了，他们一直对未成年人下手，用扭曲的历史课本洗脑未成年人，仇恨洗脑教育。灌输扭曲的伊斯兰革命理想。未成年人长大发现事实和课本上教的不一样。陷入了自我怀疑的漩涡中，而irgc则直截了当地说这届年轻人不行，没关系 我们洗下一代吧。,1746691890,安徽,0,51,1,1903430977876890996,article,292df468f38565a54e4f4cc9b4d87124,https://www.zhihu.com/people/chris-30-84-37,chris,https://pic1.zhimg.com/v2-42df39644f8ed0657aa293d39c20ab78_l.jpg?source=06d4cd63,1770830119965
11173422293,0,这些反对IRI的内容就是IRI当局自己弄出来的，为了讨好国际权贵而口头上不承认而已，谁还记得十年前的尼米尔？,1746820319,广西,1,22,0,1903430977876890996,article,2007c3cc38f746416d310c9aeb620cd7,https://www.zhihu.com/people/huang-chong-14,Litvin,https://picx.zhimg.com/v2-b78dfda36135b1b85994479fa8a25b20_l.jpg?source=06d4cd63,1770830119967
11172746937,0,教法治国的理念已经不适应时代，需要学会搞波斯民族主义和搞抽象，应该就能救回来,1746699718,吉林,0,13,0,1903430977876890996,article,b5e6f788797a052514e70fd78205a3e1,https://www.zhihu.com/people/juche-20,juche,https://picx.zhimg.com/v2-8e6e8151e752f6c8efa44168343838ef_l.jpg?source=06d4cd63,1770830119970
11186288103,0,伊斯兰不是禁止偶像崇拜吗？咋还会在教室里挂肖像？[好奇],1748178197,马来西亚,1,5,0,1903430977876890996,article,dc0cf43608d12fea6d9a1054e4d72505,https://www.zhihu.com/people/gong-chan-du-hui-zhu-yi,第一刀口,https://pic1.zhimg.com/v2-8a58103b9f6790746c46cfc7e056d5fb_l.jpg?source=06d4cd63,1770830119973
11176488101,0,伊朗不会彻底西方化，尽管年轻人亲美欧，但不会被欧美看成同圈文化族群，而且在欧美伊朗人几代人都还是报团取暖，没有消失在美欧汪洋大海里。它们还面临周边其他族群文化的包围中，这就注定了他们只能拥抱教法或者构建民族主义，都依然要在其地理历史文化中寻找共同体源泉，而不至于被别人所夺舍族群特征和精神。在整个伊朗历史上，它都是孤独的特立独行者，始终与邻居们保持距离和不同，对抗多于合作，存在主义避免了其步埃及希腊亚述人的后尘。可见的未来，它们也不会与别人融合而消失不见。,1747104798,天津,1,6,0,1903430977876890996,article,195d66105397e563ce9e91972f6d2d9a,https://www.zhihu.com/people/hello-chiller,hello chiller,https://pica.zhimg.com/v2-abed1a8c04700ba7d72b45195223e0ff_l.jpg?source=06d4cd63,1770830119975
11175810242,0,没有霍梅尼，伊朗现在会富裕得多幸福的多,1747047341,重庆,0,3,0,1903430977876890996,article,82828854f444dad34581e433a40c9b82,https://www.zhihu.com/people/wang-lang-86-1,气球毁灭者F22,https://picx.zhimg.com/v2-abed1a8c04700ba7d72b45195223e0ff_l.jpg?source=06d4cd63,1770830119978
11174715200,0,建议伊朗人民实行独生子女制度。,1746978822,北京,0,2,0,1903430977876890996,article,39241f98cb66fa619a9c562620764018,https://www.zhihu.com/people/7600-37-92,7600,https://picx.zhimg.com/v2-abed1a8c04700ba7d72b45195223e0ff_l.jpg?source=06d4cd63,1770830119981
11172779525,0,和基督教以及清宫戏一样，传统太丑陋，而且得过不正，本质是外来蛮子的意识形态，所以被自发抵制。相反，像汉服这样的，以及日本的剑道居合道空手道这些，本民族的，而且具有美感的，反而会被底层自发推崇。这就是无形大手在起作用,1746706743,四川,11,43,4,1903430977876890996,article,e23117c11a7e6ffa735662814ec5bf63,https://www.zhihu.com/people/zhong-mei-zong-heng-jia,攘夷派儒教浪人,https://pic1.zhimg.com/v2-93d5c72786be3ddb2c5d7d4d642050be_l.jpg?source=06d4cd63,1770830119983
11396319640,0,看来伊朗这些年发展的挺好,1768786637,甘肃,0,0,0,1903430977876890996,article,83108991bdcf48e232a36b131c3c7c3c,https://www.zhihu.com/people/30-11-79-68-43,一百个飞鱼,https://pica.zhimg.com/v2-83a1dccdd98300dfebce249cabd2e3b4_l.jpg?source=06d4cd63,1770830119986
11372557577,0,伊朗真的不行，波斯人费拉不堪,1766248220,北京,0,1,0,1903430977876890996,article,913abb0e906736f8d452b3c7ddbfd01b,https://www.zhihu.com/people/XIAOZHU36,笑竹笑竹笑竹,https://pic1.zhimg.com/v2-88bbf423d34a798fd73a272e64097855_l.jpg?source=06d4cd63,1770830124243
11172488492,0,伊朗确实废物，以后也不过是阿富汗的玩具,1746712292,上海,0,9,2,1903430977876890996,article,ba4fcff874ee8dc6b108348c9d43a944,https://www.zhihu.com/people/matarojo,matarojo,https://picx.zhimg.com/v2-86615d9fa4ee111322dc5a10128341b2_l.jpg?source=06d4cd63,1770830124246
11414312043,0,K型分化是永恒不变的规律,1770714446,山东,3,75,0,2004550128091018127,answer,955cc0c6d7b611cdd1a5f8e4b4be0956,https://www.zhihu.com/people/setsushin,Setsushin,https://picx.zhimg.com/9696a0523bc18fa226b21f27627a9fec_l.jpg?source=06d4cd63,1770830128827
11414635027,0,00-03年的其实还能摸到点pc时代的余晖，之后的魔怔程度确实是很离谱了,1770709655,法国,12,142,0,2004550128091018127,answer,c92d1e91ad8a3ceecf507ccd6c02b488,https://www.zhihu.com/people/zlf-HQU,御坂10000,https://picx.zhimg.com/v2-50082d148d7077bf2c3e2ac37b2a9b20_l.jpg?source=06d4cd63,1770830128829
11414429473,0,省流：Z世代已经被移动网络带来的信息洪流反复冲击的齁噢噢噢噢了[惊喜],1770713765,黑龙江,6,103,0,2004550128091018127,answer,4706cc9a9ae5eb76549c1e2b5c7a90be,https://www.zhihu.com/people/jonah-98-3,momo,https://pic1.zhimg.com/v2-8e29271060ea978534f3f776159e062e_l.jpg?source=06d4cd63,1770830128832
11414344590,0,Z世代都大学毕业了……哪怕是05年出生的，现在都要大三了……还有，今年上小学的这一批，是2020年出生的。,1770726690,福建,0,39,0,2004550128091018127,answer,3026a1bf3bddfa7b95fc67f336d4c857,https://www.zhihu.com/people/28-85-86-13,momo,https://pica.zhimg.com/v2-4ff883a744229c6bc81d72f0ab5be85e_l.jpg?source=06d4cd63,1770830128833
11414085307,0,00后同龄人分化很严重 靠前的有去大厂做ai年薪百万的 靠后的有只会玩网络抽象梗大概率只能送外卖的 ai时代分化会比以前严重多得多,1770718720,广东,4,44,0,2004550128091018127,answer,cebb225e2092fc0b4a16a1fe744868e0,https://www.zhihu.com/people/ke-li-ao-duo-li,科里奥多力,https://pic1.zhimg.com/v2-b48e49d271991cf29adf5989b3fcadd2_l.jpg?source=06d4cd63,1770830128838
11414334725,0,这种学生不看抖音也是交白卷,1770703592,上海,2,39,1,2004550128091018127,answer,481eafb516261922923d2d08c14f6a78,https://www.zhihu.com/people/yang-nan-57-35,并不酷syr,https://picx.zhimg.com/9924d219e913435e8a909598d1d5fed5_l.jpg?source=06d4cd63,1770830128840
11414709995,0,每一代人都骂后人实践不足，现在好了，彻底没实践了。,1770769974,安徽,1,2,0,2004550128091018127,answer,b554468cb7582da0d4efdf30be5e5d37,https://www.zhihu.com/people/rong-45-10-32,只盼浮云能蔽日,https://picx.zhimg.com/v2-a01e98d59ed5f98e37695dda9e3a3b4b_l.jpg?source=06d4cd63,1770830128842
11414426797,0,新一代人的上限和下限都在不断往两边儿狂飙突进。,1770709696,山东,0,15,0,2004550128091018127,answer,aa64542d3ec2505094c79322cf8abb34,https://www.zhihu.com/people/75-98-19-32,momo,https://pic1.zhimg.com/v2-569ddf4eb30d604628f33698f953e151_l.jpg?source=06d4cd63,1770830128845
11414373459,0,是这样的，我以前入B站是为了看盗版资源，那会儿入站考试还很难，考了两次才过。那会儿基本都是各种盗版，鬼畜，mmd什么的。氛围和现在大不同。,1770718607,江苏,3,21,0,2004550128091018127,answer,e99c8b42c0e707131c9a4a84422fee29,https://www.zhihu.com/people/45-67-79-93-50,圆周率运动,https://picx.zhimg.com/v2-abed1a8c04700ba7d72b45195223e0ff_l.jpg?source=06d4cd63,1770830128847
11414349989,0,10后了还Z世代呢？,1770745321,黑龙江,0,13,0,2004550128091018127,answer,7a7a1468a60d2e79fda7cd6c641a785d,https://www.zhihu.com/people/su-xi-mo-de,苏希墨德,https://picx.zhimg.com/v2-9fd35e2c5fa77ee3e17719a514b64fc5_l.jpg?source=06d4cd63,1770830128851
11413733138,0,《低智商社会》—大前研一[大笑],1770711061,福建,0,14,0,2004550128091018127,answer,853a1816edcbd3119333cbdf85b06310,https://www.zhihu.com/people/chen-cheng-43-90-85,红星红旗,https://pica.zhimg.com/v2-abed1a8c04700ba7d72b45195223e0ff_l.jpg?source=06d4cd63,1770830133202
11414000180,0,05后是重要分水岭，05年生人在上小学时，智能手机便开始在全国普及。到了开始上初中找瑟琴网站的时候，快播已经殁了，战狼赢麻兼职进入主流视界。,1770740150,重庆,0,12,0,2004550128091018127,answer,010361b6ee8191a1408ee0b4115c2462,https://www.zhihu.com/people/huang-da-zhi-1983,体面至死,https://pica.zhimg.com/v2-379e5f4e34a24c0289063c9eb716d2d4_l.jpg?source=06d4cd63,1770830133204
11414762027,0,章泽天不让小孩玩手机是对的,1770749190,山西,0,5,0,2004550128091018127,answer,501155ef62fc592780c45c38aac9f2a7,https://www.zhihu.com/people/shi-wen-long-43,友好和善正能量,https://pic1.zhimg.com/v2-68d6b1b30763543f663ffbfa56c508ce_l.jpg?source=06d4cd63,1770830133207
11415188230,0,我从贪婪大陆到昆仑大陆，再到a站，再到b站。现在b小将们看着日漫喷日本感觉真的有点幽默了。不知道这些b小将们有没有看着东京热，看完骂日本，还是他们搜索能力退还到到找不到番号，只能靠b那些质量极次的擦边解决问题。,1770817989,上海,2,1,0,2004550128091018127,answer,0ce158bc9791c3d90e60ce975667e2b0,https://www.zhihu.com/people/47-30-17-87,寒冷,https://pic1.zhimg.com/v2-679fe90eb780c14eb8f670cab34c8341_l.jpg?source=06d4cd63,1770830133210
11415162311,0,为什么这些人在外网一点战斗力都没有呢[doge],1770812376,广东,0,1,0,2004550128091018127,answer,37ec91a83c4325a4f1a3b8a0d25c9b7e,https://www.zhihu.com/people/kscn-18-13,MOMO,https://pic1.zhimg.com/v2-2063446b6a835ae290f63c9fbb88c3fe_l.jpg?source=06d4cd63,1770830133213
11414968925,0,2017年以后开始上网的就和2017年以前成为正经网民的是两代人了,1770785347,北京,0,3,0,2004550128091018127,answer,e6f82ba825104d4964d3032e8ff31210,https://www.zhihu.com/people/min-miao-29,肥兔,https://pica.zhimg.com/v2-0059d146f064a7c8339050bc35a7c09a_l.jpg?source=06d4cd63,1770830133215
11414772945,0,“最高强度的应试教育”与2000年代以来的事实不符。建议改为“重筛选轻难度的应试教育”或“重低质筛选轻深度考察的应试教育”。 查看图片,1770781439,山东,0,3,0,2004550128091018127,answer,f435943befeef6621c2ace59c562e999,https://www.zhihu.com/people/71-5-70-55,香辣灌汤包,https://pic1.zhimg.com/v2-8dd90071bd9da78ad143540cb14c0ff2_l.jpg?source=06d4cd63,1770830133217
11414572693,0,感觉20后会更抽象啊，我见过五六岁的小孩看dy擦边的[为难],1770779025,湖北,1,3,0,2004550128091018127,answer,88f15b4689fd8fb811d57994339cb65f,https://www.zhihu.com/people/91-5-9-14-80,意志薄弱儿童,https://pica.zhimg.com/v2-6ba66a13a89db160bb6786be0c2d2edc_l.jpg?source=06d4cd63,1770830133220
11414493803,0,00后会更为极端的两极分化，能从这些信息里走出来的，会变的非常厉害，梳理信息的能力越来越强。但是，剩下的，可能就是真的路边一条了~,1770723164,上海,0,1,0,2004550128091018127,answer,e3b5c4203404398867f4afa1d171a91d,https://www.zhihu.com/people/liu-bo-93-78,很小的哀姆,https://picx.zhimg.com/fd7c35796fa82fcaa8f29b29e6dcc207_l.jpg?source=06d4cd63,1770830133223
11414849318,0,小时候为了下一个app然后下了不知道多少个那种软件的安装包 为了看小说和电影在一堆白花花的图标中点叉和播放 这些都练就了我的意志 我把他们当作命运的馈赠,1770772500,广东,0,1,0,2004550128091018127,answer,9d76aea81600d328828b1bfba1eb0d3b,https://www.zhihu.com/people/qing-feng-xu-lai-15-24-66,具也,https://pica.zhimg.com/v2-1908e06962a178ae75f8f2957b49aab8_l.jpg?source=06d4cd63,1770830133226
11413700424,0,[赞同],1770703626,陕西,0,0,1,2004550128091018127,answer,3116597a02b0d02dad286e3e7d1d7342,https://www.zhihu.com/people/fmzksyfc22222,碳水含量突破天际,https://picx.zhimg.com/v2-abed1a8c04700ba7d72b45195223e0ff_l.jpg?source=06d4cd63,1770830137593
11414293959,0,还搁这z世代呐，这高中生，是10后,1770753151,澳大利亚,0,0,0,2004550128091018127,answer,b2da8d45a47ef9ee6e68affd0473cfc2,https://www.zhihu.com/people/28-30-96-65,爱因斯坦,https://picx.zhimg.com/v2-93790dcca79047dc9376be740378d83a_l.jpg?source=06d4cd63,1770830137595
11414624949,0,用ai的年轻人前途以后还是不可估量的[思考],1770765867,山东,0,0,0,2004550128091018127,answer,02df5d8dc8d2c82e16dac3b7e213975e,https://www.zhihu.com/people/37-31-41-88-77,无糖君,https://picx.zhimg.com/v2-5fc67a2efe2e8f52b40fac8a80da1442_l.jpg?source=06d4cd63,1770830137597
11415191226,0,复制粘贴游戏深有同感，现在的b站每个下面都是那种千篇一律的评论，就是那种每个视频都会有的，比如告诉艾特所有人来的，或者说什么黑白无常要来接我之类的，全是这套玩意儿，发一遍是有新意，发无数遍的，每个地方都发的，真是很无聊，不知道他们发个什么劲,1770829147,河北,0,0,0,2004550128091018127,answer,afdf00dcf037321df9622cf60a2649b6,https://www.zhihu.com/people/23-16-72-21,钱二飚,https://picx.zhimg.com/v2-58ead5d312d507fc5f6c83bf77e8ea9b_l.jpg?source=06d4cd63,1770830137599
11414351012,0,我嘞个受害者[飙泪笑],1770755041,浙江,0,0,0,2004550128091018127,answer,c60305cc5230c3c6115abc9044749f87,https://www.zhihu.com/people/3-13-92-28,未雨,https://pic1.zhimg.com/v2-3797952577e79a9be3d9e1fb96467921_l.jpg?source=06d4cd63,1770830137602
11415168097,0,记得gen z定义是97-12年的。gen alpha才是你说的抽象小孩吧[大哭][大哭],1770825445,美国,0,0,0,2004550128091018127,answer,88d3e3fe634bb779d303ac0a767d8bd0,https://www.zhihu.com/people/jun-mo-xiao-94-13-40,blau piece,https://pica.zhimg.com/v2-abed1a8c04700ba7d72b45195223e0ff_l.jpg?source=06d4cd63,1770830137604
11414350839,0,和时代没有很大关系，哪一代都有聪明的，也有脑残的,1770752767,辽宁,0,0,0,2004550128091018127,answer,241143d0ad788f0664b2ec2221fa667b,https://www.zhihu.com/people/max1818,Tom Max,https://picx.zhimg.com/v2-7307a613b3c1071cc05f1423adcb45b2_l.jpg?source=06d4cd63,1770830137607
11413878142,0,这种学生他语文答题卡也这样写我夸他牛逼[哇],1770721295,广东,0,0,0,2004550128091018127,answer,f6dcdf260eab1e7e05314d3c996aaa8d,https://www.zhihu.com/people/ipi7v0,爱德华亨利,https://picx.zhimg.com/v2-2ab917936a0559b908ebb8245c511b6f_l.jpg?source=06d4cd63,1770830137610
11414450254,0,别随意对后人下定义，说不定网络小丑以后是一门正经活,1770774158,浙江,0,0,0,2004550128091018127,answer,4d9a5f626b3f05cb8fb850fc25b17ae1,https://www.zhihu.com/people/87-37-66-10-54,不是不是不是,https://picx.zhimg.com/v2-22dfe7094375e34e38695123acd219db_l.jpg?source=06d4cd63,1770830137612
11415181532,0,作为00后已经奔三了[捂脸],1770798448,河北,0,0,0,2004550128091018127,answer,067c8700c9343a6484c96e5a2cd0f379,https://www.zhihu.com/people/92-96-36-79,家长不说你吗,https://pica.zhimg.com/v2-a15c64edaa98e8a55cfe241e68627772_l.jpg?source=06d4cd63,1770830137614
11414704570,0,真笔电吗？别两眼一睁只会Tik Tok啊[飙泪笑],1770741055,江苏,0,0,0,2004550128091018127,answer,f739a291ef29c5fd381d4d95dfd4ae15,https://www.zhihu.com/people/xun-mi-78-90,寻米,https://picx.zhimg.com/v2-2c97e79a68938cd36a3bf5cf398e122c_l.jpg?source=06d4cd63,1770830141963
11414701848,0,笔电什么玩意，人家还在高中就笔电小子了是吧，先把大学这个合格门槛迈过去再叫笔电,1770734359,江西,0,2,1,2004550128091018127,answer,3c666f6a9e309233b85140215502689c,https://www.zhihu.com/people/xiao-bing-82-65,红与黑,https://pic1.zhimg.com/v2-fdae60be5f744ceb6c8897a1c66ead4d_l.jpg?source=06d4cd63,1770830141966
11414284746,0,把00后往坏了想，绝对不会错,1770717504,江苏,1,13,0,2004550128091018127,answer,a77f64f277a7101a31ed208f87bf34b4,https://www.zhihu.com/people/jesuistresbien,弄湿冷清的晚空,https://picx.zhimg.com/v2-320248152f148d97ded0dabb552c2136_l.jpg?source=06d4cd63,1770830141969
11414395479,0,在光绪二十六年，绪都不会写以后能干啥[尴尬],1770707590,上海,0,3,0,2004550128091018127,answer,8bdb8d1d11c3696b7816796bc12b43d9,https://www.zhihu.com/people/fffgfcgg,Fffgfcgg,https://pica.zhimg.com/v2-b147ddfaf60024fdfd44733f95369eee_l.jpg?source=06d4cd63,1770830141972
11333467238,0,太容易速胜转速败了，权力来的太容易。根本没吃革命的苦，他们只是吃到了资本主义的苦,1762327622,辽宁,13,427,6,1969398459787358541,answer,e8a31a5a910bc6877d12f8599afa8c35,https://www.zhihu.com/people/53-97-1-39,滑稽是第一生产力,https://pic1.zhimg.com/v2-2d7d6224e1747b58db3a1ab3627cc9e0_l.jpg?source=06d4cd63,1770830146999
11333417586,0,政策是靠人推动，靠人来落实的。没有广泛的执行层来落实，政策是出不了办公室的。广泛的执行层，是需要经过长期斗争才能存在的。,1762332010,浙江,5,175,3,1969398459787358541,answer,b5ad7e4690b2614c9892ec6f6235f47d,https://www.zhihu.com/people/fish1-59,老兵新征,https://picx.zhimg.com/v2-abed1a8c04700ba7d72b45195223e0ff_l.jpg?source=06d4cd63,1770830147002
11333468149,0,欧美的社会主义者们会发现：选上只是第一步，而且是一小步而已，没有大规模的财富再分配，执政的意义很快会被消解掉。,1762328772,广东,2,84,1,1969398459787358541,answer,824f665736f1fe27bc9c48ae62f5a2d1,https://www.zhihu.com/people/reokok,大贤双标仙师,https://picx.zhimg.com/v2-a8526f7ea19f3494eb36f8c08f27ef8d_l.jpg?source=06d4cd63,1770830147004
11333877250,0,年轻人普遍偏左，因为年轻人财产最少,1762337467,江苏,7,87,0,1969398459787358541,answer,b2b1bdc6cd0b46ec822c70051c7d7221,https://www.zhihu.com/people/rang-quan-shi-jie-du-bian-cheng-yi-zu,文明认同,https://picx.zhimg.com/v2-f70f52856788a64ec8718f2c2433b780_l.jpg?source=06d4cd63,1770830147007
11333703315,0,建议读读党史，社会变革不是简单的喊喊口号投投票就能成功的，它需要一群人持续不断的努力和牺牲、需要强有力的组织、需要卓越的领导层和先进的纲领把握前进方向。这帮人还差的很远。,1762339408,山东,22,40,5,1969398459787358541,answer,6414b5ca695219fd441f0d5c1c85afce,https://www.zhihu.com/people/zhuang-si-de-zhi-wu,装死的植物,https://picx.zhimg.com/v2-abed1a8c04700ba7d72b45195223e0ff_l.jpg?source=06d4cd63,1770830147009
11333811920,0,赞同你的观点，可能几十年后看。这次事件对历史影响很大,1762325610,湖北,7,19,1,1969398459787358541,answer,510d51baec033816e18143ea7c563f9e,https://www.zhihu.com/people/magic-99-2,magic,https://picx.zhimg.com/v2-abed1a8c04700ba7d72b45195223e0ff_l.jpg?source=06d4cd63,1770830147012
11333624017,0,免费公交、最低工资翻倍、国营食品超市——很好，但钱从哪来[大笑]当然又是老一套征富人税[飙泪笑]可富人不是没长腿……,1762339432,浙江,19,30,1,1969398459787358541,answer,df5cbc06ef9052626900f685b1b3bc6b,https://www.zhihu.com/people/71-3-24-44-17,昔兰尼加总督,https://picx.zhimg.com/v2-2b2cecd6e9601a09b1e443b8ffb2a29c_l.jpg?source=06d4cd63,1770830147015
11333495051,0,美国拉美化的又一个进程：人民把一个看起来像是社会主义者的政治家抬进了庙堂,1762329517,浙江,31,698,5,1969398459787358541,answer,cceb59b09476ef62771e58e083c8546f,https://www.zhihu.com/people/cheng-mo-5-58,摸鱼007,https://picx.zhimg.com/v2-60806530009737c6f475d0d0fafb6866_l.jpg?source=06d4cd63,1770830147017
11333685686,0,纽约是个风向标。资本主义的大本营，资本主义的肉他吃的最多，同样资本主义的危机爆发，他最先反映，可谓春江水暖鸭先知。而有社会主义倾向的民主党人当选就是最典型的风向标，上次当选的人叫做富兰克林罗斯福，就是带领美国打赢二战的那一位（当然他官更大一些，是纽约州长，比纽约市长高一级，但纽约市占纽约州的比例将近一半，所以也有类似的效果）。他当选不到十个月就爆发了人类历史上最大的经济危机：1929十年大萧条。所以他这次在特朗普马斯克，以及建制派民主党人全面围攻的情况下，凭借广大的基层民意，没有大资本支持，靠草根宣传当选，本质上也是几十年阶级矛盾积累的结果，是未来经济危机的一个明显信号了。,1762364547,河北,1,16,0,1969398459787358541,answer,4334943cfc6b8c39e7ba400d7770d505,https://www.zhihu.com/people/zhang-kang-wei-29,铝式春秋,https://pic1.zhimg.com/v2-e50c5d304f45f4dc214ea1fbc221f79a_l.jpg?source=06d4cd63,1770830147020
11333477503,0,伯尼桑德斯：那我呢,1762342267,四川,6,11,0,1969398459787358541,answer,f44d732dfb5182c3de15418971e6a2ea,https://www.zhihu.com/people/fan-dui-guang-gong-gong-he-mi-ni-gou,曼巴精神传人,https://pic1.zhimg.com/v2-82f9432d70f92243da75b43f52202352_l.jpg?source=06d4cd63,1770830147023
11334088198,0,没啥用 6 70时年代美国年轻人社会主义风气比现在强多了 最后也没结出什么果。,1762363828,美国,5,10,0,1969398459787358541,answer,dfc2eb8e9e7c429056ac5f399c9b001f,https://www.zhihu.com/people/wu-huai-tong-33,玛卡巴卡,https://picx.zhimg.com/v2-abed1a8c04700ba7d72b45195223e0ff_l.jpg?source=06d4cd63,1770830151488
11333597959,0,美国青年，如同全世界绝大多数青年，广泛支持左翼政治主张——平权，财富再分配，福利社会，文化包容。就说明人类不涨记性呗,1762376415,美国,4,7,1,1969398459787358541,answer,00d752b1f4f3b75e45479a22d098c0fc,https://www.zhihu.com/people/meadow-view,Meadow View,https://pic1.zhimg.com/v2-d0f434e541f7e583d3255b64da1a5a77_l.jpg?source=06d4cd63,1770830151491
11333927600,0,好乐观的答主，对在资本主义国家搞选票政治形成局部社会主义有信心。[捂嘴],1762401778,广东,0,7,0,1969398459787358541,answer,88c1960981eaaaeebf729353b084b376,https://www.zhihu.com/people/dun-dun-ma-74,东边日出西边雨,https://pic1.zhimg.com/v2-abed1a8c04700ba7d72b45195223e0ff_l.jpg?source=06d4cd63,1770830151494
11333966470,0,[吃瓜]靠选举就是不可战胜，欧美的这种政治明星一抓一大把。十年前科尔宾梅朗雄桑德斯群星璀璨，然后呢？选举一边让政客建制化一边消磨选民意志，疲民有术。,1762339350,广东,1,35,1,1969398459787358541,answer,db161be00e1bfe7a4631b95038045133,https://www.zhihu.com/people/lin-zi-yi-57,超理,https://picx.zhimg.com/v2-319333b92f2bba9b8ea9012a263c17b0_l.jpg?source=06d4cd63,1770830151497
11334000764,0,一个轮回而已，上世纪嬉皮士可比这吉列,1762355595,美国,0,5,0,1969398459787358541,answer,ab5f589c9349e47855d1a7208531a5e3,https://www.zhihu.com/people/hoooao,appendSignature,https://picx.zhimg.com/v2-e1b6192aa0d8dcf140ba189dea518a4c_l.jpg?source=06d4cd63,1770830151500
11333682645,0,得看其中有多少是自发主动的了解并拥抱社主，而不是像那时川普拜登选举一样只是为了把另一个更讨厌的选下去，只要有一个稍微像样点的候选人马上就切换阵营。,1762354159,吉林,0,3,0,1969398459787358541,answer,e31f1690d2be792389a5c9b3ef86a1ef,https://www.zhihu.com/people/orient0724,哆哆嗦嗦打字,https://picx.zhimg.com/v2-abed1a8c04700ba7d72b45195223e0ff_l.jpg?source=06d4cd63,1770830151503
11333910126,0,"按照美国目前整过的烂活,感觉无非还是打断腿给拐杖让感恩那一套.支出里的福利支出越来越高,越来越不能讨论,越来越多人不能靠自己正常工作吃饭,都得靠老爷施粥过活.",1762346326,广东,0,3,0,1969398459787358541,answer,b4c1eaba52cde0baffde3a854e7c7cd6,https://www.zhihu.com/people/dong-cheng-bai-xue,冬城白雪,https://picx.zhimg.com/1ee95be76b1005a7d23d1a80d6a95066_l.jpg?source=06d4cd63,1770830151506
11333763913,0,占领华尔街比这个激烈多了，20年过去了，人在墙里呢。[尴尬],1762342809,北京,1,24,1,1969398459787358541,answer,fae42bcafb6c3d930680503bbb79abef,https://www.zhihu.com/people/chen-gang-2-97,萧瑟秋风,https://picx.zhimg.com/v2-abed1a8c04700ba7d72b45195223e0ff_l.jpg?source=06d4cd63,1770830151508
11334112197,0,短期来说肯定没用。长期来说，美国要得救，只有一条路，那就是崛起一个新的政治势力，以武力把美国砸个稀巴烂，把华尔街的资本家全吊路灯。对，就是跟中国内战那种烈度一样。最后新美国诞生，抛弃旧美国的一切历史包袱，获得新生,1762347569,浙江,0,4,0,1969398459787358541,answer,87b0f075e597db7c06b5e16057b0586e,https://www.zhihu.com/people/zi-ma-9,zi ma,https://pic1.zhimg.com/3d382fe86_l.jpg?source=06d4cd63,1770830151511
11333505825,0,这个要看他的执政效果。拉美一堆左派上台之后换来的是啥,1762351228,北京,0,2,0,1969398459787358541,answer,e1d22b6b5b0bd0a56e46d2258abd6b84,https://www.zhihu.com/people/kao-wan-kw,空位,https://picx.zhimg.com/v2-29a702dedfe90c20bf67c13b0b319243_l.jpg?source=06d4cd63,1770830151513
11333595250,0,就在几个月前，知乎还在说美国年轻男性急剧右转呢[思考],1762358432,安徽,3,2,0,1969398459787358541,answer,27592e890aeda4a6918d56abc424a282,https://www.zhihu.com/people/si-ma-qi,网瘾毁我一生,https://picx.zhimg.com/3014b7eae8e10ea53c5a00008c75a44b_l.jpg?source=06d4cd63,1770830156170
11334049833,0,阿根廷的左人可比他们激进多了,1762414034,安徽,1,1,0,1969398459787358541,answer,138963e039d2c6a9450f7d73f5cf0966,https://www.zhihu.com/people/laowu001,老吴不说话,https://pic1.zhimg.com/v2-3f924be9b5fb9b2e598dd082a93803aa_l.jpg?source=06d4cd63,1770830156172
11334315970,0,70年代就已经玩儿过了，那套东西几十年来一回。,1762426035,上海,0,1,0,1969398459787358541,answer,5ddafe92127eba9fa976f284385311a1,https://www.zhihu.com/people/zhaoxing1981,赵星,https://picx.zhimg.com/v2-7cb8adfaa23bcf80291b85412efb57cd_l.jpg?source=06d4cd63,1770830156174
11334517015,0,没用的 这样的人一上任 大家发现他承诺的一半做不到 就会粉转黑,1762424859,上海,0,1,0,1969398459787358541,answer,fd1fa8f3086d8f33bc97b27a29424eba,https://www.zhihu.com/people/xin-bing-jun,凑热闹的小狐狸,https://picx.zhimg.com/v2-62a2384c2ea2149515253b89fc0127c1_l.jpg?source=06d4cd63,1770830156177
11334346599,0,您说的都很有道理，但是您是不是忘记了这位是印度裔穆斯林,1762430509,湖北,0,1,0,1969398459787358541,answer,d4a7cd8952a4b5df94a6b6227f7a07a8,https://www.zhihu.com/people/chang-shou-zhe-de-shou-cang-jia-65,白左目田,https://pica.zhimg.com/v2-0ba3230a3815fe448a4082ceaecc5a0b_l.jpg?source=06d4cd63,1770830156179
11334574354,0,问题是，他能在纽约土改还是斗资本家？靠法案或政策，是实现不了财富再分配的。,1762426219,江苏,0,1,0,1969398459787358541,answer,40ddc5fdf9bcdd327ef2c5afafe037c2,https://www.zhihu.com/people/fenix-18,Fenix,https://pic1.zhimg.com/v2-88ac37f2b336db112fd3f47708f9ad95_l.jpg?source=06d4cd63,1770830156182
11334206060,0,很好，下一步从建立支部做起吧，而不是天天跟营销号一样直播喊口号。[捂嘴][捂嘴][捂嘴],1762366554,广西,0,1,0,1969398459787358541,answer,eec3ca28b469742ce9c6b1af6ec00c96,https://www.zhihu.com/people/bei-wei-qi,曙光Spirit,https://pic1.zhimg.com/v2-e11f39e3f8800d77e684f8fffb2a564f_l.jpg?source=06d4cd63,1770830156185
11334411122,0,先说明，是maga先干的，[大笑]。所以别甩锅，,1762456454,贵州,0,1,0,1969398459787358541,answer,c3ab655695b567f33b86c1d0b8ca5426,https://www.zhihu.com/people/sui-yue-mo,岁月磨,https://picx.zhimg.com/v2-abed1a8c04700ba7d72b45195223e0ff_l.jpg?source=06d4cd63,1770830156188
11333569110,0,右翼靠推特抬特朗普上台 左翼靠instagram[捂脸],1762367408,美国,0,1,0,1969398459787358541,answer,b22f9846e4a88925b058537caece2deb,https://www.zhihu.com/people/chang-kai-shen-84,ckc84,https://pic1.zhimg.com/v2-a7998082fd5d3fc495c04eec32ca78dd_l.jpg?source=06d4cd63,1770830156191
11333601064,0,美国的社民少是美国整体环境劳保的要死，欧洲乃至加拿大澳大利亚整体环境都比美国进步一大截,1762390080,上海,0,2,0,1969398459787358541,answer,aab5f64cae6f5adabb9a5da18f4baf41,https://www.zhihu.com/people/liao-yifan-71,Linger,https://picx.zhimg.com/v2-ceb2d894ddeaa21abd7b41eda0dd79e8_l.jpg?source=06d4cd63,1770830156195
11333885971,0,佐兰不是 sh 主义者，而是 mzsh 主义者，两者区别很大。他的 ysxt 其实是欧洲正常佐人,1762358240,美国,0,2,0,1969398459787358541,answer,d690b0d489d7ba3d7fa36adbbbc23e06,https://www.zhihu.com/people/gan-yin-jio,Justone Dean,https://picx.zhimg.com/v2-e173dfc7784c4880edf8502327666c13_l.jpg?source=06d4cd63,1770830160683
11334392488,0,想靠选一个市长就实现社会主义，确实是很青少年,1762409876,江苏,0,2,0,1969398459787358541,answer,972424aad0e07e039e369fff84c6bfa9,https://www.zhihu.com/people/xunchengwei,普通的毛线,https://pic1.zhimg.com/4d1b54875_l.jpg?source=06d4cd63,1770830160686
11333905741,0,评价为不如嬉皮士,1762336287,吉林,0,2,0,1969398459787358541,answer,87db014e9f129aa69e68e4a5fd810ae3,https://www.zhihu.com/people/bu-jue-3-17,不觉,https://pica.zhimg.com/v2-de9037846a82873562bbb8ebb8b72b0e_l.jpg?source=06d4cd63,1770830160689
11348866636,0,[捂脸]美国早就左修过了，和苏联冷战的时候对待劳工并不差。苏联一死，露出本来面目,1763874835,上海,0,0,0,1969398459787358541,answer,f58778f0cf8af1eff8ac75755a6dbcc7,https://www.zhihu.com/people/xia-ya-12-68,Casval,https://pic1.zhimg.com/v2-0d7208dbf57302f74ad84513dfe68b82_l.jpg?source=06d4cd63,1770830160692
11335598772,0,这算是古典社会主义的小波澜。真正的社会主义，还是要靠暴力革命[飙泪笑],1762523992,湖北,0,1,0,1969398459787358541,answer,ce455c19fd6ec7de76383e0368ca55de,https://www.zhihu.com/people/ai-mou-xian-de-hai-zi,爱冒险的孩子,https://picx.zhimg.com/v2-abed1a8c04700ba7d72b45195223e0ff_l.jpg?source=06d4cd63,1770830160694
11333952869,0,五十年前的事实就论证了议会斗争是不可靠的，人家掌有暴力机器，可以掀桌子,1762393366,马来西亚,0,1,0,1969398459787358541,answer,218fc808bb7a0dc0804302a322dae3a3,https://www.zhihu.com/people/10-62-28-70,连山归藏,https://picx.zhimg.com/v2-35c8c2b3fcd8a80c992f1789e8806515_l.jpg?source=06d4cd63,1770830160697
11333770396,0,二十年后你觉得这些小年轻还会支持这种社会主义吗。。。。更何况一代人又有一代人的思潮，会有后浪后继吗。。。。。顶多是把美国的光谱稍微往左边挪那么一丢丢罢了，而且这个事情有多少是因为MAGA天怒人怨的反弹效应。,1762357731,英国,1,1,0,1969398459787358541,answer,858f373b0f982dc79c8eea5138305ecb,https://www.zhihu.com/people/DDLee,Lee DD,https://picx.zhimg.com/v2-b210a451b28359f8bd0708ff7ce4fa5e_l.jpg?source=06d4cd63,1770830160699
11334497200,0,"说实在, 我不大理解, 如果左翼支持者那么多, 那trump是怎么当选的...",1762456643,美国,2,1,0,1969398459787358541,answer,2fc8b81bdf79781bd2d49cadd268cb7f,https://www.zhihu.com/people/jia-ming-65,小明,https://picx.zhimg.com/v2-d3be2072eec9ece5609ddac586602389_l.jpg?source=06d4cd63,1770830160701
11334007031,0,刚去油管看了他的选举视频，确实很有感染力，而且直面普通人遇到的各种困难，不像以前的民主党只会夸夸其谈，难怪他能获得这么多支持,1762386859,湖北,0,1,0,1969398459787358541,answer,510d51baec033816e18143ea7c563f9e,https://www.zhihu.com/people/magic-99-2,magic,https://picx.zhimg.com/v2-abed1a8c04700ba7d72b45195223e0ff_l.jpg?source=06d4cd63,1770830160704
11333615042,0,讲真，美国走社会主义道路远比现在对我们威胁更大,1762327438,上海,5,0,2,1969398459787358541,answer,3b5958161a228c97e8baa1a2653dfc9a,https://www.zhihu.com/people/liu-jiao-deng-45,六角灯,https://pic1.zhimg.com/v2-363fc1e1fe1d55d39b1ce5a048b8fb57_l.jpg?source=06d4cd63,1770830160706
11333695440,0,这位新市长的支持率真的是惊人的。先有特朗普，再有马姆达尼，极左极右对轰,1762325552,湖北,8,28,2,1969398459787358541,answer,510d51baec033816e18143ea7c563f9e,https://www.zhihu.com/people/magic-99-2,magic,https://picx.zhimg.com/v2-abed1a8c04700ba7d72b45195223e0ff_l.jpg?source=06d4cd63,1770830165358
11333751446,0,你这个是修正主义,1762321677,上海,4,1,3,1969398459787358541,answer,bcb399d14185a77316affc0c2d197ee6,https://www.zhihu.com/people/96-28-26-17-32,不可描述,https://pic1.zhimg.com/v2-a414217ff74907839072c2cf4970b22d_l.jpg?source=06d4cd63,1770830165360
11333937969,0,一个恐怖分子支持者也是社会主义吗[酷],1762340921,江苏,4,2,4,1969398459787358541,answer,22dcb26b35764d7aa7c8da35d74b0c33,https://www.zhihu.com/people/yang-hao-li,专业翻新,https://pica.zhimg.com/v2-6d37a741bfda676b930d01d4ec56c41f_l.jpg?source=06d4cd63,1770830165362
11333596054,0,马督工鼓吹的全球z世代革命原来爆发在美国，这下看懂了[思考],1762361342,上海,0,25,1,1969398459787358541,answer,5588c49d9fcedd9faedac747ea7e1eee,https://www.zhihu.com/people/dang-feng-chui-guo-you-ni-de-sen-lin-95,燕麦动摇于春风,https://picx.zhimg.com/v2-4240b66e13fd1d9f89555604878be002_l.jpg?source=06d4cd63,1770830165364
11334207103,0,真难绷，确实，人家在全世界商业氛围最浓厚的城市提出我们要大家住得别那么贵，小摊小贩要保持保持收入，有钱人应该多交税，这不就是正常想法么。自己号称自己是社会主义者，意思是人家真的关心纽约民生疾苦，可不是网左幻想着斗争斗争斗争斗争,1762379362,美国,7,26,2,1969398459787358541,answer,c06ac6858d27a1fdc709c5f1b27ce428,https://www.zhihu.com/people/zhang-yan-yao-40,Sanpu Zhang,https://pica.zhimg.com/v2-d9841523ea973215c312160109548a32_l.jpg?source=06d4cd63,1770830165367
11333752758,0,还是小心点急性铜中毒,1762323939,江苏,1,74,1,1969398459787358541,answer,150eb725debbcf1fbd3348b82ccab28d,https://www.zhihu.com/people/li-zhi-31-31-89,李子,https://pic1.zhimg.com/v2-8addb0c05e551456007f4edbcdfd0c9b_l.jpg?source=06d4cd63,1770830165369
11333937927,0,十五年后就都变成老保了[飙泪笑],1762340809,北京,4,5,1,1969398459787358541,answer,38a435f2c04efb46db9752fcbfc12c10,https://www.zhihu.com/people/skyworkeralan,难绷丰小祥,https://picx.zhimg.com/v2-41d541952f4fcb49cf527782f2bac34d_l.jpg?source=06d4cd63,1770830165372
11333468042,0,社会主义不就是最早犹太人搞出来的嘛。很多犹左支持他哦,1762328640,上海,2,1,1,1969398459787358541,answer,61957c7ff496778a14eefc8f11422d5a,https://www.zhihu.com/people/scorpionfei,ScorpionsFei,https://picx.zhimg.com/v2-e306b903f2b4b7d4a7aa9b0cec6b4445_l.jpg?source=06d4cd63,1770830165375
11333536888,0,左翼，穆斯林，最好以后再加个黑人。那就能量满满。,1762355845,甘肃,1,0,0,1969398459787358541,answer,c08b6d272cedcd7b0ed534df80ac5b4e,https://www.zhihu.com/people/11-85-43-96-26,知用户,https://pic1.zhimg.com/v2-08e577b9aca53e4ca55ca54ca61b62da_l.jpg?source=06d4cd63,1770830165376
11343928969,0,威力仅仅是民主党内部的撕裂，两党党争烈度更强，谁是美国人谁来定义美国的社会对立更强化。在快乐教育和DEI的背景下，美国人民团结不起来反抗。总而言之，象征意义大于实际意义,1763364005,上海,0,0,0,1969398459787358541,answer,2621f53ee9c8fecd5ea5e96cec13d7ce,https://www.zhihu.com/people/zhu-zhou-yin,小贝多芬,https://picx.zhimg.com/v2-2da64ca7c65c8f205bbf2a20d34162d9_l.jpg?source=06d4cd63,1770830165378
11343522165,0,我就担心美苏立场互换了……[吃瓜],1763352411,四川,0,0,0,1969398459787358541,answer,56af2906206a9312fdf16d6fdcc1efc8,https://www.zhihu.com/people/tian-tian-dang-tian-tian,天天当舔舔,https://pica.zhimg.com/v2-abed1a8c04700ba7d72b45195223e0ff_l.jpg?source=06d4cd63,1770830170056
11343053559,0,马姆达尼的胜选确实狠狠地给了右翼一拳，但是这个人和懂王就是硬币的两面，只是从一个极端走向了另一个极端罢了。,1763257527,西班牙,0,0,0,1969398459787358541,answer,7e1c0ac42b1dd4e1681a3d12cf2d628c,https://www.zhihu.com/people/zhui-feng-chuan-yun,追风穿云,https://picx.zhimg.com/v2-746e76d87bf33e1dfc9b0e81275062cb_l.jpg?source=06d4cd63,1770830170060
11338219510,0,“哪里有压迫，哪里就有反抗”“群众是真正的英雄”“美帝国主义是纸老虎”,1762847335,中国香港,0,0,0,1969398459787358541,answer,78cec88804853e11e8b7b65d3f818762,https://www.zhihu.com/people/tao-tao-60-11,快乐蘑菇,https://picx.zhimg.com/v2-a4f928a8ceeb01969c8cf5e1a7fd7391_l.jpg?source=06d4cd63,1770830170062
11336936637,0,我们也支持社会主义,1762661780,北京,0,0,0,1969398459787358541,answer,5423f2a9974ba8a881e929bb15784bec,https://www.zhihu.com/people/wu-qi-37-89,武起,https://pic1.zhimg.com/v2-03b42d62450ffcb05428b958512bea22_l.jpg?source=06d4cd63,1770830170066
11336593732,0,拉美化，第一步罢了,1762669477,江苏,0,0,0,1969398459787358541,answer,316f6d25e00a31b9af6028b0ac0c8a67,https://www.zhihu.com/people/jun-bao-mo-yu-fen-zi,君堡摸鱼分子,https://pica.zhimg.com/v2-abed1a8c04700ba7d72b45195223e0ff_l.jpg?source=06d4cd63,1770830170068
11336321954,0,想啥呢，左多了就右，右多了就左,1762644397,浙江,0,0,0,1969398459787358541,answer,3633ebce58554188e3bbfda060921bb5,https://www.zhihu.com/people/bao-bin-bin-37,3B公司董事长,https://picx.zhimg.com/v2-a979a45b661108bdef17d34f84168353_l.jpg?source=06d4cd63,1770830170071
11335930515,0,星星之火,1762573758,日本,0,0,0,1969398459787358541,answer,1c7624d86a8e2271160f8a393bc2d419,https://www.zhihu.com/people/li-you-xi-36,李有希,https://pic1.zhimg.com/8dc0b694f430488063bcbb5d08bb03e5_l.jpg?source=06d4cd63,1770830170073
11334771297,0,这次的赢还是资本主义这个框架内的漏洞，会自己纠错的，没有革命是不可能成功的，难道要这帮资本自己放弃资源吗,1762412337,广东,0,0,0,1969398459787358541,answer,46882c56b595e2726920186b74e36885,https://www.zhihu.com/people/yang-tai-de-xian-ren-zhang,阳台的仙人掌,https://picx.zhimg.com/v2-abed1a8c04700ba7d72b45195223e0ff_l.jpg?source=06d4cd63,1770830170076
11334727712,0,“你是社会主义者吗？”——“我觉得我是”,1762440934,美国,0,0,0,1969398459787358541,answer,cb00bbc01cc1166405043cef0db8a313,https://www.zhihu.com/people/harmony0208,三百千千,https://picx.zhimg.com/v2-319234b67ec7eb5810aeae60352267e5_l.jpg?source=06d4cd63,1770830170079
11334710266,0,相信大众的力量，但真不要高估大众的智慧[大笑],1762481921,上海,0,0,0,1969398459787358541,answer,5723964f3f138c70a81bdfacf3ebafd0,https://www.zhihu.com/people/zou-lu-64,仰望星辰,https://pic1.zhimg.com/173168a77ad0f36b5f5e75242772572f_l.jpg?source=06d4cd63,1770830170082
11334561735,0,感觉美国人好像没有意识到一个问题，其实他们这30难引入的移民本身大部分都是南美中国这些地方的人口，所以以后你说的真有可能的,1762404258,河北,0,0,0,1969398459787358541,answer,ad9a9ceedab00bf7d4643c29267fda35,https://www.zhihu.com/people/tian-kong-73-55,天空,https://pica.zhimg.com/07eb2050a019c78fbfa6cf645f1f155c_l.jpg?source=06d4cd63,1770830174716
11334395641,0,美国代际矛盾也这么尖锐吗[打招呼],1762415467,广东,0,0,0,1969398459787358541,answer,45e11939405f884f978436c4f1c81edc,https://www.zhihu.com/people/yi-zhi-chuan-yun-jian-47-78,一只穿云箭,https://pic1.zhimg.com/v2-abed1a8c04700ba7d72b45195223e0ff_l.jpg?source=06d4cd63,1770830174719
11334375262,0,不用二十年，只争朝夕,1762427387,新加坡,0,0,0,1969398459787358541,answer,ab3757f3b5de6aaaab320949f3a3e035,https://www.zhihu.com/people/thedopefiend,豆扑,https://picx.zhimg.com/v2-880af3aa49e73e5bc80dbbe749cd6dda_l.jpg?source=06d4cd63,1770830174721
11334217138,0,这里有个问题需要重新审视，即被包装成文化包容的文化觉醒是新自由主义的温床，而这是奥巴马以来造成零元购毒品泛滥滥交多重性别等等摧毁现代社会根基的元凶，如果不理清这点，他们所谓文化包容会遭遇逆流,1762401129,浙江,0,0,0,1969398459787358541,answer,eb57de864dd0b8df5b6a15c72bc80c27,https://www.zhihu.com/people/hai-tian-9-86,海嗔,https://picx.zhimg.com/v2-abed1a8c04700ba7d72b45195223e0ff_l.jpg?source=06d4cd63,1770830174724
11334176659,0,穆斯林+社会主义者，这个组合我看不懂[捂脸],1762359449,北京,0,0,0,1969398459787358541,answer,d35434b05226a653f8f4be716ad5136f,https://www.zhihu.com/people/ye-lu-sa-leng-de-yan-lei,中关村干饭人,https://picx.zhimg.com/v2-966610c65660bb449a7b1d6c5ac1e8c9_l.jpg?source=06d4cd63,1770830174727
11333953457,0,还是得看干得怎么样，如果几年之后，纽约地铁还是屎一样，那我觉得对左翼政治反而是一种损害,1762394297,上海,0,0,0,1969398459787358541,answer,54406a1174aaf2ff936e714b91662b5d,https://www.zhihu.com/people/dou-shi-chao-la-jiao-95,旱泥鲅,https://picx.zhimg.com/v2-5036a43c91f3b4d047b093bc2a829b17_l.jpg?source=06d4cd63,1770830174729
11333947302,0,美式社会主义和左与中国乃至东亚都不是一种东西，按照他们来看，咱们都是极右翼,1762369501,山东,0,0,0,1969398459787358541,answer,fe34c0d77ef9525a9e955e098f19076f,https://www.zhihu.com/people/fang-bian-mian-jun-442,方便面君442,https://picx.zhimg.com/3800e8c70993b30c43b60fb4b9643ed4_l.jpg?source=06d4cd63,1770830174732
11333860952,0,竞选口号，跟选上了能兑现是两码事？另外，你们真信了几张票就能让富人阶级让出利益？,1762387197,陕西,0,0,0,1969398459787358541,answer,a0821c4514164278949cc110c7af2f13,https://www.zhihu.com/people/countach,Countach,https://pic1.zhimg.com/v2-abed1a8c04700ba7d72b45195223e0ff_l.jpg?source=06d4cd63,1770830174735
11334320387,0,又一个靠忽悠吹牛上台的跳梁小丑而已，什么都解决不了，到头来支持者还不是失望透顶,1762436072,四川,0,0,0,1969398459787358541,answer,6a8b9bbd0fcdb92442476dee5a79238d,https://www.zhihu.com/people/jiang-nan-bei-an,江南北岸,https://picx.zhimg.com/v2-51de5940a009b72d9d8c51dcfece403d_l.jpg?source=06d4cd63,1770830174737
11334809908,0,佐棍赢学已经是无所不用其级了[飙泪笑],1762426942,四川,0,1,0,1969398459787358541,answer,00569466913758055fbd09d2f788d4d0,https://www.zhihu.com/people/yang-si-han-41,qawaas,https://pic1.zhimg.com/v2-d20070e2d114fef6ae98c029162cf72b_l.jpg?source=06d4cd63,1770830174741
11334475973,0,不用等20年后，三德子已经在参院少数党会议上拍桌子了[doge],1762404958,美国,0,0,0,1969398459787358541,answer,1037de9a55a0d1c4bb1adf2fd6749306,https://www.zhihu.com/people/ran-lao-shi,清道夫冉老师,https://pica.zhimg.com/v2-f61ceed39c7498c227cd7c33be912467_l.jpg?source=06d4cd63,1770830179203
11334429495,0,有点扯淡，还是不要低估反动派的无耻,1762421051,湖北,0,1,0,1969398459787358541,answer,02126d08e3bf60e74d392b4ee284945f,https://www.zhihu.com/people/li-zong-yang-95-24,李宗阳,https://picx.zhimg.com/v2-24cbd19b757086dc9c0b31f135053ef9_l.jpg?source=06d4cd63,1770830179207
11334667815,0,社会主义只有通过革命才能成功。靠议会选举上台完全不可能，撑死就是新版社会民主党，另外一个第二国际。这人的纲领全是财富再分配，没有解决怎么创造财富，谁来创造财富，如何保卫财富。骗骗快乐教育教出来的白左可以，经历过国内12年合格政治教育的真正社会主义红孩子，完全对他嗤之以鼻,1762431221,上海,0,1,0,1969398459787358541,answer,5af8ba64f6b1ee61d6077e28a958f1af,https://www.zhihu.com/people/fei-tang-lang-1,肥螳螂,https://pica.zhimg.com/v2-abed1a8c04700ba7d72b45195223e0ff_l.jpg?source=06d4cd63,1770830179209
11334148082,0,又一群不在美国来抨击了,1762370172,美国,0,1,0,1969398459787358541,answer,9526f7a6302bf7163a0e0a03265ff106,https://www.zhihu.com/people/ye-lu-chu-qi-18,耶律楚奇,https://picx.zhimg.com/v2-0fe1afdbdec9a831c7b716fd2c3cadc9_l.jpg?source=06d4cd63,1770830179212
11334117118,0,歇歇吧，就牢美这帮子沸雾点心年轻人，指望他们在资本主义大本营搞革命政治？选票政治都团结不起来还要在有着反共意识形态的地方搞这种东西，真嫌活太久了[尴尬][尴尬][尴尬]典型的速胜论玩家，看不见革命的困难，只一味的鼓吹胜利，盲目相信所谓“年轻人”的革命动力和决心。更看不清美国的政策和现状，顶个美国ip就真当自己全知全能全对，就这种人还教别人认知，贻笑大方了属于是[尴尬][尴尬][尴尬],1762361672,美国,0,3,0,1969398459787358541,answer,c2e3d95e2f40b998601757c5522cf188,https://www.zhihu.com/people/hai-mian-mei-liao-bao-bao-60,Anti-idealism,https://pic1.zhimg.com/v2-1c7a811446528af06a915b5fa81a05ca_l.jpg?source=06d4cd63,1770830179215
11333965447,0,社会主义等于左翼？你从哪里学来的？,1762337313,湖北,2,0,1,1969398459787358541,answer,8bf1e0c5c002233746c73e91d6e92fe0,https://www.zhihu.com/people/58-29-71-90,九天箭神,https://picx.zhimg.com/v2-36290d7602eac361a3da45179055b89f_l.jpg?source=06d4cd63,1770830179217
11333821361,0,也许是给这些左热病的年轻人打了一针疫苗,1762342837,河北,0,2,2,1969398459787358541,answer,2ffde94eb1d60863e19fd2442ea84477,https://www.zhihu.com/people/yy-xx-5,索伦国强兽人,https://pic1.zhimg.com/v2-a7fe1e637b0fa84cf2288dce8edf0b81_l.jpg?source=06d4cd63,1770830179219
11333598676,0,白左而已，吹着空调聊低碳，开着游艇谈奋斗罢了,1762383270,英国,0,0,1,1969398459787358541,answer,314736dc7d2150129ae30039633e3588,https://www.zhihu.com/people/danielkingscut,Daniel King,https://picx.zhimg.com/v2-d2bef096a000018997a71fde2755c9d9_l.jpg?source=06d4cd63,1770830179222
11333594188,0,政治幼稚,1762355434,江苏,0,0,0,1969398459787358541,answer,1f78b62453a296808ce4f35bf74fb43c,https://www.zhihu.com/people/si-wei-te-sweet-47,斯威特sweet,https://picx.zhimg.com/v2-32d356bc6330ec4a88f9f111ba895db8_l.jpg?source=06d4cd63,1770830179224
11333387674,0,这已经不是一般的市民了，必须要出重拳！[生气],1762339439,广东,0,1,0,1969398459787358541,answer,f2d9c8cdf27ca45854ab5f5f43eedf76,https://www.zhihu.com/people/chaosilver,哥舒夜带刀,https://picx.zhimg.com/v2-8c5f22ed02547415bc7442b71b5b4bac_l.jpg?source=06d4cd63,1770830179227
11170188179,0,我96年的，我十多年前，还真是和05年  06年出生的两个表弟用一台电脑轮着一起玩过4399,1746415078,天津,28,256,0,1902494307006518001,answer,28c12b096cafe05e43695aab2389d724,https://www.zhihu.com/people/guan-xu-63,雨落右北平,https://pic1.zhimg.com/c3479b561e2236dd4b27e69b317f53ba_l.jpg?source=06d4cd63,1770830188340
11169585730,0,你也一定是个95到05后。我倾向于，从05开始划界，毕竟05开始10岁认知能力上来，15年王者短视频刚出现，前面的没有，他们也记不住,1746421861,江苏,10,128,2,1902494307006518001,answer,3340f6f53b001403f76de274a2a86e9d,https://www.zhihu.com/people/shou-hu-yan-zhong-de-si-zhao-xing,环球清尘,https://picx.zhimg.com/v2-25cfd6468b2169a3dc9b310b46d34c1a_l.jpg?source=06d4cd63,1770830188343
11171541314,0,首先，ACGN是有即时性的，一个正常人不会整天聊几十年前的东西，现在的环境就是00后在最需要社交的高中和大学阶段，互联网环境迅速恶化，短视频横行，大批量老游戏的消失把曾经的一起玩的00后社交打散，而00后没有步入职场（手上没钱），根本无法组成像90后那样以现实爱好和饭局为主导的社交，造成每个个体越来越孤立。。。,1746556083,北京,2,86,0,1902494307006518001,answer,ea5f3ebce236cb5b286fe2cd86a974eb,https://www.zhihu.com/people/de-de-de-32-54-20,超绝可爱涞汐酱,https://picx.zhimg.com/v2-3f6e5a7f82accf8e1dcc2ce7110425d9_l.jpg?source=06d4cd63,1770830188346
11170765738,0,[为难]10后的网络跟之前的完全不一样。那时候传统媒体还是兴盛的，很多人上网纯粹为了玩游戏，看a片,1746496836,河南,2,39,0,1902494307006518001,answer,954589913eca92c552eb9e377865b00b,https://www.zhihu.com/people/dqi-hang,D柒行,https://picx.zhimg.com/v2-23316f4f68f1555c221d8d4b576f0737_l.jpg?source=06d4cd63,1770830188348
11170958961,0,最后，你所说的短视频潮发生在00后高中大学的关键时刻，无论是高中三年备考的学子，还是一个刚进大学的学生，00后在这种学业压力下是很难完成思想转变的；00后上大学前，憧憬的是90后前人描述的那种开放、自由、无拘无束的大学社交环境，结果得到的却是封校、四年高三的强度、越来越大的就业考研压力、垄断社团环境的学生会...短视频带来的文化冲击导致大学里的社交环境一年一变样，导致00后更加怀疑自己是不是落伍于时代了（90后早就置身职场了有不同年龄段的人可以交流，但00后身边只有同龄人）大家都不知道对方的思想转变在哪一阶段，自然不会主动交流，关系疏远，即恶性循环。,1746558323,北京,1,65,0,1902494307006518001,answer,ea5f3ebce236cb5b286fe2cd86a974eb,https://www.zhihu.com/people/de-de-de-32-54-20,超绝可爱涞汐酱,https://picx.zhimg.com/v2-3f6e5a7f82accf8e1dcc2ce7110425d9_l.jpg?source=06d4cd63,1770830188351
11172050569,0,我去年和发小一起上4399回忆青春，发现现在4399竟然要实名认证注册，不敢相信10后过的都是什么鬼日子。,1746611758,德国,1,29,0,1902494307006518001,answer,510f9b26a3b6b27111b71372650588a6,https://www.zhihu.com/people/hu-ling-zhi-55-4,薛定谔的猫,https://picx.zhimg.com/793bf749c93fcf2f9e1d51ef1d5e2861_l.jpg?source=06d4cd63,1770830188353
11171172930,0,10后的一代要么抽象得抓头，要么早熟得可怕..地域，个体，阶级差异非常非常非常大。,1746592490,山东,2,20,0,1902494307006518001,answer,9321df3ec2077c2f4f26de1f8be003a7,https://www.zhihu.com/people/42-97-4-75-5,圆尾驼,https://pic1.zhimg.com/v2-ec1a8aa260aa0de12da872c2d6e1402e_l.jpg?source=06d4cd63,1770830188356
11181806571,0,多年以后，面临滞涨和失业，无数00后（其实应该是95-08）想起了小时候看漫画派对无忧无虑的那个下午,1747704996,北京,2,18,0,1902494307006518001,answer,f735f5534bcb2131e791af650711bf39,https://www.zhihu.com/people/15-91-21-7,钱几乎没有,https://picx.zhimg.com/v2-79df17088fb942880c0e3ee4fb52f18a_l.jpg?source=06d4cd63,1770830188358
11170958629,0,先把互联网原住民这个词理解清楚吧[感谢]原住民=全面沉浸短视频，这都什么逻辑？,1746555540,北京,0,18,0,1902494307006518001,answer,ea5f3ebce236cb5b286fe2cd86a974eb,https://www.zhihu.com/people/de-de-de-32-54-20,超绝可爱涞汐酱,https://pic1.zhimg.com/v2-3f6e5a7f82accf8e1dcc2ce7110425d9_l.jpg?source=06d4cd63,1770830188360
11171439777,0,20后更这样了，个个几岁大抱着部手机不放,1746600132,广东,1,16,0,1902494307006518001,answer,5a3eb6a9eaaa011ba00d1a04e30f13f7,https://www.zhihu.com/people/mou-ci-jun,崂遇枝栽,https://pica.zhimg.com/v2-7e3b88382b75f6767c6633d2877ed265_l.jpg?source=06d4cd63,1770830188363
11171809622,0,没关系，过个二十年就轮到10后给奶龙招魂了,1746595772,广东,1,11,0,1902494307006518001,answer,97cab921237292f0e7b0f7dfca15925b,https://www.zhihu.com/people/yun-zhong-he-12-45,无尽闪亮的哀愁,https://picx.zhimg.com/v2-cbaa99d5e04ad858e7adf0e9b8d4f496_l.jpg?source=06d4cd63,1770830192991
11273787523,0,ACGN具有一定门槛吗[捂脸] 我从小都是好好学习，也就是打7k7k，4399小游戏，其他的都在学习（成绩很好），错过了您说的A、C和N这几个方面…,1756388688,北京,1,3,0,1902494307006518001,answer,a0b5a71fd5aeddac26a4afe5f2549253,https://www.zhihu.com/people/da-sheng-2-71-75,林深时见鹿,https://picx.zhimg.com/v2-3198efa2dfc708d386d1fb42d16f0c37_l.jpg?source=06d4cd63,1770830192994
11172031476,0,太对了我们00后小时候就是动画片的黄金期，什么超兽武装果宝特攻洛洛历险记都是神仙大作，现在我基本不会打开动画频道了，质量和以前差太远了。,1746639276,广东,2,10,0,1902494307006518001,answer,0df54638692bf0c7b84edf859cad6137,https://www.zhihu.com/people/nnkjuk,清浪霞,https://picx.zhimg.com/v2-8e909adebfae1a0eeeb6ad5256c3a1bd_l.jpg?source=06d4cd63,1770830192998
11171423117,0,我嘞个国产ACGN啊[吃瓜],1746548665,北京,0,10,1,1902494307006518001,answer,e4aab08db19bdafd31d1c7dfd7a90624,https://www.zhihu.com/people/ng-heng-ji-wa-e,景萧然,https://picx.zhimg.com/v2-ef23d2c0d30fb6518e085abcb02b21cc_l.jpg?source=06d4cd63,1770830193000
11268014996,0,小时候觉得家里有台电脑都新奇的不得了，都去朋友家玩4399小游戏，现在都是抱着手机玩，有电脑都不怎么玩，都在刷视频打游戏……,1755910099,江苏,0,2,0,1902494307006518001,answer,7bec63acec37e3c8782a60fa6cd9e1b3,https://www.zhihu.com/people/meng-meng-25-42-3,好名字,https://picx.zhimg.com/v2-12aaa68a03efd82b22d93ef510901386_l.jpg?source=06d4cd63,1770830193002
11171153164,0,自从12年智能手机普及之后，基本就和现在没啥区别了,1746531474,江苏,2,8,0,1902494307006518001,answer,1c57182c1b9d6ff5d0edaf4014596410,https://www.zhihu.com/people/98-5-90-51,何幸,https://picx.zhimg.com/v2-e1b6192aa0d8dcf140ba189dea518a4c_l.jpg?source=06d4cd63,1770830193005
11170814195,0,我崽生下来那一年他就拥有自己的QQ号了[捂脸],1746535718,北京,3,7,0,1902494307006518001,answer,69ac95a069f8d41590e2d08d2050bdd0,https://www.zhihu.com/people/xProton,李心彩,https://picx.zhimg.com/v2-9c264456c0e9d34eba927eba03dd6c15_l.jpg?source=06d4cd63,1770830193008
11279952628,0,我认为这是片面的观点，用00后的视角审视10后的生活。首先ACGN是一直有的，10后小时候也有ACGN，并且接触的渠道不比00后少。就拿G来说，我们小时候不知道Steam，都是在3DM和游民星空上下载盗版破解游戏。实际上Steam早就有了，而且10后接触更容易。再拿A来说，我觉得没有本质区别，虽然我小时候可以在CCTV-14上看到柯南和宝可梦，但是10后照样可以从各种花里胡哨的动漫网站上看到优秀动画，只是需要主动搜索。再拿C来说，现在纸媒确实衰落了，这是一个世界性问题，但是媒介没了内容还在，全世界的纸媒都在做网络订阅制，包括NY Times等世界级传统纸媒，漫画也不例外，有大量的漫画软件可以用，没了阿衰可以看别的，甚至不用去书店买，我反而觉得还比以前容易一点。综上真正对ACGN感兴趣的人不会因为媒介的变化而失去接触的机会，反过来看我们00后小时候也有大量玩手游、玩网游的同志，10后也有大量二次元。可能现在这些文化产品不如90-10年代那么好，但是总归不至于铁板一块。,1757046361,甘肃,0,2,0,1902494307006518001,answer,07fc63aeb95a174f8a5501f22042b15f,https://www.zhihu.com/people/fu-yu-xuan-8-25,线粒体XianlitiCN,https://picx.zhimg.com/v2-72abf2906f6d7cfef7d5d4acc5e73f63_l.jpg?source=06d4cd63,1770830193010
11276944451,0,看见奥奇传说，莫名的留下了眼泪，当年的小奥奇，现在已经多大了，我都是骨灰级玩家了（这游戏刚出的时候我就已经开始玩了，这个号是号没了重新创的）转眼已经十几年了[大哭][大哭][大哭][大哭]查看图片,1756730623,湖北,1,2,0,1902494307006518001,answer,bf398addac7e22c3a76ce128f88b08ff,https://www.zhihu.com/people/wang-meng-21-84-53,一名热心网友,https://pic1.zhimg.com/v2-9a3fe4471abe2e034d4369c2474c7f43_l.jpg?source=06d4cd63,1770830193012
11171455434,0,都是拼爹，哪里有好不好的。,1746571273,广东,0,4,0,1902494307006518001,answer,40af7d98f96478c74ab084bf36705c76,https://www.zhihu.com/people/jadekim,Kidding,https://pic1.zhimg.com/f6f2e781b5daae3cd6c691df807a9eba_l.jpg?source=06d4cd63,1770830193014
11171455428,0,我学生05后，手机APP以抖音和B站为主，小红书比较少，知乎几乎没有。问就是看文字头疼,1746571212,河北,1,3,0,1902494307006518001,answer,29e6f2ca0b7e0f27cf10521ee5a9df48,https://www.zhihu.com/people/42-82-11,杉若,https://picx.zhimg.com/v2-abed1a8c04700ba7d72b45195223e0ff_l.jpg?source=06d4cd63,1770830197620
11171799094,0,我现在就是这样迷茫，感受到自己的孤立无援，但又不知道以前的人是怎么过的，更不知道集体性的孤立无援会带来什么社会变动，在这种变迁下普通人到底该怎么做才能保全和发展自己,1746636403,山东,0,3,0,1902494307006518001,answer,5ad629746684a4b30d515410d20b4fd4,https://www.zhihu.com/people/aiguoTV,视尖似深嗨,https://pic1.zhimg.com/v2-28653c85bf8e842da358ceafeb18ae12_l.jpg?source=06d4cd63,1770830197624
11172162995,0,主要的是获取信息的渠道太方便，在自己大脑的架构都没完善的时候，就接受网上各种哗众取宠式的反差教育，很容易信以为真，你看以前为啥很多00整顿职场，现在没人拍这些了， 因为真的很多00后信以为真，但现实打脸了， 人家招都不招00后，你哪来的整顿的机会,1746685538,广东,1,3,0,1902494307006518001,answer,956b08d8da39a69b263c21ff65b96ca8,https://www.zhihu.com/people/yan-yi-92-81,不许人间见白头,https://pic1.zhimg.com/v2-abed1a8c04700ba7d72b45195223e0ff_l.jpg?source=06d4cd63,1770830197628
11376944680,0,“查理九世、怪物大师、皮皮鲁以及马小跳”这四本我还真都看过[doge],1766716517,北京,0,1,0,1902494307006518001,answer,3cd2367f977f21bc18c1bd2e9eb760e8,https://www.zhihu.com/people/70-33-52-68,昨夜星辰,https://pic1.zhimg.com/v2-6f9abcf89b22beeeefccd10b05f01395_l.jpg?source=06d4cd63,1770830197631
11271066421,0,10后认知相对更匮乏，看的都是互联网经过咀嚼处理过的信息，看似懂得更多实则更喜欢随大流跟风判断能力低,1756180556,上海,0,4,0,1902494307006518001,answer,46dde3edcc8328da97fefe441149faea,https://www.zhihu.com/people/shao-nian-mou-46,陈云曦,https://pic1.zhimg.com/v2-cf52c7e881a9c7218309d81015a73e73_l.jpg?source=06d4cd63,1770830197633
11270678562,0,[赞同]赞同，00后真的是处于线下末尾和线上开始兴起的交界处。,1756130942,江苏,0,2,0,1902494307006518001,answer,cdb470a290eaf7a6522ccb270aa4bfa7,https://www.zhihu.com/people/wen-zhe-feng-hua,林可跃,https://pic1.zhimg.com/v2-f9869dc8cdd6ad64e995f538c2d0d9db_l.jpg?source=06d4cd63,1770830197634
11273948344,0,我01年的，但是初中才开始上网的，初中以前还是电视为主。,1756437196,四川,0,3,0,1902494307006518001,answer,15361e92df93476be51730d5ccd5d416,https://www.zhihu.com/people/qing-song-23-10,青松,https://picx.zhimg.com/v2-d2f7df89b00187920c2776d4a21d9b7d_l.jpg?source=06d4cd63,1770830197637
11172162920,0,这么说的话，20后好像更惨了,1746685386,河南,0,3,0,1902494307006518001,answer,7edd0349e57925d94448fbb07b12ce67,https://www.zhihu.com/people/shi-sheng-64-6,时生,https://picx.zhimg.com/v2-3448ad5197b1b22eb26ea277f7432d4d_l.jpg?source=06d4cd63,1770830197646
11171489815,0,acgn的g可不是game。[思考],1746586700,浙江,5,3,0,1902494307006518001,answer,7c1ccd441db7f469425e7481779c2c77,https://www.zhihu.com/people/yan-qi-86-27,盐棋,https://pic1.zhimg.com/v2-abed1a8c04700ba7d72b45195223e0ff_l.jpg?source=06d4cd63,1770830197649
11364062441,0,我是日系二刺螈，请不要把我当国产二刺螈[尴尬],1765363551,湖北,0,1,0,1902494307006518001,answer,365910eb0cba34926657f695d2b6757f,https://www.zhihu.com/people/44-42-5-29-41,永远的上单,https://picx.zhimg.com/v2-16e7d043b8942eda82bed9c90474bc53_l.jpg?source=06d4cd63,1770830197652
11173567574,0,感觉76~85，86~95，96~05，这样划分更科学一点，至少比80后90后00后科学。[捂脸],1746810190,福建,1,1,0,1902494307006518001,answer,5061b14f14dac2418206e4e21618acc6,https://www.zhihu.com/people/li-till-93-50,李拓,https://picx.zhimg.com/v2-2b3c2c0ecf3fa3537d17f44d5c1d8228_l.jpg?source=06d4cd63,1770830202252
11170873498,0,我觉得无论科技怎么发展，线下行为都会是人类生活中很重要的一部分。,1746546791,江苏,11,2,0,1902494307006518001,answer,22c148f7557dc76f74ac7852c8ec2780,https://www.zhihu.com/people/cheng-cai-78-70,格子哥,https://pic1.zhimg.com/v2-b9397de176d22073d2c97d27a6eee336_l.jpg?source=06d4cd63,1770830202254
11171663948,0,天天这个惨那个惨[捂脸],1746593866,江苏,0,2,0,1902494307006518001,answer,b9d20443888fa9243c5168202d2bc5eb,https://www.zhihu.com/people/bu-chang-92-56,野枯枯,https://picx.zhimg.com/v2-a1f0b8d0859c147f44467d16ae8e2668_l.jpg?source=06d4cd63,1770830202256
11171353873,0,坏了这个acg的a就看过魔角侦探[酷],1746605641,安徽,1,1,0,1902494307006518001,answer,88ff9c971f29ed180adcf3584a1fd621,https://www.zhihu.com/people/bie-li-ke-fu-37,别里科夫,https://pic1.zhimg.com/v2-37a243d4118dcf0f9d33544272ea493d_l.jpg?source=06d4cd63,1770830202259
11171135635,0,至少10后们可以选择当一辈子鸵鸟，只要不主动了解他们的父亲母亲哥哥姐姐们，就几乎没有机会意识到自己的原子化。而Z世代们还是见过印刷时代的尾巴的，他们是能很轻易意识到社会已经在互联网的影响下原子化了，但他们对于改变原子化无能为力，这不正是最悲哀的么？[为难],1746574616,北京,17,141,1,1902494307006518001,answer,98e46b68d47c9ff2505f9dd2a022a16a,https://www.zhihu.com/people/hikat-72,hikat-1001000,https://pic1.zhimg.com/v2-abed1a8c04700ba7d72b45195223e0ff_l.jpg?source=06d4cd63,1770830202261
11172271715,0,我怎么感觉我们90后才是最悲惨的一代。独生子女全卡在我们这一代，00后基本都有兄弟姐妹。而我们90后独生子女一旦结婚就面临着4个老人，90后已经是社会的中流砥柱了，但是相比上一代80后70后他们依旧掌管着大部分财产和地位，90后的机会真不多。,1746670740,江苏,1,2,1,1902494307006518001,answer,0843dfb96aad44ef7fa7dc5e606cfff9,https://www.zhihu.com/people/jiang-dong-lu-lang,东江小道,https://pic1.zhimg.com/v2-f6720a8ab9aa67ed0622805c0737a5c2_l.jpg?source=06d4cd63,1770830202265
11358016214,0,10后有兄弟姐妹，对集体叙事没那么高的需求；反倒是05前的00后基本都还是独生子女，比10后惨多了[捂脸][捂脸][捂脸],1764764381,江苏,0,0,0,1902494307006518001,answer,c525152093c7b31446e334a43c3eaf98,https://www.zhihu.com/people/duan-bo-71,段bo,https://pic1.zhimg.com/v2-abed1a8c04700ba7d72b45195223e0ff_l.jpg?source=06d4cd63,1770830202268
11341629411,0,中国的00后实际上非常割裂。父母开明且有经济条件的00后从小就用电脑接触网络，属于真正的z世代，而父母穷且保守的00后，基本上要等到2013年甚至更晚才能通过平价智能手机接触网络。10后只能说普遍解决了这个问题，但不至于和00后有什么太大的差别。,1763162824,福建,0,0,0,1902494307006518001,answer,3462dbdcef70ecceefc28338f542ce5a,https://www.zhihu.com/people/luo-tian-yi-57,洛天依,https://picx.zhimg.com/v2-ab90ca3c09e148a63ef8633a0c8544c5_l.jpg?source=06d4cd63,1770830202270
11321626287,0,10后从小玩手机又怎么了？甚至20后，从小接受的是强度更大的学习压力，而ai还没有成长到足够教会幼儿说英语，但有钱人小孩从小双语教学为常态，00后好歹大家普遍都是哑巴英语，10－20后就要面对富的一部分从小说流畅英语，穷的一部分还和00后一样学哑巴英语，这种双语带来的“贫富差距”会更加直观，等30以后的ai应该就能让全国所有小孩从小无痛学会两种语音，这时候10后哑巴英语的那一批穷小孩才是更惨呢[思考],1761123789,山西,0,0,0,1902494307006518001,answer,c0a8e2b171d37b6da6ac81d27ecabae1,https://www.zhihu.com/people/guo-chao-59-21,谷zzzzzzs,https://picx.zhimg.com/v2-bdf1977ce1f7b4aa4a992dfe0c7274e9_l.jpg?source=06d4cd63,1770830202273
11308239858,0,10的也玩过几年4399,1759760450,安徽,0,0,0,1902494307006518001,answer,c78c136ea71e5e7927899a6054d82ac8,https://www.zhihu.com/people/93-82-44-39,鴻爪踏雪泥,https://picx.zhimg.com/v2-80126788953d2b42b81e5376ef23daea_l.jpg?source=06d4cd63,1770830202275
11288026640,0,皮皮鲁不是7080后的吗[好奇],1757847546,北京,0,0,0,1902494307006518001,answer,0eaaa819993323363c659e698189b2af,https://www.zhihu.com/people/c-nancy,C Nancy,https://picx.zhimg.com/cbd563032366d308f5c2b075ea35ba10_l.jpg?source=06d4cd63,1770830206985
11277753754,0,确实是，家里有两个弟妹，宁愿玩手机都不愿碰电脑，电脑只是父母要求他们学习的工具罢了[捂脸],1756808159,江苏,0,0,0,1902494307006518001,answer,3f26c143691a0fb1a2e290b540e4581a,https://www.zhihu.com/people/you-8-96,Astrophysics,https://pic1.zhimg.com/v2-8bdf71157fc2d42481942775505d330e_l.jpg?source=06d4cd63,1770830206987
11270508503,0,10后没有共同情感认同的事物,1756142174,江西,0,0,0,1902494307006518001,answer,6a5112773af408cf50c336eed036ca8a,https://www.zhihu.com/people/89-65-91-93,爱喝豆奶,https://pic1.zhimg.com/v2-6fcae542950ef0ec170a67192544a6e5_l.jpg?source=06d4cd63,1770830206990
11236320432,0,这恰恰是最可悲的地方，你为什么觉得10后更惨呢，因为你见过光,1753085652,江苏,0,0,0,1902494307006518001,answer,401c2e1a375886e14fcb62d2b47b471d,https://www.zhihu.com/people/yi-meng-84-1-46,忆梦,https://picx.zhimg.com/v2-abed1a8c04700ba7d72b45195223e0ff_l.jpg?source=06d4cd63,1770830206993
11219880769,0,00后也是QQ互联网的原住民，我小学就有QQ了,1751522882,江苏,0,0,0,1902494307006518001,answer,59409e2c6b5e76937763e97c37c7ae67,https://www.zhihu.com/people/wang-ge-hua-62,旧人类观考察站,https://picx.zhimg.com/v2-abed1a8c04700ba7d72b45195223e0ff_l.jpg?source=06d4cd63,1770830206995
11219566771,0,00后是B站原住民，13岁初一接触,1751522899,江苏,0,0,0,1902494307006518001,answer,59409e2c6b5e76937763e97c37c7ae67,https://www.zhihu.com/people/wang-ge-hua-62,旧人类观考察站,https://picx.zhimg.com/v2-abed1a8c04700ba7d72b45195223e0ff_l.jpg?source=06d4cd63,1770830206997
11216155225,0,我妹，10年，精致利己主义者,1751125287,福建,0,0,0,1902494307006518001,answer,6ccc65d8471f1e94041d42dc3f5f8eb7,https://www.zhihu.com/people/42-75-81-81,momo呀,https://picx.zhimg.com/v2-276a69f7c9dfdd12644652d37d2577d2_l.jpg?source=06d4cd63,1770830207001
11207113506,0,你说的这些国产动画是？,1750302232,广东,1,0,0,1902494307006518001,answer,b137f42690099a1cad156663df348aac,https://www.zhihu.com/people/liao-niao-95,了鸟,https://picx.zhimg.com/v2-aca76b7b63173e8f02e8d6403c95be51_l.jpg?source=06d4cd63,1770830207004
11205194053,0,相比时代背景，人所在的土壤才是窒息的诱因。,1750121596,湖北,0,0,0,1902494307006518001,answer,371d565fc5e7c0ca8e1a89eed878d1fe,https://www.zhihu.com/people/86-55-2-52-15,尾序,https://pic1.zhimg.com/v2-f735070d79cc2776f0eabcb47b714276_l.jpg?source=06d4cd63,1770830207006
11204429913,0,小时候小游戏真的好玩 导致我现在习惯性想玩互动类多人,1749999211,湖北,0,0,0,1902494307006518001,answer,acf690dff1c0a54b21f553facc16e004,https://www.zhihu.com/people/zio-44-64,zio球球,https://pica.zhimg.com/v2-22dfe7094375e34e38695123acd219db_l.jpg?source=06d4cd63,1770830207009
11200406917,0,也不能这么说，应该说零零后的每一代都不好过，随着时代的变化，和国家的不段发展，未来可能更不好过。,1749604297,福建,0,0,0,1902494307006518001,answer,553240d9ea7a22b6a28b3d58148ed47e,https://www.zhihu.com/people/69-19-41-76-65,成长中学到,https://picx.zhimg.com/v2-df298cb55ad5b05e64d57887ead65454_l.jpg?source=06d4cd63,1770830211567
11196401211,0,说实话我到现在都不知道4399是啥，小时候只玩过红白和世嘉的999+[捂脸],1749210606,广东,0,0,0,1902494307006518001,answer,5b4bb522a0cc8ff74d6590fff29974f5,https://www.zhihu.com/people/wei-tian-nai-zi,哦豁,https://picx.zhimg.com/v2-c992ec1d49c7f418cbafb896757032a2_l.jpg?source=06d4cd63,1770830211570
11194968662,0,10后还好，他们进入职场时，刚好80后批量退休，会空出很多坑,1749021146,北京,0,0,0,1902494307006518001,answer,0e5b7d680ee38deefb05d741ba905838,https://www.zhihu.com/people/chen-sen-15-93,风之语,https://pic1.zhimg.com/db175395006f3317b22daaeff0e9476e_l.jpg?source=06d4cd63,1770830211572
11180904553,0,现在谁看电视啊,1747613169,山西,0,0,0,1902494307006518001,answer,c4bd655fe81a8991f7e0943b836b9dc7,https://www.zhihu.com/people/lily-33-33-39,很多人,https://picx.zhimg.com/v2-9c6527fe7692644adec9576b41608b8f_l.jpg?source=06d4cd63,1770830211575
11174463587,0,10后不是没人固定时间看电视。我觉得当时很多同龄人和比我小的10后在小学低年级时是会看固定时间播放的动画，当然，也有很多是抱着手机平板刷视频的，我觉得五五开吧。很多10后看的动画和00后差不了太多。（一些九五后看到电视我们也看过，比如快乐大本营）我觉得答主说的更像是15后以及从现在看到的10后我承认，我们现在很多和我一样的太同龄人放弃看电视，转而转向B站等可以触及到的平台。可能是因为在17、18、19年很多电视节目和电视台改名了，播出新动画，而新动画大部分并不合我们的胃口，没啥好看的，如果你要看以前的动画，还得去电视上搜找，很多动画都找不到，下架所以这就导致更多的10后放下遥控器而拿起手机平板也就成就了现在你们看到的，没人看固定时间段的电视我也在23年后找不到《小马国女孩》而放弃看传统电视，转而看B站的电视了。,1746922080,浙江,3,0,0,1902494307006518001,answer,ecb24da9153781466d83315dd5ed8ffe,https://www.zhihu.com/people/xiao-gui-83-11-47,蓝色的金鱼,https://pica.zhimg.com/v2-5275775c80676c1319bb2db8f6acec3d_l.jpg?source=06d4cd63,1770830211578
11173583687,0,99才惨。00后还有舆论关注。,1746779150,吉林,0,0,0,1902494307006518001,answer,68bfda95064b19ae369ca57564edcd2d,https://www.zhihu.com/people/84-5-93-97-76,知乎用户HFnvgP,https://picx.zhimg.com/v2-abed1a8c04700ba7d72b45195223e0ff_l.jpg?source=06d4cd63,1770830211580
11173067277,0,05左右跟9095没差多少,1746701694,四川,0,0,0,1902494307006518001,answer,545909b3dcee76d6cacd214e4ed7686a,https://www.zhihu.com/people/kszhu-nan-yi,X丶放逐幽灵,https://pic1.zhimg.com/v2-ab9c48cb768b72a0f19f7ed29d04bcd3_l.jpg?source=06d4cd63,1770830211583
11172379281,0,赛博朋克,1746657043,四川,0,0,0,1902494307006518001,answer,873d1fa9ed5b4e454272602a4ef636dc,https://www.zhihu.com/people/ren-qi-pi-nang-ben-wu-ling,asinyt,https://picx.zhimg.com/v2-53d1767e5460d024463f7404b654219c_l.jpg?source=06d4cd63,1770830211585
11172205085,0,cgn都正常a怎么怪怪的,1746633662,湖南,0,0,0,1902494307006518001,answer,29eff5dfd1fca580ed4c8fe989d58e37,https://www.zhihu.com/people/wu-yao-wang-83-67,污妖王,https://picx.zhimg.com/v2-63d31343382daf75066747e694327197_l.jpg?source=06d4cd63,1770830211587
11172146728,0,别扯什么原子化这么高端的词了，我看到这种问题我难免就会问一个更直接的问题：这将会带来什么景象，我们又该怎么做？光知道这些没用啊，我现在也意识到新生代的差异和不同，我们又该怎么面对生活？,1746636225,山东,2,0,0,1902494307006518001,answer,5ad629746684a4b30d515410d20b4fd4,https://www.zhihu.com/people/aiguoTV,视尖似深嗨,https://picx.zhimg.com/v2-28653c85bf8e842da358ceafeb18ae12_l.jpg?source=06d4cd63,1770830211590
11171675842,0,小时候家里穷的要死买不起好电脑游戏机 真不到没这些日子怎么过,1746615343,辽宁,0,0,0,1902494307006518001,answer,572c8ce83487a25c0795210015d6c6da,https://www.zhihu.com/people/panze-55,瘫瘫,https://picx.zhimg.com/v2-886e461d945a32f3842bf4921d79f0c2_l.jpg?source=06d4cd63,1770830214177
11171619774,0,10后太惨了，,1746617165,浙江,0,0,0,1902494307006518001,answer,cae37c42ffbd9691fd132479d5660205,https://www.zhihu.com/people/51-34-69-3-58,百龙潭,https://pic1.zhimg.com/v2-50121e0cec41c9131d1706c251a35ca0_l.jpg?source=06d4cd63,1770830214181
11171440648,0,抖快18年后才普及吧,1746601716,湖南,2,0,0,1902494307006518001,answer,bf7b830c2c88c934733f05c9ccc54711,https://www.zhihu.com/people/861130245,某虎,https://pic1.zhimg.com/v2-78bd7a6a4a5431a7b398de47d969af2d_l.jpg?source=06d4cd63,1770830214183
11171133727,0,其次，10后所谓的沉浸视频平台、原子化手游，难道就不是社交途径了吗？[感谢]现在能让大部分10后接触到的类型的手游，再小众，在国内的人口基数下也是能有不少人在玩的，本质上就是这些人形成一个小圈子，社交还是存在的，而且很稳固,1746557471,北京,0,0,0,1902494307006518001,answer,ea5f3ebce236cb5b286fe2cd86a974eb,https://www.zhihu.com/people/de-de-de-32-54-20,超绝可爱涞汐酱,https://picx.zhimg.com/v2-3f6e5a7f82accf8e1dcc2ce7110425d9_l.jpg?source=06d4cd63,1770830214185
11171023401,0,无论00还是10都没有见过闪客帝国那个如田园诗一样安宁的阿卡迪亚,1746583248,黑龙江,0,0,0,1902494307006518001,answer,17ffc1baaf6bfffcab12b82f01d65d06,https://www.zhihu.com/people/xiang-mao-55-53,箱猫,https://picx.zhimg.com/v2-abed1a8c04700ba7d72b45195223e0ff_l.jpg?source=06d4cd63,1770830214188
11171022846,0,10后看的好动画应该比较少了，如果他们不主动找动画看的话，后面应该会觉得略无聊,1746582372,四川,1,0,0,1902494307006518001,answer,743f0ea5d002ebad2691009a9cb1766d,https://www.zhihu.com/people/zhu-peng-6-8-83,额额额,https://pica.zhimg.com/v2-abed1a8c04700ba7d72b45195223e0ff_l.jpg?source=06d4cd63,1770830214191
11171020706,0,一代人又一代人的不同啊[doge],1746578515,江西,0,0,0,1902494307006518001,answer,99cc8f9345f0c76205faa04cf59ed64c,https://www.zhihu.com/people/ok22316,ok22316,https://pic1.zhimg.com/v2-abed1a8c04700ba7d72b45195223e0ff_l.jpg?source=06d4cd63,1770830214193
11171481357,0,10后的社会环境全面低俗威权小粉红化,1746554012,美国,0,7,0,1902494307006518001,answer,2b8e40723fa8dfd6edfaea15b5901cac,https://www.zhihu.com/people/ODannyZhang,純粹的戰争者,https://picx.zhimg.com/v2-5bad63b2ccb4c5c05c08e48bd989e6e5_l.jpg?source=06d4cd63,1770830214195
11290576433,0,95-99被开除出Z世代了吗，终于变成老登了吗[doge],1758074115,北京,1,0,0,1902494307006518001,answer,cd617dbac1680cd242de80b0f7def25d,https://www.zhihu.com/people/ming-zhao-89-39,明曌,https://picx.zhimg.com/v2-1e18f1229b38326b6cfc7e7de6f2f885_l.jpg?source=06d4cd63,1770830214197
11293113564,0,文中这些错别字也是为了识别读者中的ADHD患者故意为之的吗[开心],1758267569,西藏,2,55,0,1951611651628446038,answer,5181f5ff9c60a07a9cf679201775d8fe,https://www.zhihu.com/people/qu-wei-50-34,1.6Testing,https://picx.zhimg.com/v2-4feb80be7e254a2beb718fd69db7467f_l.jpg?source=06d4cd63,1770830219281
11297753066,0,太棒了，我逐渐理解了新三国的一切🤔有人做过统计，新三国爆梗量平均每集三个名场面，之频繁，之密集，电视剧里少有。​原来导演在那个年头就做好了娱乐至死的准备，我可以更心安理得地赤史了,1758678871,山东,1,8,0,1951611651628446038,answer,97033ab3b3a497e19e6ee34631907293,https://www.zhihu.com/people/neng-gou-yu-jian-ni,景株,https://picx.zhimg.com/v2-bff2377d609764d4cd572f8b75f351c3_l.jpg?source=06d4cd63,1770830219284
11292598976,0,你这段的长度就是我能看的极限了 我觉得我现在只能接受一眼扫过去能看完的内容[捂脸][捂脸],1758204401,辽宁,0,10,0,1951611651628446038,answer,522bd68a95b1f83222ce0cd228ea8307,https://www.zhihu.com/people/francostefano,胱氨酸片,https://pic1.zhimg.com/v2-6f2397d03818c4220542a0ef1ae31a82_l.jpg?source=06d4cd63,1770830219286
11302213585,0,尼尔波兹曼的《童年的消失》，论述了电视对儿童思维能力的巨大伤害。尽管他在书最后寄希望于互联网能改变状况，而互联网在二三十年后取代了电视成为超级奶头乐，让整本书的观点看起来有点滑稽。但我本人还是深受电视的伤害，小时候父母疏于照看基本扔在电视前一坐就一天，接受无法理解的声光刺激。虽然认字写字比同龄人快了不少，但上学坐班之后就是ADHD标准的灵魂出窍状态,1759132349,浙江,0,5,0,1951611651628446038,answer,fe9d43f4b0c985eaf03164d9354f411f,https://www.zhihu.com/people/tu-ran-cao-14,马星路姆Mashroom,https://picx.zhimg.com/v2-738b5afcc8716144f2ca9cb440f7997e_l.jpg?source=06d4cd63,1770830219288
11295693413,0,非常冷的知识：剖腹产的孩子患多动症的几率非常高,1758523267,安徽,2,3,0,1951611651628446038,answer,35b741609e0838d4b85a80275438750d,https://www.zhihu.com/people/joey-xu-97,Joe Xu,https://picx.zhimg.com/v2-abed1a8c04700ba7d72b45195223e0ff_l.jpg?source=06d4cd63,1770830219291
11294133520,0,但是网上也有很多自我诊断ADHD的，很多人也不知道是真的ADHD还是纯注意力差。,1758366879,中国香港,2,3,0,1951611651628446038,answer,ad4cb5ecf9ed757fb48743be54f60efe,https://www.zhihu.com/people/zhenweigc,ChatPandaMan,https://pic1.zhimg.com/v2-1b930e6fea9151170b9c1ec8884d8255_l.jpg?source=06d4cd63,1770830219293
11296685733,0,那为什么z世代adhd会变多呢,1758613342,美国,0,2,1,1951611651628446038,answer,25a74e5221712de53c8cfbe61d5eae64,https://www.zhihu.com/people/keales,若帕,https://pic1.zhimg.com/v2-d4c8ea55ec03cf06d91cc1b9fe102250_l.jpg?source=06d4cd63,1770830219296
11304263106,0,只能说科学技术太不发达，这种问题都治疗不了,1759285291,安徽,0,0,0,1951611651628446038,answer,8087221db0e2748b11947ac5e3356dd4,https://www.zhihu.com/people/jiawei-shi-6,格大旗让,https://pica.zhimg.com/v2-8c51a2a05121376912d7746ea78f2d65_l.jpg?source=06d4cd63,1770830219298
11301787951,0,互联网信息时代，碎片化，短平快，信息爆炸，娱乐至死，网络至死，我们需要人工智能,1759071751,江苏,0,0,0,1951611651628446038,answer,79e3a924adfd10815f8ba5bf656dc3dd,https://www.zhihu.com/people/clkhappy,clkhappy,https://picx.zhimg.com/v2-ba910656f827f7b53287af3a0b208dbd_l.jpg?source=06d4cd63,1770830219301
11300137027,0,我想，玩csgo或许可以训练adhd的注意力,1758925956,浙江,1,0,0,1951611651628446038,answer,f1daa8a3fee1b58187be2aed80bf5ae9,https://www.zhihu.com/people/liu-zhi-kai-22-50,离我远点,https://pic1.zhimg.com/v2-4501eef6b60ca82ef28e5158bebd639c_l.jpg?source=06d4cd63,1770830219304
11299428193,0,典型的有恶搞之家,1758875619,广东,0,0,0,1951611651628446038,answer,d82f18847dd79dde2a13ab88a84ae223,https://www.zhihu.com/people/ck-dady,CK Dady,https://picx.zhimg.com/v2-d5fad04070cb70990eb176b3ac70cd68_l.jpg?source=06d4cd63,1770830223851
11296602853,0,前额叶皮层的发育是脑区里最晚的，个体差异又很大，所以很容易让人怀疑是否是ADHD。,1758620480,广东,0,0,0,1951611651628446038,answer,3802f8652c3e93c9ab24dd3fb20ecbad,https://www.zhihu.com/people/chen-chen-31,陈琛,https://picx.zhimg.com/v2-abed1a8c04700ba7d72b45195223e0ff_l.jpg?source=06d4cd63,1770830223855
11293469682,0,比如family guy[doge],1758308475,新疆,0,0,0,1951611651628446038,answer,90e1cd927962a6cbcdcd5b2acc3323f7,https://www.zhihu.com/people/lang-dao-64-9,Peter Griffin,https://pic1.zhimg.com/v2-fb425f1da237d53a5a1a4c5d4d0b299c_l.jpg?source=06d4cd63,1770830223857
11293168080,0,尾气造成adhd？,1758260423,浙江,1,0,0,1951611651628446038,answer,45c09351378901657ca9d61b435fe6a6,https://www.zhihu.com/people/lunsu,伦苏,https://pic1.zhimg.com/v2-e995344d0ae9d2db090bb17f4bc63e09_l.jpg?source=06d4cd63,1770830223860
11292019336,0,不就是马利克。,1758220035,贵州,0,0,0,1951611651628446038,answer,e1003be11d8d5564346b02fb2674b650,https://www.zhihu.com/people/yu-1-32-13,yu,https://picx.zhimg.com/v2-abed1a8c04700ba7d72b45195223e0ff_l.jpg?source=06d4cd63,1770830223863
11296931696,0,我是河南peasant，为什么要在sentences里加蝌蚪文字,1758631667,新加坡,1,1,0,1951611651628446038,answer,e74999759a53b37a77323a11d1299f92,https://www.zhihu.com/people/null-55-98,Singh,https://pic1.zhimg.com/v2-29ae687c2c17ee3c717503df5ab46ccf_l.jpg?source=06d4cd63,1770830223866
4804618429,0,师夷长技[大笑],1633751366,,0,30,0,2161369291,answer,15460e003ccca03e8d9b592e79d25af9,https://www.zhihu.com/people/zhang-ren-zhe-87,净江烟,https://picx.zhimg.com/v2-69078b415252c49b799c4f4d87f4dfbf_l.jpg?source=06d4cd63,1770830229177
4804946028,0,那片考研阅读 Generation Z’s new rules还历历在目,1633769486,,0,21,0,2161369291,answer,4c20357773496557c0a158a4e33376a2,https://www.zhihu.com/people/liang-zhi-lao-hu-40-16,知乎用户KFFbzF,https://picx.zhimg.com/v2-abed1a8c04700ba7d72b45195223e0ff_l.jpg?source=06d4cd63,1770830229180
9948286167,0,国内学者也有用Z时代的。这就是个名词而已。你这引申有点过度了,1636103712,,0,5,0,2161369291,answer,6c26188ba043eb6ad099e443b7bab01a,https://www.zhihu.com/people/zhao-yi-qing-3-1,赛博见手青,https://picx.zhimg.com/v2-7b9a6bade802dab22a3c44d92019ab88_l.jpg?source=06d4cd63,1770830229184
4806185589,0,这下五十万了[尴尬],1633928512,,0,2,0,2161369291,answer,bceacbc1309b96834f38133e773abea4,https://www.zhihu.com/people/lang-ying-hei-tong,狼影黑瞳,https://picx.zhimg.com/v2-4a2035a8680d613703169e8c5e57b742_l.jpg?source=06d4cd63,1770830229186
4804773668,0,越来越觉着媒体人和我们并不生活在同一个国家。,1633778993,,0,1,0,2161369291,answer,0416a41b1f3bd7eb8bfa2a5c2c06c9db,https://www.zhihu.com/people/sword-14,与子同粥,https://picx.zhimg.com/v2-fbcbad7508205430a3c8662792178a45_l.jpg?source=06d4cd63,1770830229189
4807583865,0,醍醐灌顶，男性还是要解放思想再进入婚姻,1633995487,,0,0,0,2161369291,answer,510ca99e078d3e6a7c5fd60aa05f8198,https://www.zhihu.com/people/wu-ya-guo-ke-14-46,无涯过客,https://pic1.zhimg.com/v2-c0a7844bc0203dd4c9c6db43c091492f_l.jpg?source=06d4cd63,1770830229192
4805003660,0,b站就一直在说z时代啊[好奇],1633761316,,2,0,1,2161369291,answer,81e48b41bbcb25db440120b4c9b0a301,https://www.zhihu.com/people/digital-18,方杰,https://picx.zhimg.com/v2-b89a0e0d2f7dc8d4d3ba4723defccb0e_l.jpg?source=06d4cd63,1770830229195
4804682744,0,95后,1633766141,,0,0,0,2161369291,answer,12dc2381bc246a84ec3da76fdb35bb38,https://www.zhihu.com/people/francis53,Francis53,https://pic1.zhimg.com/f3e305d32752c6deeeceb46655dc4277_l.jpg?source=06d4cd63,1770830229197
4804516101,0,上帝之鹰：“你™偷我学问是吧”[生气],1633791842,,0,0,0,2161369291,answer,31b9919975a0bac0955ab7dd3468a1e7,https://www.zhihu.com/people/lu-zhi-gang-66,芦智刚,https://picx.zhimg.com/v2-abed1a8c04700ba7d72b45195223e0ff_l.jpg?source=06d4cd63,1770830229200
4804301337,0,用“世代”就很陌生了,1633775511,,0,0,0,2161369291,answer,f1d2817967d1637e29f29e16f80b37fe,https://www.zhihu.com/people/tao-jun-long-61,种草,https://picx.zhimg.com/v2-8813d5513d2514f81585bbb9c264c15c_l.jpg?source=06d4cd63,1770830229202
10212064369,0,孟驰 孟持，，，,1657501153,,0,0,0,2161369291,answer,a98cd5143fb13cb11f297acf444f7e83,https://www.zhihu.com/people/jiang-lin-22-30,邱月玄,https://picx.zhimg.com/v2-0cc4df066959928d3a21c54701acd8c0_l.jpg?source=06d4cd63,1770830233777
10826851900,0,未明子be like,1710406663,山东,23,922,0,3424682033,answer,2b652dbfb0cc14216b2930f37d67aba5,https://www.zhihu.com/people/yun-zhong-jun-15-2,知乎用户tMaiLb,https://pic1.zhimg.com/v2-abed1a8c04700ba7d72b45195223e0ff_l.jpg?source=06d4cd63,1770830239180
10824916276,0,江苏的做题家是一道靓丽的风景线,1710250156,黑龙江,4,340,0,3424682033,answer,ded38ab68fc3f67ddecdda18ac063bc3,https://www.zhihu.com/people/wen-zuo-ming-wang,乐浪武士,https://picx.zhimg.com/v2-c688838f8cf6653cbc3b020767c99a5e_l.jpg?source=06d4cd63,1770830239183
10999673727,0,21-22年在南京某大学交换过一年，现在回想起来那段经历可以用culture shock来描述了…他们对世界的认识与理解远远超过我这里的同龄人平均水平，对体制的质疑与蔑视（具象为对😷的抨击）至少在口头上可谓轻佻；但付诸实践时，他们却争先恐后地努力融入他们最鄙夷的体制（具象为卷绩点、保研、如荡），对体制抨击最强烈的，恰恰是那些绩点最高的，就像是灵魂被巨大的力量彻底撕裂为两份，而且这种撕裂存在于几乎所有人身上（该校江苏生源比例近85%），真是奇观一般…,1727095921,辽宁,14,206,0,3424682033,answer,2f606e1db827ba3077c761caa18eda06,https://www.zhihu.com/people/bai-fa-mi-tu-ren-zhu,白发迷途人丶,https://picx.zhimg.com/v2-60bacee94f76a9b9411e3bc2b6f22b84_l.jpg?source=06d4cd63,1770830239186
10828386447,0,不一定要Z世代做题家  常熟阿诺也可以不一定要Z世代 Strongart也可以,1710583828,福建,2,111,0,3424682033,answer,01f678d626f4c045a683154d28ddd207,https://www.zhihu.com/people/liang-yi-feng-26,张宗昌,https://picx.zhimg.com/v2-1525aeb6c780cbcd4c202dcd4803affa_l.jpg?source=06d4cd63,1770830239190
10827032164,0,咱喵好像也是南京的做题家[惊喜],1710428018,辽宁,9,70,0,3424682033,answer,e873b7a0248ff664b0e82ac50810069c,https://www.zhihu.com/people/mi-tuan-tuan-zhan-shi,赵贞吉Official,https://picx.zhimg.com/v2-00309202503262cee74ee6091e7fa3f7_l.jpg?source=06d4cd63,1770830239192
10831004384,0,晚上八点半宵禁的苏南全景监狱,1710857968,中国香港,1,67,0,3424682033,answer,af752664027cba4ea8ad236e94401cb3,https://www.zhihu.com/people/qiu-shui-dong-liu,秋水東流,https://pica.zhimg.com/v2-dd418911743dc78de4d062f24bff346a_l.jpg?source=06d4cd63,1770830239195
10830318034,0,我们NJU、USTC、ZJU、三相之力只是神友多，不至于后现代,1710737940,江苏,7,61,0,3424682033,answer,9f939cf20cbd3a81b6703ae2382f9353,https://www.zhihu.com/people/magi-21-35,马季MAGI,https://pic1.zhimg.com/v2-25512f42a46453fcb9c5c1d03b59bc87_l.jpg?source=06d4cd63,1770830239197
10966810917,0,江苏高中生看eva是感同身受的[惊喜],1723991567,江苏,3,59,0,3424682033,answer,d447873adbfa020f1780eca2b1acb0ce,https://www.zhihu.com/people/16-9-20-42,张六六,https://picx.zhimg.com/v2-9ce98193e6140673b020a499d7b5402f_l.jpg?source=06d4cd63,1770830239199
10830242050,0,经济发达但思想极度老夫子[思考],1710757217,湖北,0,48,0,3424682033,answer,82ef2dc3d099697a498c5915cf970de2,https://www.zhihu.com/people/cao-cao-cao-cao-cao-mei-25,草草草草莓,https://picx.zhimg.com/v2-0af55a00657579f08105ce7da133572e_l.jpg?source=06d4cd63,1770830239202
10829245242,0,我觉得江苏很现代。因为后现代的内核应该是解构和反制度，江苏人（除苏北农村）是我见过最现代，制度化最高，纪律性最强，被折磨最深却不能自拔反而把问题向自身和家庭传递的一个地域。我见过的苏中年轻人大多数是精神病，很恨体制，但是思想内核又只有修齐治平，但是离了家庭和体制根本不知道如何生活。,1710653012,日本,18,519,1,3424682033,answer,e6f82ba825104d4964d3032e8ff31210,https://www.zhihu.com/people/min-miao-29,肥兔,https://pica.zhimg.com/v2-0059d146f064a7c8339050bc35a7c09a_l.jpg?source=06d4cd63,1770830239205
11110265053,0,[惊喜]你的劳保父母可能接受你看二刺螈和各种现代娱乐，但很可能绝不接受一个染发的儿媳妇这就是我的感受，江浙沪一批劳保爹妈讲究批判性欣赏和关了门私下享受，这是开放的表象；但是一旦到了重要时间节点，保守的家庭氛围马上涌上来,1739456132,上海,3,12,0,3424682033,answer,3a761d0815ac2ab032534e5d1fb20bce,https://www.zhihu.com/people/hu-hu-hu-hu-hu-58-3,切居登猫欧阳修,https://pic1.zhimg.com/v2-0487021d2ffad50a1ba5ac6126dccb64_l.jpg?source=06d4cd63,1770830243742
11025463248,0,前现代现代后现代交织，我只能说寄了[酷],1729915169,山东,0,8,0,3424682033,answer,f8b1d2aacfc1ad783fcec46904555c82,https://www.zhihu.com/people/iiiiiiiiii-81-70,Yooo,https://pica.zhimg.com/v2-5aa4a30bdc3811d92eaa1e6dfdd40b9f_l.jpg?source=06d4cd63,1770830243756
10969204846,0,已破防,1724202711,江苏,0,5,0,3424682033,answer,f90b18b26fa5bef15e1ea7ea113d1fe3,https://www.zhihu.com/people/75-87-45-53,白高大夏,https://picx.zhimg.com/v2-fe9062b6c87e2e99c58b7ed14a8cd8c6_l.jpg?source=06d4cd63,1770830243760
11003082393,0,沪 国 虽 近擦 肩 而 过,1727497909,上海,0,7,0,3424682033,answer,908fa8b9c8af11853e768088fd1ed52b,https://www.zhihu.com/people/10-9-62-41-17,知乎用户8zPhaw,https://pica.zhimg.com/v2-abed1a8c04700ba7d72b45195223e0ff_l.jpg?source=06d4cd63,1770830243761
10823686971,0,怎么说[发呆],1710069652,山东,50,6,0,3424682033,answer,34eed8011204dd02055f1ae4e3bd9753,https://www.zhihu.com/people/skr-62-64-42,来自深渊,https://picx.zhimg.com/v2-937477737dd8e16debf0c7f1c9f613bf_l.jpg?source=06d4cd63,1770830243764
10999896016,0,初中放学都晚上八九点多，疯狂,1727151842,江苏,1,5,0,3424682033,answer,32d3cbded76917ad378291b4b74cbc08,https://www.zhihu.com/people/vahgds,vahgds,https://picx.zhimg.com/v2-d0b067f8a9c8d67dc207f47c39c07cc3_l.jpg?source=06d4cd63,1770830243767
11035213122,0,你这个回答下面心理健康的小朋友们赶着来团建了[大笑],1730956064,四川,0,4,0,3424682033,answer,acadeef54cfa33877ca660583085609e,https://www.zhihu.com/people/zzzzzzzzzhhhhhhhhh,诚寂寥,https://pica.zhimg.com/v2-fa0253452fd2ba9991d12b281dd79b04_l.jpg?source=06d4cd63,1770830243770
11110057190,0,别骂了别骂了，在hk读博期间，老板和广东同学都感觉我是魔怔人[大哭][大哭][大哭],1739440530,广东,0,2,0,3424682033,answer,159105b6de7a174066fe21b0d980984a,https://www.zhihu.com/people/xi-li-xi-ya-fang-zhi-gong-42,西里西亚纺织工,https://pica.zhimg.com/v2-abed1a8c04700ba7d72b45195223e0ff_l.jpg?source=06d4cd63,1770830243773
11104590279,0,为什么不是倒回前现代去，唯一解决教育问题的方式就是对教育分子发动Jihad.,1738816819,辽宁,0,1,0,3424682033,answer,becc3282f42df417061de44b72644ff7,https://www.zhihu.com/people/randname,Randname,https://pic1.zhimg.com/v2-abed1a8c04700ba7d72b45195223e0ff_l.jpg?source=06d4cd63,1770830243777
10829340953,0,还真是,1710670028,江苏,0,0,1,3424682033,answer,9f889bc6f8edf1834f46229eacef1fe6,https://www.zhihu.com/people/50-82-19-84,树子数,https://picx.zhimg.com/v2-a3cc29dded19b3a9b98ea3f23c597c93_l.jpg?source=06d4cd63,1770830243778
10829703770,0,不太懂，请问江苏做题家和北方传统做题家有何区别呢，我是北方长大的,1710722166,湖北,12,1,0,3424682033,answer,fec50e9d94d173f82828fea38688d1e8,https://www.zhihu.com/people/brooklyn-36-25,宇宙外的lazy,https://picx.zhimg.com/v2-298f7221b86de8ee5823febf45d043de_l.jpg?source=06d4cd63,1770830248476
11015609230,0,后现代其实就是对现代的元叙事产生怀疑的产物。,1728876201,浙江,0,1,0,3424682033,answer,fd5638e4ab106fa802248f0d6225375f,https://www.zhihu.com/people/snow-10-17-50,Yuki,https://picx.zhimg.com/v2-7c96abf232cdadc89e5d36fb12768a99_l.jpg?source=06d4cd63,1770830248480
10856335377,0,你说的对[飙泪笑],1713369553,江苏,0,1,0,3424682033,answer,615350565a4948c02594e3f01b625f5a,https://www.zhihu.com/people/luo-yuan-52-16-19,洛鸢,https://picx.zhimg.com/v2-6e2cfd835473e88621d00bc887619bc7_l.jpg?source=06d4cd63,1770830248482
11120688009,0,你们知道我要@哪个苏州人,1740632639,浙江,0,1,0,3424682033,answer,90ac9d7aee9efde46d514a984c779244,https://www.zhihu.com/people/5-65-28-30-74,碳钢龙骨,https://pic1.zhimg.com/v2-6e852c843e650df17566fc7bdcbefec7_l.jpg?source=06d4cd63,1770830248485
11034972979,0,nga是不是苏南做题家比较多，看了很多家境好，工作体面的老哥发帖说自己三十还是大魔法师，不懂得怎么去爱，不会和异性相处。这在北方简直不可思议[好奇],1730944709,河南,2,1,0,3424682033,answer,7aad1c96104d59e2c3f39e19ffc05108,https://www.zhihu.com/people/chen-bai-mo-da-mo-wang,陈百万大魔王,https://picx.zhimg.com/v2-266ccdc7f836130feccce6ac48262019_l.jpg?source=06d4cd63,1770830248488
10998621071,0,完了，真给你说对了[大哭][大哭][大哭],1726991580,广东,0,1,0,3424682033,answer,c4c215292dd420ddd53c2f733a9e92c7,https://www.zhihu.com/people/ice-crh,袭明,https://pic1.zhimg.com/v2-f5073c2bd4d65af6515c51fd3d799720_l.jpg?source=06d4cd63,1770830248490
10832394738,0,我苏北做题家算不算[大哭],1710943580,江苏,2,1,0,3424682033,answer,5d25a77db391763724cf9770fc04185c,https://www.zhihu.com/people/84-28-75-77,知乎用户IPXtfi,https://pic1.zhimg.com/v2-abed1a8c04700ba7d72b45195223e0ff_l.jpg?source=06d4cd63,1770830248492
10829312026,0,没懂,1710674448,中国香港,2,0,0,3424682033,answer,39e8098fe54580178fb89d80c8a35104,https://www.zhihu.com/people/50-19-58-20,天马,https://pic1.zhimg.com/v2-f281d775a9e196ba29a75459a71c737d_l.jpg?source=06d4cd63,1770830248495
10906612488,0,我理解的后现代是那种染发纹身各种心理疾病各种思潮混乱，再加上点小众宗教、药物滥用、impart和私生子什么的，感觉江苏并不是啊，大部份人都规规矩矩地考学考公上班养家[捂脸],1718469927,北京,2,3,1,3424682033,answer,4a1a73d7530a3913d606f83c2bb1a36b,https://www.zhihu.com/people/zhang-bo-yu-11,Boyce章言,https://picx.zhimg.com/v2-0ec1aafd548b409906e733d2cb9716ce_l.jpg?source=06d4cd63,1770830248498
11012191572,0,01年江苏东北部做题家一枚，算苏省教育的漏网之鱼吧，来了广东之后觉得和老广同届的共同点甚至大于和苏南的同学，但是苏省还是对我打下了诸如日式二次元、键政、语C、性别意识模糊等不可磨灭的烙印[捂脸]另外我个人觉得中学生活属于比较累但还算值得的，直到听说05后学弟初中有晚自习，全省联动少年jump几件事之后，突然就明白现在网络年轻人社区为什么那么后现代了。,1728527085,广东,5,24,1,3424682033,answer,4f24fb39cca6e69376877606f96a1835,https://www.zhihu.com/people/wei-ni-si-de-zhao-yang,威尼斯的朝阳,https://pica.zhimg.com/v2-4f90d447a2a54693be5a4f99ec230534_l.jpg?source=06d4cd63,1770830248500
11109354849,0,中国除了北京的和港澳台的年轻人没有能跟后现代沾边的地区了,1739336398,北京,0,0,0,3424682033,answer,e1d5bb3c8dde189e1721635c6d84d0da,https://www.zhihu.com/people/6964717495,亚特兰大爆水管,https://picx.zhimg.com/v2-33745f0526067b652cbe43b5f16059f0_l.jpg?source=06d4cd63,1770830252978
10998835697,0,感覺不如這裡,1727020226,中国香港,0,0,0,3424682033,answer,d3bad3bb0b0d9363cdeff3cbc21193e1,https://www.zhihu.com/people/austroco,Zocoloft,https://picx.zhimg.com/v2-9a6e236de463f4b0475d26ca0a5ed1a3_l.jpg?source=06d4cd63,1770830252980
11267427138,0,现在想想我当初小学五点下课上补习班上到八点，回来还要写作业写到十一点左右，每到周五晚上还得伪造自己已经睡觉，瞒着爸妈补周六日补课班的作业。初中五点下课作业写到半夜一点（以前可没智能手机拍照搜题deepseek豆包之类的好东西，全靠自己嗯写，写的不好还要第二天被老师骂），高中三周休一天的日子，我都觉得自己没精神类疾病思想健康还能在刚上大学的时候开窍学会怎样去和朋友正常交流怎样谈恋爱怎样去解读别人心里在想啥的自己是真特么牛逼,1755793566,江苏,0,0,0,3424682033,answer,68e7af8402d2d95ffc120c0fb8ef2805,https://www.zhihu.com/people/zi-dian-75-39,鹤鸣九皋,https://picx.zhimg.com/v2-e31242c74a4e4f1fddf372c8031f5fe3_l.jpg?source=06d4cd63,1770830252983
11160160427,0,[赞同],1745307930,日本,0,0,0,3424682033,answer,b72d6a3c836cf0acb75ae831e7363460,https://www.zhihu.com/people/59-41-60-10-72,momo,https://pic1.zhimg.com/v2-d91a3e6fb32ec90ae2dce8ee626ab1b9_l.jpg?source=06d4cd63,1770830252986
11145748590,0,感觉这就像a股，说你自己运气差的人知道你自己有多冤。,1743649136,河北,0,0,0,3424682033,answer,343bdff01facb52e21bfe44722e2894f,https://www.zhihu.com/people/godfood-4,godfood,https://pica.zhimg.com/v2-e1b6192aa0d8dcf140ba189dea518a4c_l.jpg?source=06d4cd63,1770830252988
11050348972,0,人在考试焦虑应激的状态下是很难有创造力的，只能是为了考试而考试，为了生活而生活，跳出来的人就超脱了，跳不出来的人就魔怔了。,1732540710,浙江,0,0,0,3424682033,answer,b7d90b3f671a7b8cfd3640020793e598,https://www.zhihu.com/people/xin-er-43-36,馨儿,https://picx.zhimg.com/v2-152c020f6c1128bfb04f9aa602f335d0_l.jpg?source=06d4cd63,1770830252991
11303041930,0,说白了同时受传统和进步的道德绑架和威压，又因为从小条件优渥而缺乏反抗动机和反抗能力(包括社交组成小共同体的能力)，导致说是无神论蔑视权威但实际上因为不安全感而对广义上的宏大叙事与神心驰神往(即只是不信主流“上帝”，而不是不信“上帝”)，表现为选择随便一个什么东西就能够决死拥护(极为魔怔那种),1759191330,广西,0,0,0,3424682033,answer,a70a868766ca7e77eefe2e82968441a6,https://www.zhihu.com/people/liu-ding-jiao-ta-che-76,若格斯拉维亚的雨,https://pica.zhimg.com/v2-a3665ca1494a6d3767f72273cfb41e74_l.jpg?source=06d4cd63,1770830252994
10832512170,0,我是无锡人，我居然觉得你说的很对,1710957513,江苏,0,0,0,3424682033,answer,c80e928553a4a8f8e9f88da599b1687c,https://www.zhihu.com/people/wang-an-28-93,俗世一味愚,https://pic1.zhimg.com/v2-a41cc10eea9a456ba231db7bb507a92e_l.jpg?source=06d4cd63,1770830252996
10999060112,0,心理疾病真的很多咩 不至于吧,1727080485,66.TO,2,0,0,3424682033,answer,9c6592b8695731be02e62315b3d5e97a,https://www.zhihu.com/people/lovesosahh,loveSoSa,https://pica.zhimg.com/v2-a2cc1652a0ac93260ae9d62d2c4a90a7_l.jpg?source=06d4cd63,1770830252999
11001405056,0,不是梗小鬼和恋词癖与cosplay？[尴尬],1727323220,福建,1,13,0,3424682033,answer,73b5acc16b6029c8ac0778390c00c0fa,https://www.zhihu.com/people/theo-ma-92,Theo,https://pic1.zhimg.com/v2-2ccb1675d4e8e43e7450dee227486676_l.jpg?source=06d4cd63,1770830253002
11189333619,0,我看你也是个做题家 至少你肯定以自己能做题为荣,1748432166,上海,0,0,0,3424682033,answer,9afcad5c620ba58d778e7b00a48e57f9,https://www.zhihu.com/people/emperormeeks,EmperorMeeks,https://picx.zhimg.com/v2-193ef9dba2e5abbb0ee711c22f035208_l.jpg?source=06d4cd63,1770830257441
10999767234,0,做题朋克。[飙泪笑]江苏高中晚上有延时，中午没有午睡，一天就睡五六个小时，持续睡眠剥夺的情况下高强度做题持续至少三年，碾压所有人性需求，最后几乎全员考败来x，这不养出群体性赛博精神病是不可能的。按照江苏做题家的一贯朝中占比，中国未来的魔怔就看他们了。运气好就霍梅尼，运气不好就波波沙了。,1727116001,中国香港,3,29,0,3424682033,answer,928e823507be636cf3ee958d43b3bf47,https://www.zhihu.com/people/lan-yue-61-81,勃淞,https://picx.zhimg.com/v2-1f348949053ebc79e25ef6c4bc61b6dc_l.jpg?source=06d4cd63,1770830257444
10979914219,0,千禧一代与z世代其实差别不大，只是量变，真正差别大的80前出生的50 60 70后与80 90后，这算是质变了,1725171637,天津,0,11,0,3611983353,answer,a2a2fc5347c2aac7f01d3139b27b3acc,https://www.zhihu.com/people/hai-kuo-xing-kong-47,哥白尼不相信眼泪,https://picx.zhimg.com/v2-df47bd06068104055f1afa9f64389163_l.jpg?source=06d4cd63,1770830263910
11029267750,0,我97的，我妹06的，真的没有一点共同话题可说。。。成长环境也完全不一样，家里人的态度也完全不一样,1730306244,江西,0,4,0,3611983353,answer,47c002fdf71ccd2a5c0a21282e00c3de,https://www.zhihu.com/people/wu-qing-you-22,Endless,https://picx.zhimg.com/v2-ec06af9da056fb71b08fff441c725b44_l.jpg?source=06d4cd63,1770830263913
10981401377,0,本人研究星象学： 1983-1995 是冥王天蝎时代，1996-2007是冥王射手时代。这就是差别。,1725279901,辽宁,0,18,1,3611983353,answer,f60c8df25c87f1c6734fd516c1732fa5,https://www.zhihu.com/people/de-ming-108,德明108,https://picx.zhimg.com/v2-febc878285e17e52790b848a3831c71a_l.jpg?source=06d4cd63,1770830263915
11264291216,0,其实就是互联网普及作为一个标志，这两个时代的人想法思维都不一样,1755566048,广东,0,0,0,3611983353,answer,a662b77ff0cd1ea66a6e8ff6eef0377e,https://www.zhihu.com/people/e-e-e-e-e-59-21,哦哦哦哦哦,https://picx.zhimg.com/v2-c4a693b7bbbdf20eaddeaab3d5380ef3_l.jpg?source=06d4cd63,1770830263918
11123468968,0,97和07一代人？97的今年都28了都快成中年人了，07才准备高考呢,1741018782,广东,0,0,0,3611983353,answer,b9e4238e917ff4b3aa040048a8def89f,https://www.zhihu.com/people/johnson145,johnson145,https://picx.zhimg.com/v2-c3ec1d3c10397017b0d59f69b76eb9d4_l.jpg?source=06d4cd63,1770830263920
10980165228,0,96和97有什么大区别,1725238308,浙江,5,0,0,3611983353,answer,a37fd79f436ab5fc3ca54751e3ad2b50,https://www.zhihu.com/people/fu-yu-lun-pi,瑶瑶彩,https://picx.zhimg.com/v2-16139505851ea8d09479ced62698ee3a_l.jpg?source=06d4cd63,1770830263923
11334929782,0,成熟的政治体并不会因为一共领导人的死亡就分崩瓦解，如果他们有核心诉求，且人数足够多，他们的声音不会小,1762442589,广东,2,38,0,1969883260331991139,answer,f024ea36c7cd3113637d04dcd1398aed,https://www.zhihu.com/people/iiiiiiii-12-98,iiiiiiii,https://picx.zhimg.com/v2-e1b6192aa0d8dcf140ba189dea518a4c_l.jpg?source=06d4cd63,1770830269449
11334907292,0,这就是废青论调，你要是怕牺牲，怕被杀鸡儆猴，那你还干什么革命？“各国变法，无不从流血而成，今中国未闻有因变法而流血者，此国之所以不昌也。有之，请自嗣同始。”这才是革命。,1762476532,浙江,5,18,0,1969883260331991139,answer,3291a3fd8dc1cb890537ed4d59ae96de,https://www.zhihu.com/people/li-teng-33-89,贰叁叁叁叁叁叁叁,https://picx.zhimg.com/v2-5b7a6b4063613f2e9cba91a78fb5f028_l.jpg?source=06d4cd63,1770830269452
11334770457,0,创造出原子人社会后，看似底层完全失去了和顶层博弈的机会，然而在创造出这样一个多头怪物后，政府也连他要吃饭还是要睡觉都摸不清楚了,1762487643,云南,0,8,0,1969883260331991139,answer,409834c2657c5bb8f6bf55472112e6a5,https://www.zhihu.com/people/jia-lan-tang-8,伽蓝堂,https://picx.zhimg.com/v2-40753793a73e7f0706f971963001ac48_l.jpg?source=06d4cd63,1770830269455
11335162447,0,不光是中心代表，核心是要有纲领和中心诉求，这个才是最重要的,1762469818,河北,0,1,0,1969883260331991139,answer,be8b946a07c011e75e36bd37c6ea3199,https://www.zhihu.com/people/yue-chi-39-41,cttfucfutufxf,https://pica.zhimg.com/v2-f2a628946c40cc7cfad8951b0d313f50_l.jpg?source=06d4cd63,1770830269457
11334639314,0,坦军也懒得跟z世代交流，直接用56冲给上街扔燃烧瓶的挨个哄睡着[捂脸]非洲大区对现版本打法自成一套理解,1762443245,北京,0,20,1,1969883260331991139,answer,46dc931eb12445b9201cb768397e8db5,https://www.zhihu.com/people/mo-fa-shao-nv-xiao-mei-yan,逢田梨香子,https://picx.zhimg.com/v2-d86b76eab1f727d1f8903010dadf36fc_l.jpg?source=06d4cd63,1770830269459
11239312620,0,[惊喜]如果假设黎曼猜想成立，解答在这里何法求此积分？,1753331202,重庆,0,75,0,1931666774690080222,answer,b09f91c810db335da93a566219226364,https://www.zhihu.com/people/wo-ai-shu-xue-92-78,Equation,https://pic1.zhimg.com/v2-babe29043c0fb736c9276d813a478944_l.jpg?source=06d4cd63,1770833966763
11238877032,0,投资理财内容没绷住[捂脸],1753326401,吉林,2,45,0,1931666774690080222,answer,0e4f9c6e18b2ec88c69aa8217797348b,https://www.zhihu.com/people/zhong-bo-yu-53,lazboy,https://pic1.zhimg.com/v2-ed7b8a801e7c80cae729f5a122e8e9ce_l.jpg?source=06d4cd63,1770833966766
11239270332,0,50！吗，说话算话,1753351704,湖南,2,38,0,1931666774690080222,answer,afee307aea297a3713933515de618095,https://www.zhihu.com/people/75-11-24-53,colin,https://picx.zhimg.com/v2-abed1a8c04700ba7d72b45195223e0ff_l.jpg?source=06d4cd63,1770833966768
11238915436,0,我有一个非常巧妙的解决办法，不过知乎的评论区有字数限制，写不下了,1753340313,湖北,1,28,0,1931666774690080222,answer,532121ddebf4c1e15df103ed59d515f8,https://www.zhihu.com/people/liu-yu-23-98-48,刘彧,https://picx.zhimg.com/v2-4ef07bba1a591d70d1144054ff28fcfb_l.jpg?source=06d4cd63,1770833966770
11239302957,0,我有一个很精妙的解法，但是我现在要吃饭了。,1753356836,广东,0,11,0,1931666774690080222,answer,a08764ec107c71ffbda5619e78bd1aa3,https://www.zhihu.com/people/momo-70-21-38,ianh,https://pic1.zhimg.com/v2-90ff642491b3bff02de4bf24baa7765b_l.jpg?source=06d4cd63,1770833966772
11238849848,0,膜[爱]积佬,1753329063,广东,0,6,0,1931666774690080222,answer,d421937439a81cc281e0efa73548c595,https://www.zhihu.com/people/xyang-50-83,procrastination,https://picx.zhimg.com/v2-abed1a8c04700ba7d72b45195223e0ff_l.jpg?source=06d4cd63,1770833966775
11239731820,0,已经找到黎曼的积分公式，就是不知道能否积出来[大笑],1753355157,湖北,0,5,0,1931666774690080222,answer,0850bd302df70fc48e610327e16b3a53,https://www.zhihu.com/people/yang-yun-qiang-71,杨云强,https://pic1.zhimg.com/v2-be9f6a4ede905b569455dad6070662dd_l.jpg?source=06d4cd63,1770833966777
11239618517,0,第一题是-π/2,1753360814,广东,0,2,0,1931666774690080222,answer,e3f4f604dbb42abec3de9e090af3e4da,https://www.zhihu.com/people/hua-xie-ying-27,海边散步,https://pic1.zhimg.com/v2-abed1a8c04700ba7d72b45195223e0ff_l.jpg?source=06d4cd63,1770833966780
11239276132,0,不会是未解之谜吧,1753363272,湖南,1,2,0,1931666774690080222,answer,9892c8d596269771dc8ce683b1a0cba4,https://www.zhihu.com/people/jing-zhe-511,荆哲,https://picx.zhimg.com/v2-364b47c3872e12446b22253b121ab9ee_l.jpg?source=06d4cd63,1770833966782
11239702937,0,查看图片,1753354840,福建,0,3,0,1931666774690080222,answer,7e0ad180f88719cc09afd854f9119d50,https://www.zhihu.com/people/enfield-lee,李在田,https://picx.zhimg.com/v2-f90f593e7288c9b72485294277dd6a10_l.jpg?source=06d4cd63,1770833966784
11239415893,0,emm是不是做出这个积分就等于证明或证伪黎曼猜想了,1753363335,湖南,0,1,0,1931666774690080222,answer,9892c8d596269771dc8ce683b1a0cba4,https://www.zhihu.com/people/jing-zhe-511,荆哲,https://pica.zhimg.com/v2-364b47c3872e12446b22253b121ab9ee_l.jpg?source=06d4cd63,1770833969091
11407074300,0,100块钱买个人形圣杯说是,1769908279,天津,0,0,0,1931666774690080222,answer,3b58699f5f0a2042622a8781cba10f47,https://www.zhihu.com/people/cao-ru-xin-20,FEDImmortal,https://picx.zhimg.com/v2-d160ceb834e6ff8d90fcf89c46f34799_l.jpg?source=06d4cd63,1770833969093
11239508753,0,0,1753367969,河北,1,0,0,1931666774690080222,answer,d74a1dfe6203479aa401264e9095a2ec,https://www.zhihu.com/people/lan-lan-lan-11-67-12,啦啦啦啦啦,https://pic1.zhimg.com/v2-fbebe9557a27c3e76f3d60eb18dea104_l.jpg?source=06d4cd63,1770833969096
11328913623,0,查看图片,1761879093,江西,0,0,0,1931666774690080222,answer,601ec514b7fbb8f17a587bb918137be7,https://www.zhihu.com/people/omega-69-69,omega,https://picx.zhimg.com/v2-1abe7b115ea0ab9e5dfe334d5a1fef38_l.jpg?source=06d4cd63,1770833969099
11317704814,0,这个是简化的吧，不会是0,1760676006,日本,0,0,0,1931666774690080222,answer,305196793da8a4dcd9c99059f1206398,https://www.zhihu.com/people/shan-feng-40-21,山风,https://picx.zhimg.com/v2-8de1f8cfb425214d1086be61a878a524_l.jpg?source=06d4cd63,1770833969101
11240922557,0,我累个黎曼猜想,1753516520,广东,0,0,0,1931666774690080222,answer,9a1cea0264163e98d5be0b3120a844fd,https://www.zhihu.com/people/20-14-37-37-37,无间,https://pica.zhimg.com/v2-84a0eaca525ac5fc011f07a6a0c599ef_l.jpg?source=06d4cd63,1770833969104
11239707406,0,。。。,1753364098,黑龙江,0,0,0,1931666774690080222,answer,522ec72cd1c65dddf2327637987cdd22,https://www.zhihu.com/people/5-77-91-66-88,Ysudo,https://picx.zhimg.com/v2-e81cd0623b941911b070c9532de4f4c5_l.jpg?source=06d4cd63,1770833969106
11360441529,0,最后一题是(3-γ)/8？,1765007227,江苏,0,0,0,1931666774690080222,answer,9a35e631654c51e5e84b4d324e999c3e,https://www.zhihu.com/people/91-28-28-94-95,骐骥驰骋兮,https://pic1.zhimg.com/v2-690f43b3d230190c301de82459683961_l.jpg?source=06d4cd63,1770833969108
11239375634,0,我曾经在某个课的讲义上看到过这两个积分，不过是别人的讲义，也没有答案我也不会算[捂脸],1753337132,浙江,0,0,0,1931666774690080222,answer,e88b7449cc2aae85309dec807fd12cba,https://www.zhihu.com/people/52-24-10-13,CooperWang,https://picx.zhimg.com/v2-6e9e697a9507835885be8ec751e81b3c_l.jpg?source=06d4cd63,1770833969112
11239182884,0,0[大笑],1753351510,广东,0,0,0,1931666774690080222,answer,ab6a258635fd40fa36c80e62f30e9cd0,https://www.zhihu.com/people/235522-66,235522,https://pica.zhimg.com/v2-e5aeb4872c80f1b3edccc46617dfe3de_l.jpg?source=06d4cd63,1770833969114
11238890760,0,钝角,1753346551,陕西,0,0,0,1931666774690080222,answer,9e42a7c5111967b2f703f8db15d77b26,https://www.zhihu.com/people/silentstorm-94,SilentStorm,https://picx.zhimg.com/v2-5c03b2e43c7e0ed8123bc010dba940da_l.jpg?source=06d4cd63,1770833971399
4796813860,0,怎么知道销售一辆车会得到几个积分呢？这是怎么判定的,1633019004,,1,0,0,389726778,article,9c67a24171bf7f71b3697ccbf3443128,https://www.zhihu.com/people/yang-fan-50-77,知乎用户6vMoZR,https://picx.zhimg.com/v2-55c2bc92e59952204d160ea95dd17815_l.jpg?source=06d4cd63,1770833980229
4561767015,0,光伏发电企业碳积分如何换算,1626320037,,0,0,0,389726778,article,bc48bab9dc6d974d751bd6d06d7f893a,https://www.zhihu.com/people/jian-guo-56-57,坚果,https://picx.zhimg.com/v2-87d14fb4c9f38aa5e524d41b8d400248_l.jpg?source=06d4cd63,1770833980231
11378367684,0,高质量专栏[感谢],1766816336,辽宁,0,4,0,1973395738429001733,article,d11f5fe04fd0954762960a576f5acaa4,https://www.zhihu.com/people/shcjdx-41,RuntnorEuro,https://pic1.zhimg.com/v2-3a9315dbc8b88ceb6760722447f18930_l.jpg?source=06d4cd63,1770833989100
11380653241,0,最近破乎老给我推这种含有ln Γ(x)的积分 也不知道是为什么,1767077416,澳大利亚,0,1,0,1973395738429001733,article,0b79aece34a73eafc224d22101127cc2,https://www.zhihu.com/people/37-6-2-17-30,爱编程的Aten,https://picx.zhimg.com/v2-de2f31ae0805a480c43cf951ea4949be_l.jpg?source=06d4cd63,1770833989103
11378223294,0,天哪，这些积分都好难,1766819763,广东,1,1,0,1973395738429001733,article,bd1eaa55c604f67326da1f2167d6a68d,https://www.zhihu.com/people/shang-45-46,处方OTC,https://picx.zhimg.com/v2-43fadc5c7ec2fd4db212995dbf90d11c_l.jpg?source=06d4cd63,1770833989105
11378028487,0,不是哥们,1766847214,北京,0,1,0,1973395738429001733,article,736ea5e8090fad28fbb89d5804779b14,https://www.zhihu.com/people/fanxx0917,Horld Wello,https://picx.zhimg.com/v2-abed1a8c04700ba7d72b45195223e0ff_l.jpg?source=06d4cd63,1770833989107
11201775936,0,明明是中国技术先进，在你嘴里就成做账了,1749777888,北京,5,1595,2,1916611535121413913,answer,9eff7d7af42311efb52ae0c057f585f5,https://www.zhihu.com/people/bai-yun-long-52,白云龙,https://pic1.zhimg.com/v2-132c4dbe1e79cfd61dcf3a939e6a5510_l.jpg?source=06d4cd63,1770833998297
11202454552,0,这么多年了，真的只有中国人在认真搞环保,1749804663,非洲地区,12,655,1,1916611535121413913,answer,1756fca99fe551d3e6526055470e8256,https://www.zhihu.com/people/zhuang-huang-61,ZHUANG HUANG,https://pica.zhimg.com/v2-a6ac9d2f1c9e1fb547d1a20543151b89_l.jpg?source=06d4cd63,1770833998300
11202345236,0,我们支持以色列的人是这样黑中国的，就说中国一切都是造假,1749807045,重庆,2,148,1,1916611535121413913,answer,a160a2fa5e0f6a166df5ef947cfdf834,https://www.zhihu.com/people/touchfat-65,touchfat,https://pic1.zhimg.com/v2-28c824e41cdb4c74b433d6f590e9ea03_l.jpg?source=06d4cd63,1770833998302
11202382145,0,先了解一下中国做了多少怀抱工作好吗。,1749782017,浙江,0,67,2,1916611535121413913,answer,8a28773b6a59a0a66a548a9236c93229,https://www.zhihu.com/people/kasocooler,袁子才,https://pic1.zhimg.com/b90c52d58_l.jpg?source=06d4cd63,1770833998305
11202747382,0,中国在全国范围内实施了多少储备林项目，虽然项目有包装和地方政府贪污的成分，但是成效还是有不少的,1749805980,四川,0,59,0,1916611535121413913,answer,48d5ebb89a137d929008828a22f9236c,https://www.zhihu.com/people/li-zai-dao-6,李再道,https://pic1.zhimg.com/04e55149e18aef520b415952adcccfdb_l.jpg?source=06d4cd63,1770833998308
11289971416,0,不了解的事别尬聊[尴尬]上世纪欧美提出限制碳排放，想搞统一标准，提出的方案摆明了坑发展中国家，最终是大家都表示限制碳排放没问题，按照欧美标准老子不上当直到16签巴黎协定才算达成共识，大家都减排，每五年一次盘查，然后就是欧美高估了自己，低估了东大，东大轻松拿捏，欧美只能搞台账欧美是拿环保当枪使，东大是真干，企业减排，植树等等,1758005722,山东,2,33,0,1916611535121413913,answer,820d52b2076ac71dbe87d3f914f9e405,https://www.zhihu.com/people/zong-wu-37-23,宗吾,https://picx.zhimg.com/v2-88a125152705833020488c46d5852a32_l.jpg?source=06d4cd63,1770833998310
11202042295,0,可拉倒吧，碳排放额度就是限制后发国家发展,1749781852,山东,1,19,1,1916611535121413913,answer,45de0df54a6b08bd6e62febf5e0094fc,https://www.zhihu.com/people/kaptain-teng,Kaptain teng,https://pica.zhimg.com/v2-abed1a8c04700ba7d72b45195223e0ff_l.jpg?source=06d4cd63,1770833998313
11284857812,0,中国是全世界唯一绿化面积不断增加的国家，每年新增森林面积约等于亚马逊雨林减少面积，也就是说全世界都要靠中国的功德弥补环保亏空,1757491616,广东,0,22,0,1916611535121413913,answer,dd6b7ba68330df56ee1871af703e6a92,https://www.zhihu.com/people/cai-shen-29,菜神,https://picx.zhimg.com/v2-0d9212819ea270fefc23e0b520fbef6a_l.jpg?source=06d4cd63,1770833998315
11203500726,0,西方环保吹的一愣一愣的，只有我们当真，认认真真在做,1749894483,江西,0,15,1,1916611535121413913,answer,aa77ddc5aa9ab9ce6004727018c60c0c,https://www.zhihu.com/people/hu-xiang-27-64,zerospan,https://picx.zhimg.com/v2-abed1a8c04700ba7d72b45195223e0ff_l.jpg?source=06d4cd63,1770833998318
11212838400,0,好好看看地质专家是怎么怼柴大公知的,1750835309,上海,5,13,0,1916611535121413913,answer,fbb6eef7b08615feda881149261f92a7,https://www.zhihu.com/people/eric-91-12-67,momobig,https://picx.zhimg.com/v2-7de55a11a8d8fc0bb6e0e051e145588a_l.jpg?source=06d4cd63,1770833998320
11264315761,0,我是山区出来的，国家在保护生态保护森林，植树造林方面是真下了大功夫的，有个亲戚包山头搞林产品的，下山的时候刮倒了一棵树，蹲了七天[打招呼],1755555487,山东,2,14,0,1916611535121413913,answer,48a48324a940c2eaf5471cf14913ce43,https://www.zhihu.com/people/qi-yuan-53-90,锐通,https://picx.zhimg.com/v2-abed1a8c04700ba7d72b45195223e0ff_l.jpg?source=06d4cd63,1770834000663
11284942873,0,中国是实实在在的干，西方国家只是想以此为借口限制中国工业发展。西方国家只喊口号不施行，就是忽悠人。,1757486038,湖南,0,8,0,1916611535121413913,answer,ac302bcdb25b421d12411f6eaf88cf6a,https://www.zhihu.com/people/qi-qia-41,恰ki,https://picx.zhimg.com/v2-3290a358b31482d85df7d369357181d5_l.jpg?source=06d4cd63,1770834000666
11205396911,0,你的意思是洋人不光科学技术，连台账技术都落后了？,1750129977,福建,0,3,0,1916611535121413913,answer,f54ddffbcfd8eab737cd2823ddad1922,https://www.zhihu.com/people/disicarus,猪头猫,https://picx.zhimg.com/v2-abed1a8c04700ba7d72b45195223e0ff_l.jpg?source=06d4cd63,1770834000668
11258691828,0,为了碳排放，中国攻克了碳排放监测卫星技术、新能源发电、新能源车和储能项目、节能减排技术、固碳技术，还有传统的植树造林,1754987462,广东,0,4,0,1916611535121413913,answer,88d92c10643d9eac482ed4b1d387cd26,https://www.zhihu.com/people/mx-zh-01,游戏低手,https://pic1.zhimg.com/v2-abed1a8c04700ba7d72b45195223e0ff_l.jpg?source=06d4cd63,1770834000672
11252681136,0,中科院就这水平？,1754525165,北京,0,2,0,1916611535121413913,answer,0a451c268cfba4dcb0ceb6d53b5ce810,https://www.zhihu.com/people/wang-ni-ma-69-15,王呢玛,https://picx.zhimg.com/v2-abed1a8c04700ba7d72b45195223e0ff_l.jpg?source=06d4cd63,1770834000674
11259542636,0,按丁院士说的，保护环境最少最少对我们自己还是有很多好处的，最起码环境变好了。,1755087433,广西,0,2,0,1916611535121413913,answer,17f97ebd4a0b6a87b73ef1c006b50a2a,https://www.zhihu.com/people/yan-li-zhong-3,三冰的表弟,https://pica.zhimg.com/c1bb6a4abacecb1ff0bbf838ab3a4e08_l.jpg?source=06d4cd63,1770834000677
11203401694,0,感觉柴静是咱们的卧底[捂嘴][捂嘴][捂嘴],1749872887,北京,1,2,0,1916611535121413913,answer,3d47d9ddb46e7bcc3c7cf9037bdd2a7e,https://www.zhihu.com/people/yang-jun-tian-68,法蒂,https://pic1.zhimg.com/40098f5507988126422b0dcfabe8929b_l.jpg?source=06d4cd63,1770834000679
11311531589,0,中国esg都做出花来了，老外一看，这不对啊，然后赶紧撤了[飙泪笑],1760084417,云南,0,2,0,1916611535121413913,answer,834fdae9faddc57c116a83b0a6798125,https://www.zhihu.com/people/tnt234tnt,tnt234tnt,https://picx.zhimg.com/v2-abed1a8c04700ba7d72b45195223e0ff_l.jpg?source=06d4cd63,1770834000683
11205376275,0,欧洲眼看搞不出来，自己要退出，要延缓。[捂脸],1750142524,广东,0,3,0,1916611535121413913,answer,f9efa4b17fdc9b2dd5a4cd7e9ebbcc2a,https://www.zhihu.com/people/lucifer-64-87-87,Lucifer,https://picx.zhimg.com/v2-6b4c512e42ba57646e9e516ec4045a4e_l.jpg?source=06d4cd63,1770834000685
11283628879,0,洋人看了本台账就乖乖交钱给中国，原来洋人都是傻子啊[飙泪笑],1757390888,浙江,0,3,0,1916611535121413913,answer,01812af345251ea0fa892a18b5a2377f,https://www.zhihu.com/people/abc-abc-11-99,abc abc,https://picx.zhimg.com/03b42d62450ffcb05428b958512bea22_l.jpg?source=06d4cd63,1770834000687
11266144916,0,上汽每年花票子跟五菱买碳排放额度,1755696660,河北,0,1,0,1916611535121413913,answer,ade2c477850d035b89d8fc2270c46c64,https://www.zhihu.com/people/jin-zhi-pai-zhao-tou-shi,禁止拍照投食,https://picx.zhimg.com/v2-1bad8c3bbeccee9e41a45129a0cf77e5_l.jpg?source=06d4cd63,1770834003016
11311587742,0,现在鬼佬不认了,1760088691,广东,0,1,0,1916611535121413913,answer,1e7fef455a097e31596820d47c0d0ce3,https://www.zhihu.com/people/yu-si-qing-chou-95,雨丝情愁,https://pic1.zhimg.com/v2-31b44a874b449258c597666b7fbd5d07_l.jpg?source=06d4cd63,1770834003020
11202327851,0,1是中国的电车发达了，和台帐没关系,1749781440,新疆,0,2,0,1916611535121413913,answer,0251f09ca560cec90620e5def7030395,https://www.zhihu.com/people/a-xing-8-90-75,阿星,https://picx.zhimg.com/v2-4ae7021101bc23407d6e416ef3791513_l.jpg?source=06d4cd63,1770834003024
11264808614,0,那是中国大量植树造林好吧,1755605498,湖南,0,1,0,1916611535121413913,answer,33a3eed0558bb75c8828143c9f86a21a,https://www.zhihu.com/people/jiang-nan-34-75-84,江南,https://pic1.zhimg.com/v2-abed1a8c04700ba7d72b45195223e0ff_l.jpg?source=06d4cd63,1770834003027
11260546570,0,老钟真坏，卖碳排赚钱。,1755217654,广西,0,1,0,1916611535121413913,answer,4e3471af4d297fceefc78575e90e8357,https://www.zhihu.com/people/2-95-43-59,高山,https://pic1.zhimg.com/v2-87b98148cfcd386f6139194b3f02cbd4_l.jpg?source=06d4cd63,1770834003029
11259524883,0,走别人的路，让别人走投无路,1755099654,江苏,0,1,0,1916611535121413913,answer,60ec94c7ca922f69edc51486bf73bcbc,https://www.zhihu.com/people/ma-xiao-jun-34,馬小军,https://pic1.zhimg.com/9c885df21_l.jpg?source=06d4cd63,1770834003031
11201880132,0,只是台账么？,1749736443,江苏,0,17,1,1916611535121413913,answer,fdb4791178debb4b626bc1e1d0ddc602,https://www.zhihu.com/people/li-yin-xin-76,音信全无,https://picx.zhimg.com/01d9e29ae2ff6c4f973a5a7c7b93a73b_l.jpg?source=06d4cd63,1770834003032
11204856861,0,该说不说，中国搞环保真的是为了子孙后代，以前的垃圾填埋，现在直接烧了发电[飙泪笑],1750062487,河北,14,103,1,1916611535121413913,answer,5be880dcf3ed150fdd743b129905ed8b,https://www.zhihu.com/people/1234-57-64-69,1234,https://picx.zhimg.com/v2-abed1a8c04700ba7d72b45195223e0ff_l.jpg?source=06d4cd63,1770834003034
11395694373,0,碳排放权人人有份的，普通人的碳排放被企业白白拿去用了,1768726641,广东,0,0,0,1916611535121413913,answer,83c17cb58e0ed657df27e295aa787e34,https://www.zhihu.com/people/53-58-13-42-25,简且易,https://pic1.zhimg.com/v2-8118c3d27379e2e6fb617e9c3bb790fd_l.jpg?source=06d4cd63,1770834003037
11212622466,0,我校丁院士.jpg,1750812240,云南,0,0,0,1916611535121413913,answer,97fbc97ece0aae81b63ecf86268d5e1f,https://www.zhihu.com/people/zheng-yu-86-37,小行星坠落,https://pic1.zhimg.com/v2-73b4be24bb037855a37bdf51fb4598aa_l.jpg?source=06d4cd63,1770834003041
11375375888,0,中国的这么多新能源电站你觉得赚碳积分很难吗[思考],1766548311,陕西,0,0,0,1916611535121413913,answer,91728c70b43c99bfc041aa5ddb692fc6,https://www.zhihu.com/people/minos-17-27,Minos,https://picx.zhimg.com/v2-051c15235758cf8d4979b06e9f801ce8_l.jpg?source=06d4cd63,1770834005341
11374794024,0,我们植树真的不少了。这个在环保上而赚大分的。,1766465923,广东,0,0,0,1916611535121413913,answer,f634462f8a1d56774846a849663aca2a,https://www.zhihu.com/people/tian-shi-369,天使369,https://pica.zhimg.com/v2-0d40834221bc3101697180826c9be9ad_l.jpg?source=06d4cd63,1770834005344
11370246269,0,扯淡呢，你知道环保查的多严么？你知道为了推广屋面光伏电站，政府给了多少补贴么？,1766021704,湖北,0,0,0,1916611535121413913,answer,d6a41a020cdca198801dd8e32c29f8be,https://www.zhihu.com/people/lu-tao-ran,萌虎一生推,https://pic1.zhimg.com/c27eab6c6deab9bb0f881d7820cefcfd_l.jpg?source=06d4cd63,1770834005346
11334991324,0,全世界，环保绿化最好的就是中国！不接受反驳,1762467660,广东,0,0,0,1916611535121413913,answer,77883c3d5c016e85a832c784fe77eff5,https://www.zhihu.com/people/feng-yu-wu-zu-68-80,本草一芥,https://picx.zhimg.com/v2-abed1a8c04700ba7d72b45195223e0ff_l.jpg?source=06d4cd63,1770834005349
11328458759,0,关键欧洲人自己也搞不明白这玩意，感觉就是一群草台班子自己拍脑门觉得，就开始推进了。奥迪ppe说要做一个史无前例的零碳工厂，配套能源商直接搞了个烧苞米杆子的给它[飙泪笑]现在这帮人要是政策不改，中国人能借着海量新能源拿绿色制品收割整个欧洲,1761807685,吉林,0,0,0,1916611535121413913,answer,5ad303681190dc0ae3d297b50a47899f,https://www.zhihu.com/people/li-da-tou-78-98,李大头,https://pic1.zhimg.com/944f2c9951a2f2aad58c9ac04c91346b_l.jpg?source=06d4cd63,1770834005351
11324765062,0,世界只有中国森林覆盖率稳步提升,1761447537,山东,0,0,0,1916611535121413913,answer,593fcbae7fcc0c128ea6d3b1bc585594,https://www.zhihu.com/people/da-zhuo-zhi-jian,大拙至简,https://picx.zhimg.com/v2-b3a36003c4316b74e95f06c6b85b3c17_l.jpg?source=06d4cd63,1770834005353
11310874539,0,全球的森林在增加，但是若把中国排除在外，全球的森林反而在减少。请问你有什么头绪吗？,1760036096,上海,0,0,0,1916611535121413913,answer,0a740d6cf53211d7c004d7a3cca051fa,https://www.zhihu.com/people/mr-wang-98-99,MR.王,https://pica.zhimg.com/v2-e672df5ea2345c1b3b9b24fea6d69473_l.jpg?source=06d4cd63,1770834005356
11303434157,0,几十年的努力，到你这里就变成台账了,1759222202,浙江,0,0,0,1916611535121413913,answer,e0ca0d2768ab211b5ee5340e9b955ff8,https://www.zhihu.com/people/he-wei-chen-17,吴耀王,https://pic1.zhimg.com/v2-45ae8d0dbd1a5e568789a91b0aac1868_l.jpg?source=06d4cd63,1770834005359
11300483688,0,搞的假固碳项目，从德国骗了不少钱[捂脸],1758936836,福建,0,0,0,1916611535121413913,answer,69c3de34de10c467d4ec3000210991dd,https://www.zhihu.com/people/f22raptor,raptor,https://picx.zhimg.com/v2-109aaf7bda39dd9bb943f37c308d6a70_l.jpg?source=06d4cd63,1770834005362
11288126923,0,做台帐？我们这么多清洁能源的研发和生产人员都是坐着写本子，吹牛皮是吧。没干一点实事儿，没有任何实际器件，绿电，绿氢，绿氨造出来？,1757814390,广东,0,0,0,1916611535121413913,answer,4088102e5730ca3a555fce93101955b0,https://www.zhihu.com/people/yang-chen-quan,小杨同志,https://picx.zhimg.com/v2-b356b1c233c731242f994dde136ceeea_l.jpg?source=06d4cd63,1770834005365
11284611743,0,哥们，你有问题啊,1757467195,山东,0,0,0,1916611535121413913,answer,f6f755be9cb70c09794c514e57dc21df,https://www.zhihu.com/people/lnfy0212,行野,https://pic1.zhimg.com/v2-faa6e5dbd11bcbd9c4b11f8581dffc66_l.jpg?source=06d4cd63,1770834007883
11202794658,0,2333 任何东西都能够工业化生产,1749863449,上海,0,0,0,1916611535121413913,answer,585aca849e56f572310a3fe9569b050c,https://www.zhihu.com/people/NecoKeine,慧音Necokeine,https://picx.zhimg.com/v2-c24e5081a4048a3e9938b7765e46fce1_l.jpg?source=06d4cd63,1770834007885
11381464856,0,退耕还林保护部分地区的耕地红线,1767162801,河南,0,0,0,1916611535121413913,answer,593927e076443481ef089f2321ea968b,https://www.zhihu.com/people/wang-zhe-94-44-91,亡者,https://pic1.zhimg.com/v2-e713645e0ee1668f0ad4d0f9abafeca6_l.jpg?source=06d4cd63,1770834007887
11205537590,0,“台账”,1750121717,山东,0,0,0,1916611535121413913,answer,f65b465f930b707e7a8f4579bc41a84b,https://www.zhihu.com/people/yi-wu-suo-you-gu-wu-suo-wei-ju,乔罗宾内特拜登,https://picx.zhimg.com/v2-ecd6fee0c16a03e38ad972c7c18cd5db_l.jpg?source=06d4cd63,1770834007889
11203245065,0,中科院地质所,1749914204,湖北,0,0,0,1916611535121413913,answer,470f2743e9ac045190f0a5bfda415d57,https://www.zhihu.com/people/ao-wu-ao-wu-86-34,嗷呜嗷呜,https://picx.zhimg.com/v2-33b01950501e643132db602c176d8ee5_l.jpg?source=06d4cd63,1770834007891
11295681946,0,你信吗？人家订的制度，让你收钱？这种傻子国家我们还向他们学习，到底谁有病？,1758506026,河南,1,1,0,1916611535121413913,answer,3705d5b4896d449a35033eaebe3cf6b1,https://www.zhihu.com/people/15036656818,白天不懂夜的黑,https://picx.zhimg.com/v2-abed1a8c04700ba7d72b45195223e0ff_l.jpg?source=06d4cd63,1770834007894
11205688749,0,可见你压根不了解目前的企业环境,1750130059,上海,0,0,0,1916611535121413913,answer,6e0903ed2292271a5c4fe37a2927341f,https://www.zhihu.com/people/mei-fei-si-te-78,文化猎人方正圆,https://pica.zhimg.com/v2-0a9ae73af601d9a19fcbed18f7a40e72_l.jpg?source=06d4cd63,1770834007896
11202979481,0,干不过就急,1749811010,湖北,0,3,1,1916611535121413913,answer,fb83b6920677032eba45da8b1949959c,https://www.zhihu.com/people/chen-xi-49-94-69,波函数,https://pic1.zhimg.com/v2-a24431884b31903911de98d1890b7e73_l.jpg?source=06d4cd63,1770834007898
11202498992,0,干不过就急,1749782294,江苏,0,3,1,1916611535121413913,answer,a2373927f287f6e2e9f4d260644d0b0c,https://www.zhihu.com/people/hao-de-83-74-85,皓的,https://pica.zhimg.com/v2-abed1a8c04700ba7d72b45195223e0ff_l.jpg?source=06d4cd63,1770834007900
11201625719,0,扯犊子呢，这么多的努力，一句台账就完事了？做台账你做的过四大？,1749752862,广东,0,11,1,1916611535121413913,answer,e9a61d925167d95f684be4da9418d7db,https://www.zhihu.com/people/mao-mao-99-34,毛毛,https://picx.zhimg.com/e8e69ae37_l.jpg?source=06d4cd63,1770834007902
9968967203,0,赶紧报警,1638017084,,1,2,0,437736676,article,6c3b28691f27b4dda98d83e479013eaf,https://www.zhihu.com/people/15889386451,111111,https://pic1.zhimg.com/v2-e6239c27c258e496f9ae84b8ffb88bb1_l.jpg?source=06d4cd63,1770834023618
10010223154,0,当时说到借壳重组就觉得不太靠谱，后来说买碳积分就更心里没底了，转进去一万那个指导员张伟华说必须转申报的金额我更觉得是骗子了，当天就把一万又转出来了，差点上当,1638759669,,7,1,0,437736676,article,fe2a3e513e1dffa04effcb66fdd12bcc,https://www.zhihu.com/people/a-dan-87-77,啊单,https://picx.zhimg.com/v2-abed1a8c04700ba7d72b45195223e0ff_l.jpg?source=06d4cd63,1770834023621
10004423659,0,上周一22号，我在讲课群里连发消息说碳积分交易是骗局，千万别入金，当时有9千多人，结果一分钟不到把我踢出去了，希望有股友看到，别上当了,1638171168,,3,1,0,437736676,article,cbe7076400ec464b54e7109108a7cd6d,https://www.zhihu.com/people/zi-fei-yu-43-72-21,子非鱼,https://pica.zhimg.com/v2-c8fd6c8cff2fd088349252c40bfa775d_l.jpg?source=06d4cd63,1770834023624
10001312106,0,唉，我从九月份进群开始就知道他们是骗子，每次那个指导员讲话都有托在那附和，太假了，就这还有人上当，不过有一说一，他们推荐的内参票都还可以，白嫖他们的资料还有点不好意思[飙泪笑],1638198857,,0,1,0,437736676,article,680c0fbaaac9509faef2a05fb002610e,https://www.zhihu.com/people/666-82-73-87,666,https://picx.zhimg.com/v2-abed1a8c04700ba7d72b45195223e0ff_l.jpg?source=06d4cd63,1770834023626
9969099898,0,之前我就说过买积分是骗子。我在D61战队。叫我买我不信没买。指导员叫欣然的,1638106798,,1,1,0,437736676,article,0a9005dd34857401b2801a9d43e8c391,https://www.zhihu.com/people/63-97-9-6,韭菜,https://picx.zhimg.com/v2-4d8c0daa2c0e5b214a25252f9e199a24_l.jpg?source=06d4cd63,1770834023629
10043487740,0,ov你们讲被抓了，怎么没有声音。骗子太可怕了。害人的垃圾总会被抓获。为什么公安有证据都查不到呢？我相信受害者也不少啊。,1642908039,,0,0,0,437736676,article,0b272d79c304d6dba0fc25de789b8bb5,https://www.zhihu.com/people/tian-yu-64-20-35,天宇,https://picx.zhimg.com/v2-abed1a8c04700ba7d72b45195223e0ff_l.jpg?source=06d4cd63,1770834023643
10042932068,0,最好大110报警。后悔没用，报警是唯一的希望。,1642774261,,0,0,0,437736676,article,b8bd2d4fb97092ba60e218f9beaebbbd,https://www.zhihu.com/people/li-qiu-shi-46-24,李秋实,https://pic1.zhimg.com/v2-abed1a8c04700ba7d72b45195223e0ff_l.jpg?source=06d4cd63,1770834023647
10042613589,0,这是个规模不小的诈骗团伙，常年诈骗、挥霍骗到手的钱。大家都报了警，骗子才躲不过“十五”。,1642773923,,0,0,0,437736676,article,b8bd2d4fb97092ba60e218f9beaebbbd,https://www.zhihu.com/people/li-qiu-shi-46-24,李秋实,https://pica.zhimg.com/v2-abed1a8c04700ba7d72b45195223e0ff_l.jpg?source=06d4cd63,1770834023650
10041963800,0,在当地派出所报案，金额较大的，会移交刑警队立案。反诈中心就设在刑警队,1642774094,,1,0,0,437736676,article,b8bd2d4fb97092ba60e218f9beaebbbd,https://www.zhihu.com/people/li-qiu-shi-46-24,李秋实,https://picx.zhimg.com/v2-abed1a8c04700ba7d72b45195223e0ff_l.jpg?source=06d4cd63,1770834023654
10041878458,0,报案。总有一天骗子会受到惩罚。相反诈骗中心报案。报警还有一线希望，不报警，只剩苦痛、折磨和绝望。,1642773717,,0,0,0,437736676,article,b8bd2d4fb97092ba60e218f9beaebbbd,https://www.zhihu.com/people/li-qiu-shi-46-24,李秋实,https://pic1.zhimg.com/v2-abed1a8c04700ba7d72b45195223e0ff_l.jpg?source=06d4cd63,1770834023656
10040553560,0,有没有被骗的朋友，一起报警。难就难在这些鬼是自己开发的软件，没他们任何身份信息,1642655840,,3,0,0,437736676,article,1078d51e946ab29ac822c1b21622cde1,https://www.zhihu.com/people/yale-2-30,yale,https://picx.zhimg.com/v2-abed1a8c04700ba7d72b45195223e0ff_l.jpg?source=06d4cd63,1770834026060
10013130127,0,从一开始说阿里借壳我就怀疑，人家这么决密的信息能让你散户参与,1639141178,,0,0,0,437736676,article,ef4b92311cb21f33ec567ff1ec3a6b71,https://www.zhihu.com/people/wang-ji-zong-15,王继宗,https://pic1.zhimg.com/v2-4fd22524c48047b2eaeee341e6faaa39_l.jpg?source=06d4cd63,1770834026062
10012682383,0,我当初发现是骗子后在群里找了好多人加好友私信，可都不通过唯一一个通过的还是托，后来我就不说话了,1639099860,,0,0,0,437736676,article,3b423ecd0b04b38b9b3a4cd212d8c53c,https://www.zhihu.com/people/67-72-97-29,阿华,https://picx.zhimg.com/v2-2f8221dd40d6f331934c3703e17f5ebc_l.jpg?source=06d4cd63,1770834026063
10008751670,0,指导员张伟华，被套28w,1638599074,,6,0,0,437736676,article,b2fe8a223da63596b50b623f2b701aa1,https://www.zhihu.com/people/xing-xing-er-81-27,星星児,https://picx.zhimg.com/v2-abed1a8c04700ba7d72b45195223e0ff_l.jpg?source=06d4cd63,1770834026065
10005070059,0,岳松和沈立阳就是个诈骗团伙，他们先虚拟个股票借壳重组带动大家的积极性，然后强迫买碳积分，碳积分根本就只能进不能出，这个碳积分幕后老板是沈立阳，我们都被骗惨了[大哭][大哭][大哭]，本来股票玩的好好的，结果跟着玩重组借壳股票被骗的生活都无法继续了,1638248587,,1,0,0,437736676,article,5a5f4bcfdaa677bbccf7a6d2fcdf8565,https://www.zhihu.com/people/qin-you-du-zhong-56-46,知乎用户,https://pica.zhimg.com/v2-9c565ed04b1d6c19fd445c3ebe193b6e_l.jpg?source=06d4cd63,1770834026066
10004452945,0,人为财死，鸟为食亡，要警钟长鸣！,1638286662,,0,0,0,437736676,article,cf8fe7d5f39d80a575a7c904c750c28d,https://www.zhihu.com/people/wei-xin-yong-hu-29-45-78-95,微信用户,https://picx.zhimg.com/v2-a0db301df51c1e1f4b8046f7950ad3d1_l.jpg?source=06d4cd63,1770834026067
11204865452,0,佬真的太厉害啦[爱][欢呼],1750079616,河南,1,1,0,1917597677597734176,article,7a7d84ef076afe3bb9e522fb075c54b5,https://www.zhihu.com/people/songnan-84,NostalgiaIm,https://pic1.zhimg.com/v2-04f7475e4799ba7ac802d104a31b2418_l.jpg?source=06d4cd63,1770834030404
11205393283,0,封面动漫角色是谁,1750124582,湖北,1,0,1,1917597677597734176,article,c584923bcae4677f5557c04f0b5f2011,https://www.zhihu.com/people/wisn1651-eolip-1269,池樹 優緒,https://pic1.zhimg.com/v2-937d3b02fcaf7c5ed5525bacf21aeae9_l.jpg?source=06d4cd63,1770834030406
11218700638,0,大佬很强[赞同][感谢],1751451244,河南,0,1,0,1917597677597734176,article,8d5253e7f3eb9940bddab9a1f5d577d9,https://www.zhihu.com/people/wan-wan-2-93-93,维安·琴娜,https://pic1.zhimg.com/v2-039a00c0223d82d2a14ba48712a52d32_l.jpg?source=06d4cd63,1770834030407
11321108469,0,漂亮的解答[抱抱],1761047905,山东,0,1,0,1917597677597734176,article,85164b6a9a4828594743e8dae44b23bc,https://www.zhihu.com/people/94-12-47-33,Beloved,https://picx.zhimg.com/v2-f6f6f214376060c2bdf016d79a295ecd_l.jpg?source=06d4cd63,1770834030409
11215441984,0,[哇]好像是上次那道题博主[感谢],1751076302,江苏,1,2,0,1917597677597734176,article,f69e5d1a558d9e11a3a70c1aa2e57380,https://www.zhihu.com/people/5-55-85-28-36,懒羊羊,https://pica.zhimg.com/v2-f1be5ed24936a7311e75da3884b2bd6d_l.jpg?source=06d4cd63,1770834030410
11321312030,0,你好可爱[抱抱],1761066529,河南,1,1,0,1917597677597734176,article,d21b08a26f86ccd99616b119252952fd,https://www.zhihu.com/people/85-8-22-50,天道酬勤,https://picx.zhimg.com/v2-3ef992a3527617437cb9ffb7a4af3923_l.jpg?source=06d4cd63,1770834030412
11208335778,0,万能的积分代换[赞同],1750387789,湖南,0,1,0,1917597677597734176,article,e0995c8a08ef07ca8e67e3ec88e1ead1,https://www.zhihu.com/people/67-28-22-82,天上地下,https://pic1.zhimg.com/v2-abed1a8c04700ba7d72b45195223e0ff_l.jpg?source=06d4cd63,1770834030413
11388390997,0,大一学生顶礼膜拜，我要向你支付看这篇文章的费用。查看图片,1767914562,天津,0,1,0,1917597677597734176,article,b19024692a3ebb5b8782ba47a812557d,https://www.zhihu.com/people/--70-3-10-18,御坂14530号,https://pic1.zhimg.com/v2-d111ea9c6bf1ea62c5095534b7c587bb_l.jpg?source=06d4cd63,1770834030415
11220222492,0,大佬真强[赞][赞][欢呼],1751593031,浙江,0,0,0,1917597677597734176,article,9dff68e3cfa0d2318c08e9ac339a2f97,https://www.zhihu.com/people/wu-xiong-zhi-26,吴雄志,https://picx.zhimg.com/v2-7933c9c0a50b846915365e45cde8bc78_l.jpg?source=06d4cd63,1770834030416
11220087764,0,我超，大积佬！,1751525253,北京,0,0,0,1917597677597734176,article,59bdf29fdea4c45d36fe0ec489da3114,https://www.zhihu.com/people/qi-qi-46-70-20,圻圻,https://pic1.zhimg.com/v2-b90dfc78409465f8d1114c43ca0b8c82_l.jpg?source=06d4cd63,1770834030418
11219057221,0,求原图,1751466501,上海,2,0,0,1917597677597734176,article,6bbbeb78f6545e5e23e06dfa528d22f1,https://www.zhihu.com/people/hei-jin-long-jun,黑锦龙君,https://pica.zhimg.com/v2-6481431a5d5e75dfaf35bd2d37246f58_l.jpg?source=06d4cd63,1770834032712
11217723022,0,换元成0-2π的会不会有奇迹,1751322386,辽宁,0,0,0,1917597677597734176,article,9d2baec04db963501810dd8b098844b0,https://www.zhihu.com/people/pilz--43,P-Wassermann,https://picx.zhimg.com/v2-e98613ded5386b8a3241a90b236987df_l.jpg?source=06d4cd63,1770834032715
10845485171,0,每次看到这种我都很生气，生气为什么这种垃圾也能有老婆有后代，这是对其他正常人的一种侮辱！女人，你的眼睛呢？为什么要白白便宜这种垃圾？？？,1712320063,江苏,15,228,0,3454208867,answer,6e0d617c436d7e08a117d50f30b6e9c8,https://www.zhihu.com/people/janew-43,一溜烟儿,https://picx.zhimg.com/v2-abed1a8c04700ba7d72b45195223e0ff_l.jpg?source=06d4cd63,1770834040664
10844556465,0,这只垃圾留着过年吗？,1712218526,天津,4,84,0,3454208867,answer,dfb0e7d7a6885ac5b99054fdfc88aa03,https://www.zhihu.com/people/64-7-84-24-34,秋空明月,https://picx.zhimg.com/v2-b589d4e0390439f41500f05164f3e786_l.jpg?source=06d4cd63,1770834040667
10845546136,0,说个扎心的，很可能你的孩子也遗传了这种自私的性格，我表妹找了个渣男，她女儿的性格和她老公她婆婆一模一样，自私霸道还蠢！,1712325271,山东,20,66,0,3454208867,answer,8a9a9452840805b8ad3bf6052d418af4,https://www.zhihu.com/people/tang-wei-wei-21,尧猫,https://picx.zhimg.com/v2-2b844fc4d6e98cdfc68b61496f26120d_l.jpg?source=06d4cd63,1770834040669
10845255540,0,那么我有3个问题。1，你为啥跟他结婚？2，你为啥跟他生孩子？3，为啥到最后都是他提的离婚而不是你？在我看来你才是那个：人间奇葩独一枝,1712319248,加拿大,14,55,0,3454208867,answer,4138b593959630c9b485f041edb955f6,https://www.zhihu.com/people/miao-liao-ge-mi-49-30,喵了个咪,https://pica.zhimg.com/v2-28b80c90df26c14213ea28b3c07ea567_l.jpg?source=06d4cd63,1770834040672
10845392384,0,就这居然还是他要离婚[流泪],1712307551,北京,2,52,0,3454208867,answer,d10b065344484d5270d0af5cc0ffe248,https://www.zhihu.com/people/daisy-64-3-97,Daisy,https://picx.zhimg.com/78bfbf91226b87a789fb23a8dd45abb8_l.jpg?source=06d4cd63,1770834040676
10844619062,0,天哪天哪，这是什么极品,1712235329,江苏,5,22,0,3454208867,answer,be55ec036782a7e04505daf9b3f5ef0c,https://www.zhihu.com/people/sun-xiu-ting-28,莫言无忌,https://picx.zhimg.com/v2-abed1a8c04700ba7d72b45195223e0ff_l.jpg?source=06d4cd63,1770834040679
10846516819,0,佩服你，居然能忍到让他主动提出离婚[赞]，,1712389032,日本,2,16,0,3454208867,answer,67f2aa9cd1d96fc2f9d87780758088cd,https://www.zhihu.com/people/cheng-chang-95-6-92,随喜,https://picx.zhimg.com/v2-22e9b69ea98c6bd7abdd797367d9d4e5_l.jpg?source=06d4cd63,1770834040682
10845597158,0,抠成这样还能一次买n件几百上千的衣服，必须有花头了吖，女为悦己者容，男的也一样，花孔雀开屏。保留证据，找律师，离婚。,1712308157,上海,0,16,0,3454208867,answer,ece0a34a07c87e0dd8ace7d029326391,https://www.zhihu.com/people/xi-nuan-62,不与语冰,https://pica.zhimg.com/v2-a74d8ec2d97f6d20554b3dfa7efcd06f_l.jpg?source=06d4cd63,1770834040684
10846124427,0,就这种垃圾男人，还是对方甩了你！要是对方留着你，岂不是你们还是夫妻？,1712420015,广东,1,10,0,3454208867,answer,59da99954dc321795b9a36b3d9dca0d8,https://www.zhihu.com/people/jiu-jiang-68-33,就酱,https://pic1.zhimg.com/v2-abed1a8c04700ba7d72b45195223e0ff_l.jpg?source=06d4cd63,1770834040688
10845931875,0,出去会情人也穿渔网裤衩子吗,1712375481,江苏,3,10,0,3454208867,answer,626a6fe0ea164fea346a858371c4ef31,https://www.zhihu.com/people/yin-lu-hua-sheng-2,无人区玫瑰,https://pic1.zhimg.com/v2-405a84d1dbee353d8f0b5d7b75bb12e5_l.jpg?source=06d4cd63,1770834040692
10857906138,0,所以我的原则是:男人不给我花钱了，我就该离开了。如果一开始就不给，那就不要在一起。就这么简单。钱在哪心在哪。实在不行单身也好，多个人事也多。吃力不讨好的事我不干。,1713548833,广东,0,9,0,3454208867,answer,c0ac1ba9846c6befb41bab4e75feca15,https://www.zhihu.com/people/wei-xin-yong-hu-nuo-nuo-34,离谱的网友,https://pic1.zhimg.com/v2-f1add64ec8beb06f344582fcab05a13f_l.jpg?source=06d4cd63,1770834043206
10844841513,0,这种垃圾想到对付办法了吗？好像离婚远离是最佳方案。,1712212193,河北,4,8,0,3454208867,answer,eae236b9b209b36540ee3b271de6ddbb,https://www.zhihu.com/people/yi-he-5566,一贺,https://pic1.zhimg.com/v2-2ef04cc567c8f7c4aa9e8e199b3f2ad8_l.jpg?source=06d4cd63,1770834043210
10848161614,0,带鸡蛋放铁板上煎给我看笑了[发呆][发呆],1712595462,辽宁,1,7,0,3454208867,answer,1bbb141745719c9c5221362d45cce35c,https://www.zhihu.com/people/ying-ming-11,樱茗,https://pica.zhimg.com/75200e180d7b1a8df2bb8ff5233e9c15_l.jpg?source=06d4cd63,1770834043213
10849830389,0,刚打开这个回答看了开头就猜到了，应该是河南的，没有歧视的意思，认识好多河南的好朋友，这个群体是我见过在吃的方面最省钱的，不是你老公一个人这个样子，我前女友河南的也是这样，吃饭不讲究，以前有一帮河南的好朋友，第一次他们叫我去喝酒，当时买了一箱啤酒，两包花生米，当时我惊呆了，在我老家喝酒最少要几个凉菜吧，,1712737958,江苏,2,6,0,3454208867,answer,fa627d558ae547ccb7b962e7815228f5,https://www.zhihu.com/people/li-bo-chang,装深情的李二狗啊,https://pic1.zhimg.com/v2-4f4f97421e426992f28db7d878ad220f_l.jpg?source=06d4cd63,1770834043215
10850178814,0,从结婚那天起就不愿意跟你过的意思，早就节省给合适的人留着呢，孩子也是你生的，他就是拿你过度一下,1712743224,天津,0,5,0,3454208867,answer,55bf505fa22f3e08d11abb0faa0a195f,https://www.zhihu.com/people/98-63-28-87-63,风铃草,https://pic1.zhimg.com/v2-22876ea00577d21f80c45467f7a17c53_l.jpg?source=06d4cd63,1770834043218
11210062808,0,后面给你女儿抚养费了吗,1750527529,海南,0,1,0,3454208867,answer,be3f99e111909ba2a54a48d2dcaf5b85,https://www.zhihu.com/people/47-2-93-58,陵游,https://picx.zhimg.com/v2-0091a47234652919723ff8f8c2f251d0_l.jpg?source=06d4cd63,1770834043222
10859980088,0,重点是他都跟你炫耀双十一双十二异常的花销了，你还没反应过来有问题？,1713793724,吉林,0,3,0,3454208867,answer,e36b5aa8305920fddf0adaf609232adb,https://www.zhihu.com/people/1-29-15-73,喵呜嗷,https://pic1.zhimg.com/v2-e5aeb4872c80f1b3edccc46617dfe3de_l.jpg?source=06d4cd63,1770834043224
10845420862,0,奇葩啊 真的奇,1712305811,宁夏,0,2,0,3454208867,answer,0f89a6c9c7ca59180c374d0442927da3,https://www.zhihu.com/people/31415926-26,000000,https://pica.zhimg.com/v2-abed1a8c04700ba7d72b45195223e0ff_l.jpg?source=06d4cd63,1770834043226
11134396392,0,那是不爱你 我是男的 我懂[doge],1742305283,陕西,0,1,0,3454208867,answer,c96365c04643757790e8c94d9b4cce87,https://www.zhihu.com/people/gao-feng-wan,高风晚,https://pic1.zhimg.com/v2-9976770ebb33df71034b4938630df41f_l.jpg?source=06d4cd63,1770834043229
11114804849,0,还以为结局是他买股票把钱全蒸发了，谁知道居然是找了小三。好奇问一下，他就穿着镂空内裤去会小三吗？还是揣着新内裤，会完回家再偷偷换回来？,1740013746,吉林,1,1,0,3454208867,answer,5cbb5170b874d0927f679489bbc48337,https://www.zhihu.com/people/acei-52,ACEI,https://picx.zhimg.com/v2-25ac7c0d6225fc37e7f4419d75895b22_l.jpg?source=06d4cd63,1770834043231
10974477212,0,还好离婚了,1724652070,广西,0,1,0,3454208867,answer,9a7952048bf9446e77ab1e6d80dac1b3,https://www.zhihu.com/people/dayyito,dayyito,https://pic1.zhimg.com/v2-1abe7b115ea0ab9e5dfe334d5a1fef38_l.jpg?source=06d4cd63,1770834045671
10845569723,0,你还没离婚吗？婚内财产算清楚,1712315541,河南,0,1,0,3454208867,answer,1a4098b74207f8d24447e819b86de0ef,https://www.zhihu.com/people/xiong-bei-bei-88-59,诺诺,https://pic1.zhimg.com/v2-2d1df3513bc39068d247a44f5173c2ef_l.jpg?source=06d4cd63,1770834045673
10845626696,0,赶紧跑啊，这种人太可怕了,1712317732,山东,0,2,0,3454208867,answer,7f98b64f75e3840109a3eb2c225fb0da,https://www.zhihu.com/people/tao-yu-fang-1,知乎用户df1Hsg,https://picx.zhimg.com/v2-abed1a8c04700ba7d72b45195223e0ff_l.jpg?source=06d4cd63,1770834045676
11134934991,0,很多年前的事，我有个邻居，大龄剩男，相亲谈了个女孩，俩人聊的还可以，但是一到月末这个男的就消失了，因为他的电话套餐语音分钟数没了，那个年代也没有智能手机，就靠发短信和打电话联系，他就不和女孩打电话了，等下个月有分钟数了再打，然后就黄了，现在还单着呢,1742371017,山西,1,2,0,3454208867,answer,15de694e96857f62b46318ee312af898,https://www.zhihu.com/people/wang-yuan-yuan-22-62,采蘑菇的小红帽,https://pic1.zhimg.com/v2-a3c948b5382575517ee214d3c3a71f15_l.jpg?source=06d4cd63,1770834045678
11134335145,0,对情人不大方人家怎么会跟他呢，结了婚也一样,1742297219,河南,1,2,0,3454208867,answer,13dc3a166f04acaca22d5e9bfebb9341,https://www.zhihu.com/people/ying-xue-38-92,听雨,https://picx.zhimg.com/v2-e6474b500cd7526f3f0a0a706c309de3_l.jpg?source=06d4cd63,1770834045682
11125158980,0,所以我很理解这种男人，因为我老公就是，有一天我不做饭出去吃，和孩子三个人吃了四十块钱，暴跳如雷，摔摔打打，那天去南京，路上还顺带了两个人，我好意切点柠檬片放在车上还被骂。后来，他为前女友，跟我要钱说同学聚会，要两千，说不让女生用钱，我没钱，让把孩子压岁钱给他，那个时候，他没觉得不合理。你信吗？没有人是傻子，爱不爱的感觉得到。,1741148964,江苏,0,2,0,3454208867,answer,9ff2a667b3438b34f36763c59aa5dbab,https://www.zhihu.com/people/xiao-wan-zi-24-27-24,小丸子,https://pica.zhimg.com/v2-45c1255fd222b41e88b69c593f8838bf_l.jpg?source=06d4cd63,1770834045684
11045463121,0,这不就跟蜗居一样嘛，宋思明老婆要买的家具，宋舍不得买，等海藻就什么都买最好的，海藻要买宜家的，宋思明都不让，全部买高级货。,1732007827,广东,1,2,0,3454208867,answer,d4a476ed496d10678e56191a28f0202c,https://www.zhihu.com/people/xiang-yu-zi-shu-nai-xi,香芋紫薯奶昔,https://pica.zhimg.com/v2-67f991484b2309c41ae5635f66ee28d7_l.jpg?source=06d4cd63,1770834045687
10926151958,0,简直在演我前夫，婚前表现的特别好，生完孩子就变这样了,1720320619,湖南,1,2,0,3454208867,answer,fba2d241573f90fe4ac471fdb3aa852d,https://www.zhihu.com/people/nan-fang-gu-niang-25-17,花自青,https://picx.zhimg.com/v2-a44b23f0ccf6f078dbe8cc26208783c2_l.jpg?source=06d4cd63,1770834045690
10845514502,0,姐妹！就算离婚了也要把他花给三的钱拿一半回来！离成了说一声，我在广东给你放鞭炮，让这种垃圾男人和三白头偕老去[生气][生气][生气],1712324176,广东,1,2,0,3454208867,answer,68bb37c319050d09929d016cffa897f4,https://www.zhihu.com/people/luo-xiao-hei-de-chan-shi-guan,是谁的心呀,https://pica.zhimg.com/v2-ef40515b0e8811934484021289b08ca8_l.jpg?source=06d4cd63,1770834045692
10846718827,0,所以这个男的到底是节俭还是大方？他现在的所作所为是因为要包装自己钓三姐吗？他之前的作为，客气不买水，渔网流苏裤衩，快剪狗啃头，阳春寡水面这些来看，不像是肯为了三花钱的啊，除非是他迫切想钓到三吃上软饭。我很怀疑这种人是不是真有能力钓到年轻富婆而从此大方慷慨，大概率还是要被踹的。,1712461582,江苏,1,1,0,3454208867,answer,e376c64eee692fe4aeaa40f2de4008b4,https://www.zhihu.com/people/qqlover-35,qqlover,https://picx.zhimg.com/v2-abed1a8c04700ba7d72b45195223e0ff_l.jpg?source=06d4cd63,1770834045695
10851801821,0,奇葩一朵，在被荷尔蒙冲昏头脑时居然会反向操作[捂嘴],1712908095,江苏,0,1,0,3454208867,answer,77e3649c531c6415c5e9ffe971c28c60,https://www.zhihu.com/people/chen-min-hua-42,陈敏华,https://pic1.zhimg.com/v2-abed1a8c04700ba7d72b45195223e0ff_l.jpg?source=06d4cd63,1770834048174
10846547103,0,既然是这样，就赶紧离婚，让他把情人变成老婆。,1712395356,河北,0,1,0,3454208867,answer,0b57c88075a18642d0e1aaf073bde0b0,https://www.zhihu.com/people/wu-zhong-feng-ying,雾中风影,https://pica.zhimg.com/v2-abed1a8c04700ba7d72b45195223e0ff_l.jpg?source=06d4cd63,1770834048177
11072754482,0,他去宾馆前买新内裤了吗[doge][捂脸],1735079814,英国,0,1,0,3454208867,answer,a8c5d129d45831df2165edabe4608b6e,https://www.zhihu.com/people/123-3-8-30-53,零级一度,https://picx.zhimg.com/v2-c0c7932a72fad1443243282821ad7713_l.jpg?source=06d4cd63,1770834048179
11069855262,0,唉——过去就过去了吧，这样也好。记得以后好好过日子，别管别人，把自己的日子过好就行了。好好爱自己，爱自己的女儿。记住，她身上也有你的一半。好好爱她。,1734752491,江苏,1,1,0,3454208867,answer,9aaeefa22351d7d1b501e8b6dcc95f58,https://www.zhihu.com/people/xi-ling-xue-1,西岭雪,https://pica.zhimg.com/v2-abed1a8c04700ba7d72b45195223e0ff_l.jpg?source=06d4cd63,1770834048182
10848403754,0,其实，你也不用一直自责自己眼瞎什么的了，人到中年应该已经明白“一切皆是命，半点不由人”。只能说命里要靠这个渣男来提升自己的境界，祝福余生过得如鱼得水，加油吧！[红心],1712647080,菲律宾,0,1,0,3454208867,answer,7c37da4875fcdfdc5904508bdc546a53,https://www.zhihu.com/people/25-16-64-49,藏太极,https://picx.zhimg.com/v2-671c5dd1fbd245dcd73ba2d3d1f2400e_l.jpg?source=06d4cd63,1770834048184
11137001825,0,所以他出门会情人之前得换个内裤吧？这也太容易暴露了,1742618631,辽宁,1,1,0,3454208867,answer,f309594402b728fdf5888dbca55897d5,https://www.zhihu.com/people/mu-mu-ma-ma-20,幕幕妈妈,https://picx.zhimg.com/v2-abed1a8c04700ba7d72b45195223e0ff_l.jpg?source=06d4cd63,1770834048187
10846167506,0,这种货色居然还让他先提离婚[捂脸],1712387467,广西,1,1,0,3454208867,answer,3d6befd9f843cb3b729ac61fca3a8e07,https://www.zhihu.com/people/gu-qia-gu-qia-30,古卡古卡,https://pic1.zhimg.com/v2-abed1a8c04700ba7d72b45195223e0ff_l.jpg?source=06d4cd63,1770834048189
10845305490,0,你前夫是摩羯还是金牛？,1712302584,辽宁,1,1,0,3454208867,answer,19ac8193c2bc357f76df4d32e6b467e3,https://www.zhihu.com/people/layson-liu,卡地亚,https://pic1.zhimg.com/v2-abed1a8c04700ba7d72b45195223e0ff_l.jpg?source=06d4cd63,1770834048192
10845803383,0,看了就感觉恶心，这种会有报应的,1712322946,江苏,1,8,0,3454208867,answer,468c5367714c47451c5ecd27ee73cbc8,https://www.zhihu.com/people/cang-er-40-35,知乎用户fx5637,https://picx.zhimg.com/v2-991df816bbd3bbaadc8957697aa02103_l.jpg?source=06d4cd63,1770834048195
11134103736,0,有点离谱,1742217494,辽宁,0,0,0,3454208867,answer,bb403044b8a6b2f54cb51cfe31e8ddc1,https://www.zhihu.com/people/bai-tan-di-ji-qu-wei-de-ren,摆脱低级趣味的人,https://pica.zhimg.com/v2-b51d2c21541b98d9080c250a985676b4_l.jpg?source=06d4cd63,1770834048198
11275689375,0,剪头发，不节俭啊，要买个推子让老婆推，理发的钱也省下来了。,1756631213,浙江,0,0,0,3454208867,answer,a0c2a759e08472bcaa53ec482a029524,https://www.zhihu.com/people/27-89-61-66-87,期待奇迹再现,https://picx.zhimg.com/v2-802e636f5e87202f68368d866c3dcd61_l.jpg?source=06d4cd63,1770834050600
11173272547,0,你前夫是你的案底，想不通怎么跟这么抠的男人结婚，离谱,1746798351,上海,1,0,0,3454208867,answer,283a13af1caf634127718dbbb10635cf,https://www.zhihu.com/people/wu-fei-43-37,健康快乐的大富婆,https://pic1.zhimg.com/v2-abed1a8c04700ba7d72b45195223e0ff_l.jpg?source=06d4cd63,1770834050603
11156303619,0,你是因为没有钱才不敢提出离婚吗？,1744854712,北京,0,0,0,3454208867,answer,8e44ed575a6a97f3d355a3e669f6c1c1,https://www.zhihu.com/people/maydoying,鸢什么怨,https://picx.zhimg.com/v2-abed1a8c04700ba7d72b45195223e0ff_l.jpg?source=06d4cd63,1770834050605
11142357078,0,我有个问题和小三结婚后会不会也像现在这么扣,1743219087,江苏,1,0,0,3454208867,answer,0df5e58defe29ba25047ed21d99b50c1,https://www.zhihu.com/people/sui-bian-kan-kan-10-66,随便看看,https://pica.zhimg.com/v2-abed1a8c04700ba7d72b45195223e0ff_l.jpg?source=06d4cd63,1770834050608
10845632426,0,你看上他啥了,1712330981,广东,1,0,0,3454208867,answer,c221b326a1f989eb6642e4d52d3f89d3,https://www.zhihu.com/people/lady-cat-79,Mamc,https://picx.zhimg.com/v2-24add0c056d70f4753d532ee48149e5b_l.jpg?source=06d4cd63,1770834050611
11138332539,0,他离婚你都的谢谢他,1742733638,河南,1,0,0,3454208867,answer,ddd8311567da0c6ff7738594edcd6b83,https://www.zhihu.com/people/qing-tian-12-90-6,晴天,https://picx.zhimg.com/v2-7e08195998269b1b98aaed91c1825b36_l.jpg?source=06d4cd63,1770834050614
10845762998,0,这种人，你居然让他提离婚？你为啥不先提呢，太 e心人了，好好开始你的新生活吧！,1712385648,北京,1,0,0,3454208867,answer,d578383bad75b716b235c28b17ce1b8b,https://www.zhihu.com/people/di-qia-pi-li,迪卡皮里,https://picx.zhimg.com/v2-abed1a8c04700ba7d72b45195223e0ff_l.jpg?source=06d4cd63,1770834050616
11137016703,0,让人恶心！,1742559835,北京,0,0,0,3454208867,answer,86913d032563c580252177117bd87bd7,https://www.zhihu.com/people/liu-man-tao,木乃伊七号,https://pic1.zhimg.com/v2-abed1a8c04700ba7d72b45195223e0ff_l.jpg?source=06d4cd63,1770834050619
10845796160,0,这个垃圾玩意[飙泪笑],1712387651,黑龙江,0,0,0,3454208867,answer,572c1030a39daac82270a078f49fcccf,https://www.zhihu.com/people/xiao-dong-xi-92,小东西,https://pica.zhimg.com/v2-5c238490bc3eaf9491cb73335efbb5c6_l.jpg?source=06d4cd63,1770834050621
11135483046,0,就这[惊喜]还有情人[惊喜],1742372073,四川,1,0,0,3454208867,answer,e72230428ba835ed413237bc5502975c,https://www.zhihu.com/people/n-18-50-37,知乎用户N,https://picx.zhimg.com/v2-74f57d196da40b273c7f5de3aaf5f10d_l.jpg?source=06d4cd63,1770834050623
11135475011,0,你也是一个奇葩，和这种人居然还能过，还是对方提出的离婚,1742443573,黑龙江,0,0,0,3454208867,answer,9efe7262e7cb76d5f0b756479f8c2a74,https://www.zhihu.com/people/ai-sheng-huo-de-xiao-xiao-dou,爱生活的小小豆,https://pic1.zhimg.com/v2-babd825e154151e6c46e6d350d8d97d6_l.jpg?source=06d4cd63,1770834053074
11135172040,0,为什么我们这种大方努力顾家的人会打光棍[大哭],1742389861,广东,1,0,0,3454208867,answer,7245da92a6f34a550ba925be0b882d39,https://www.zhihu.com/people/huo-shu-yin-hua-da-si-ming,大司命,https://picx.zhimg.com/v2-36044c916c7127b4d5c281cd9dbbb5a0_l.jpg?source=06d4cd63,1770834053078
11134995705,0,不离等啥[发呆],1742374904,广东,0,0,0,3454208867,answer,4b13155e14cd8ee4fec21ed50d3bc8d6,https://www.zhihu.com/people/mu-xi-39-95,九月,https://picx.zhimg.com/v2-3db2be326c954f2872402cceb58b856f_l.jpg?source=06d4cd63,1770834053080
10845821211,0,把钱弄回来，随便他蹦，这种垃圾会有人收拾他,1712376766,重庆,2,0,0,3454208867,answer,58dde35b5ebcf364f37ea89015c9b33a,https://www.zhihu.com/people/dan-dan-de-feng-12-72,思无邪,https://picx.zhimg.com/v2-abed1a8c04700ba7d72b45195223e0ff_l.jpg?source=06d4cd63,1770834053083
11134708443,0,牛逼白嫖了个媳妇[思考],1742299781,上海,0,0,0,3454208867,answer,3b420a64bba593610b75288b3fe58e08,https://www.zhihu.com/people/yanxin-12,已退出我呼,https://pic1.zhimg.com/v2-299045719613d0654d47b1af0ef79eed_l.jpg?source=06d4cd63,1770834053090
10845850234,0,及时止损也好。他可能颜值高。可能有份稳定工作。可能有房。可能。。仅仅是脸皮厚嘴巴甜。又恰好遇见你。无论什么原因。当男女友没问题。可结婚了。人品就是重中之重了。旧的不去。新的不来。,1712382523,北京,9,0,0,3454208867,answer,3a495aeb83489264e4febc42ef3b4428,https://www.zhihu.com/people/liu-shui-19-62,暮色深沉,https://pic1.zhimg.com/v2-e8a41475536e46764f7c17ee288ff97f_l.jpg?source=06d4cd63,1770834053093
11133830003,0,这种人居然能找到雌性媾和，还能留有后代，不可思议，不可理解，到底是一个什么样的人会和这种人同床共枕，看着流苏的内裤，是催情吗？,1742192260,黑龙江,0,0,0,3454208867,answer,55e50dc75eb6208783ae012ca88eec68,https://www.zhihu.com/people/niu-zhuai-zhuai-de-xiao-dong-bei-82,牛拽拽的小东北,https://picx.zhimg.com/v2-f899e11e3f710081cae1038574690e53_l.jpg?source=06d4cd63,1770834053095
11133703696,0,[捂脸]离谱的是离婚竟然是男方提的，而且原因是出轨,1742222087,广东,0,0,0,3454208867,answer,564e570f531eead91e342ade4bf2e056,https://www.zhihu.com/people/tao-zi-50-3-48,桃子,https://pic1.zhimg.com/v2-abed1a8c04700ba7d72b45195223e0ff_l.jpg?source=06d4cd63,1770834053098
10927488549,0,一物降一物,1720416998,辽宁,0,0,0,3454208867,answer,5eda6b28c2599044a101d8a1a60fac20,https://www.zhihu.com/people/dong-xiao-xi-38-44,董小西,https://picx.zhimg.com/v2-abed1a8c04700ba7d72b45195223e0ff_l.jpg?source=06d4cd63,1770834053100
10925885778,0,渣男！,1720305915,湖北,0,0,0,3454208867,answer,cd25042c994fdabc51a384f13e5b0d39,https://www.zhihu.com/people/xie-zi-12-66-13,叶子,https://pic1.zhimg.com/v2-364506aa41e7ed3f74f9d3d51f56b4f7_l.jpg?source=06d4cd63,1770834053103
10925178227,0,天啊，他是人类吗？,1720173285,广东,0,0,0,3454208867,answer,19edf7cde9c41da407f91c1eef758b2b,https://www.zhihu.com/people/wo-shi-yi-pian-yun-39-64,我是一片云,https://picx.zhimg.com/v2-9091f961747fa82b3d54553c3bb7909e_l.jpg?source=06d4cd63,1770834055546
10921495027,0,渣男。,1719839250,江苏,0,0,0,3454208867,answer,1ebf589d147825cb9f574c0a110fcd65,https://www.zhihu.com/people/ping-an-7-92-37,平安燕说法,https://picx.zhimg.com/v2-344b92c70b753fc0dc86ee46f4f28dbb_l.jpg?source=06d4cd63,1770834055550
10920117831,0,垃圾男人,1719720800,江西,0,0,0,3454208867,answer,f95cfe6bdb701f50af558652c6478dfa,https://www.zhihu.com/people/wei-xin-yong-hu-98-96-88-80,微信用户,https://pic1.zhimg.com/v2-4dd141e4eb0ed54f53701e1cfbe1159d_l.jpg?source=06d4cd63,1770834055553
10916574006,0,真的有如此割裂的人存在吗,1719386330,山东,0,0,0,3454208867,answer,2e102b85e3c345f5fe6747caf2a9f0f2,https://www.zhihu.com/people/jun-gu-niang-54,一颗大橙子,https://pica.zhimg.com/v2-abed1a8c04700ba7d72b45195223e0ff_l.jpg?source=06d4cd63,1770834055556
10910406739,0,看的我都气死了，建议让他净身出户，想办法整死他,1718855844,四川,0,0,0,3454208867,answer,15cee3aee7bc3993f691b037b1e79559,https://www.zhihu.com/people/yang-yang-yang-39-66-38,云淡风轻,https://pic1.zhimg.com/v2-b4ce939f949f0cbf2fdfb2fcd965f8f3_l.jpg?source=06d4cd63,1770834055559
10877879103,0,怎么好像在看我的ex!简直一模一样了。从不愿意旅游，不愿意去好一点的饭店吃饭，不舍得看电影，不舍得打车，不舍得买好一点的水果……你前夫是毛巾用成了条，ex用成了黏糊糊的一坨。我用自己的钱给孩子买好东西，他还会说太贵太浪费了。结果转头，他抽空就打车赶高铁去找三，求着三接受转账，借网贷也在所不惜。他们应该是一样的心理疾病。,1715607912,安徽,1,0,0,3454208867,answer,666d6d06f7c07a7eeb645ddf7328f2a9,https://www.zhihu.com/people/seekandhide,castaway,https://picx.zhimg.com/v2-476ec7f8dd164d9815cbf82a8f087017_l.jpg?source=06d4cd63,1770834055561
10867486601,0,[白眼]这样的人还能有老婆孩子,1714473090,广东,0,0,0,3454208867,answer,f5348cc8e422c48ae967f3ce3a4f77eb,https://www.zhihu.com/people/yu-jie-liang-75,梦韶光,https://picx.zhimg.com/v2-111ae59b321dcd6315f5d82de86da01b_l.jpg?source=06d4cd63,1770834055563
10863832569,0,这么抠门的都要留到发现出轨才离婚？,1714123400,江苏,0,0,0,3454208867,answer,8d0bf085c0f9b2d42aebf6375b0bd23d,https://www.zhihu.com/people/lynntong-20,Lynn通,https://picx.zhimg.com/v2-abed1a8c04700ba7d72b45195223e0ff_l.jpg?source=06d4cd63,1770834055566
10862994142,0,你在他眼里。从来都不是人,1714043318,广东,1,0,0,3454208867,answer,d383d96e94579c99eba65a0554f17a49,https://www.zhihu.com/people/fox-56-79,fox星,https://picx.zhimg.com/v2-10b20470e80a6274affe25aeba407dce_l.jpg?source=06d4cd63,1770834055569
10857961157,0,这种人居然还能有老婆有后代！不是老天瞎就是你瞎！气死了😡,1713538280,海南,2,0,0,3454208867,answer,ef9960f10d821da25f9f2c6a7a31a075,https://www.zhihu.com/people/li-yi-42-33-58,lisbyugyugdusb,https://picx.zhimg.com/v2-abed1a8c04700ba7d72b45195223e0ff_l.jpg?source=06d4cd63,1770834055572
10857746032,0,我相亲遇到这种男人，说当他老婆怕我不能和他一起吃苦，说前女友们过生日买不起礼物等等，每天吵架不让一下，立马删了。,1713522582,广东,4,0,0,3454208867,answer,acb33711716333d04571f6be98398dd7,https://www.zhihu.com/people/mewo-96,D.wong,https://picx.zhimg.com/a054d0d2cbd13dd7b5bd5a086f373b18_l.jpg?source=06d4cd63,1770834057988
11276214065,0,离了好，你太压抑了。,1756631450,浙江,0,0,0,3454208867,answer,a0c2a759e08472bcaa53ec482a029524,https://www.zhihu.com/people/27-89-61-66-87,期待奇迹再现,https://pica.zhimg.com/v2-802e636f5e87202f68368d866c3dcd61_l.jpg?source=06d4cd63,1770834057991
10850749384,0,看来是遇到了真爱[惊喜][惊喜][惊喜],1712809744,福建,1,0,0,3454208867,answer,98295f48921ffb4f1d8198e8a8dadbe0,https://www.zhihu.com/people/li-sao-4,离骚,https://pic1.zhimg.com/v2-abed1a8c04700ba7d72b45195223e0ff_l.jpg?source=06d4cd63,1770834057994
10850642465,0,我真的特好奇，他和老婆是有什么深仇大恨吗？省钱去和别人快活，老话说爱屋及乌，不爱孩子肯定也是不爱老婆，，，真。。。。离谱,1712819699,山东,1,0,0,3454208867,answer,0d16b7b1700e37aceb9a89c0ca5dc7a8,https://www.zhihu.com/people/jiang-jiang-jiang-jiang-a-44,姜姜姜姜阿,https://picx.zhimg.com/v2-a18c7027ee7c0518bd818634be47b6e4_l.jpg?source=06d4cd63,1770834057997
10850601263,0,冒昧问一下，您和您前夫，是认识了多久结婚的？,1712799196,河北,3,0,0,3454208867,answer,fd0a10d71ca977cb4d78c5d5e340fd39,https://www.zhihu.com/people/ou-yang-xi-91-85,意大利香肠和蘑菇,https://picx.zhimg.com/v2-abed1a8c04700ba7d72b45195223e0ff_l.jpg?source=06d4cd63,1770834058000
10850283295,0,[流泪][流泪][流泪][流泪],1712799912,陕西,0,0,0,3454208867,answer,32b38ed05c763bd6f11637ea0fb55d32,https://www.zhihu.com/people/miao-miao-xi-yu-huai-20,渺渺兮予怀,https://picx.zhimg.com/v2-8da074bafae69f4750cc803c610e1bbb_l.jpg?source=06d4cd63,1770834058003
10849882282,0,跟这人相处一分钟都窒息，快让他跟情人走吧，让情人后来也感受感受[拜托][拜托][拜托],1712729226,天津,1,0,0,3454208867,answer,223816d8587846ae5c6c71ef68961602,https://www.zhihu.com/people/58-78-65-60,一页扁舟,https://picx.zhimg.com/v2-25ac7c0d6225fc37e7f4419d75895b22_l.jpg?source=06d4cd63,1770834058005
10849252342,0,你是怎么相中他的[捂脸],1712666913,河南,3,0,0,3454208867,answer,0c73afe0cf99099a1f91711cf51a618a,https://www.zhihu.com/people/li-teng-fei-45-98,我对钱不感兴趣,https://pic1.zhimg.com/v2-abed1a8c04700ba7d72b45195223e0ff_l.jpg?source=06d4cd63,1770834058008
10849187986,0,多这种垃圾，作为过错方，居然没有惩罚,1712653946,四川,0,0,0,3454208867,answer,63aaa57e14198702c743154c9913dc4a,https://www.zhihu.com/people/wang-yu-84-87,momo,https://picx.zhimg.com/v2-abed1a8c04700ba7d72b45195223e0ff_l.jpg?source=06d4cd63,1770834058010
10848855486,0,大开眼界涨见识了，又气又好笑，奇葩奇葩哈哈哈,1712679962,福建,0,0,0,3454208867,answer,3ba5e75c363ce43dc4e1e7a553ed5384,https://www.zhihu.com/people/bai-mo-gu-hong-mo-gu,红掌拨轻薄,https://pica.zhimg.com/v2-acdf57550f375481513b28f0aa94eb0c_l.jpg?source=06d4cd63,1770834058013
10848774589,0,天呐，你竟然留到他出轨还被离婚，你咋想的呀。。。,1712633401,上海,1,0,0,3454208867,answer,02cf905702176450c360d30c34276368,https://www.zhihu.com/people/yimi-77-79,yimi,https://pica.zhimg.com/v2-abed1a8c04700ba7d72b45195223e0ff_l.jpg?source=06d4cd63,1770834060420
10848552170,0,这真的假的[捂脸]这真的不是在编故事吗,1712652665,北京,1,0,0,3454208867,answer,c961baac85cc8e5826a887bebb067f4c,https://www.zhihu.com/people/aichi-49-19,Aichi,https://picx.zhimg.com/v2-abed1a8c04700ba7d72b45195223e0ff_l.jpg?source=06d4cd63,1770834060423
10848551489,0,这样的人还是他提离婚[捂脸],1712651584,四川,1,0,0,3454208867,answer,94d20e2fd78e908d5d921d2714eba511,https://www.zhihu.com/people/123-77-48-36,123,https://pic1.zhimg.com/v2-946b80e79c90ec76b7e4188abff093bc_l.jpg?source=06d4cd63,1770834060426
10847221069,0,惊掉我下巴的是，提离婚的居然不是答主。他有很好的优点吗。,1712491936,四川,2,0,0,3454208867,answer,3137f5fdf5df6c10090c7bf28317a6e9,https://www.zhihu.com/people/wu-shi-sheng-fei-68-79,无事生非,https://pica.zhimg.com/v2-abed1a8c04700ba7d72b45195223e0ff_l.jpg?source=06d4cd63,1770834060428
10846608888,0,见鬼了真的是，你也别难受,1712401958,江苏,1,0,0,3454208867,answer,535e2c1d816d918a789773b0493ef81b,https://www.zhihu.com/people/li-hua-dong-yang-xiang,小小小小的火,https://picx.zhimg.com/v2-65aa58c950fe7c1e6af47e49c011f3c9_l.jpg?source=06d4cd63,1770834060431
10846586087,0,这种男的你也要和他结婚？,1712413650,四川,1,0,0,3454208867,answer,c69571dd56b13a37f72ed468744d12c9,https://www.zhihu.com/people/dddd-67-25,dddd,https://picx.zhimg.com/v2-2a2d838e575d1aa92531c5196c04213e_l.jpg?source=06d4cd63,1770834060435
10846291850,0,后来呢？他死了没,1712399999,陕西,0,0,0,3454208867,answer,9d96f705a59a7b85278dc6c481c63d7c,https://www.zhihu.com/people/huang-jia-xi-1,狐八一,https://pic1.zhimg.com/v2-8a6e7b2b63cb211f9c7494005ddd98c5_l.jpg?source=06d4cd63,1770834060437
10846286606,0,所以婚前他也这样[好奇],1712388737,江苏,1,0,0,3454208867,answer,8a69ba280c0a96311d3de591629f88c4,https://www.zhihu.com/people/bai-jia-hei-47,宅喵不肥,https://picx.zhimg.com/v2-9af15c9d2625dcd838237cde312c1df7_l.jpg?source=06d4cd63,1770834060439
10846279633,0,还不赶紧跑，留着干嘛，查财产，分他钱,1712374331,天津,0,0,0,3454208867,answer,49778a63bace3049d2080486f0ce9889,https://www.zhihu.com/people/xiao-xian-nu-57-8-59,小仙女,https://picx.zhimg.com/v2-9e182de0a74f988946dc6a5bcd1d4119_l.jpg?source=06d4cd63,1770834060441
10846264830,0,渣男！孩子跟着倒霉！,1712409351,湖北,0,0,0,3454208867,answer,157cfc76a93901f61e56b522a00f2987,https://www.zhihu.com/people/74-52-63-15,晨钟暮鼓,https://picx.zhimg.com/v2-83cade58992c556571f14627045089a6_l.jpg?source=06d4cd63,1770834060443
10846259541,0,呕～好恶心,1712396952,安徽,0,0,0,3454208867,answer,fa1d7b0cdad715a63a046437aceaefa6,https://www.zhihu.com/people/wei-wei-67-10-28-30,微微,https://pic1.zhimg.com/v2-abed1a8c04700ba7d72b45195223e0ff_l.jpg?source=06d4cd63,1770834062876
10846110594,0,你没有工资吗？是家庭主妇？,1712389182,广西,7,0,0,3454208867,answer,5f323c704b2adf8e827f1d6346f87dab,https://www.zhihu.com/people/ning-meng-98-37,嫦娥仙子,https://picx.zhimg.com/v2-ecc93fa79ad9f66fd4aa09e613c6d41a_l.jpg?source=06d4cd63,1770834062879
10845934496,0,这什么人渣让你捡到了,1712380924,浙江,1,0,0,3454208867,answer,438244421b8586a167cde2524c333f7c,https://www.zhihu.com/people/candy-91-21,过半,https://pica.zhimg.com/v2-df8b4468724cbcd70c6d6e01d2cadad4_l.jpg?source=06d4cd63,1770834062882
10845918819,0,河南老乡我来了，我在苏州向你问好  查看图片,1712325983,江苏,3,0,0,3454208867,answer,13a2ae23e95601c69a4cf2e57a830800,https://www.zhihu.com/people/ling-dian-zhuan-fang,零点风云,https://picx.zhimg.com/v2-16f76de17fe347e73bbf73a4ddf99de8_l.jpg?source=06d4cd63,1770834062885
10845903628,0,这种极品怎配有老婆孩子，等他和三姐花完全部积蓄就孤独终老吧,1712373773,湖南,4,0,0,3454208867,answer,e0cbbfe00f93f7d6e858864c4785ce6c,https://www.zhihu.com/people/luo-xie-55-60-23,白小白不白,https://picx.zhimg.com/v2-14fbe79a8febbb31b8f9318ac38d3547_l.jpg?source=06d4cd63,1770834062887
10845876190,0,说实话你也是挺能忍的，这种垃圾你能一起生活这么久你也是个人才[飙泪笑],1712373966,马来西亚,1,0,0,3454208867,answer,3a5fc3188dce27b84da6d8e42dd7c463,https://www.zhihu.com/people/ng-ng-86-85-36,哦摩西,https://picx.zhimg.com/v2-7a5287021037066398822e8ea46c0263_l.jpg?source=06d4cd63,1770834062890
10845872190,0,我真好奇他的情人是个什么样的人,1712366734,江苏,4,0,0,3454208867,answer,9c6e48284bb8ea2dbb51d37f0c5b0b36,https://www.zhihu.com/people/xiao-hua-5-54,滴滴滴,https://picx.zhimg.com/v2-abed1a8c04700ba7d72b45195223e0ff_l.jpg?source=06d4cd63,1770834062893
10845855966,0,还好是前夫了,1712395284,河北,0,0,0,3454208867,answer,0546ba9f704095667108e34a47066544,https://www.zhihu.com/people/ou-yu-kong-bai,偶遇空白,https://picx.zhimg.com/v2-2f99c8ac1437bcc39079971886535529_l.jpg?source=06d4cd63,1770834062896
11135870762,0,玩知乎这么久 我发现很多奇葩男的都有一个特别能忍的老婆[捂脸]我老公打鼾 我一晚上可以往死里踹他 这么奇葩一件件的你们咋忍的,1742407238,湖北,1,0,0,3454208867,answer,0c0b762ebd7a192e00c025096c375f2d,https://www.zhihu.com/people/mao-mao-4-38-26,暴走飞飞侠,https://picx.zhimg.com/v2-b441a1362362bb95c228ebf299e17e9d_l.jpg?source=06d4cd63,1770834062898
11209891043,0,讨厌穷抠男，我前男友就是这种，恋爱期间就转过我三百块红包，后面受不了他这算计劲把他甩了他还要回来，上一秒宝宝我爱你我不许你离开我！下一秒秒收我转过去的红包（我送他的礼物没要过来做不到他这种穷酸），还没结婚呢就打听彩礼还惦记我爸的房子还想让我和他一起挣钱买房，我要跟他结婚简直是脑子进水了去扶贫,1750527765,海南,2,1,0,3454208867,answer,be3f99e111909ba2a54a48d2dcaf5b85,https://www.zhihu.com/people/47-2-93-58,陵游,https://pica.zhimg.com/v2-0091a47234652919723ff8f8c2f251d0_l.jpg?source=06d4cd63,1770834062901
11135399594,0,这个垃圾是你从哪里捡来的？,1742387685,河南,0,0,0,3454208867,answer,267e17b106b76fc667fd7703a92d8158,https://www.zhihu.com/people/ru-shi-er-yi-36,如是而已,https://pic1.zhimg.com/v2-abed1a8c04700ba7d72b45195223e0ff_l.jpg?source=06d4cd63,1770834065287
11126185796,0,拖死他 想自由 没门儿,1741265114,北京,0,0,0,3454208867,answer,e4bc8581c7ff63a64bc23c0bc1321a2c,https://www.zhihu.com/people/zhang-wen-han-42,Kapok,https://pic1.zhimg.com/v2-de28c8d3446869c0c3451103be315c34_l.jpg?source=06d4cd63,1770834065290
11011173892,0,必须锤爆他！,1728435734,江苏,0,0,0,3454208867,answer,38f53aa1a08610bc79d33dab4d8a3ad1,https://www.zhihu.com/people/wan-zi-ai-chi-rou-68,丸子爱吃肉,https://pic1.zhimg.com/v2-d08e21faef6b24aea67b3f293ae34c61_l.jpg?source=06d4cd63,1770834065293
10997149854,0,太晚了，我老早就是这个组合了,1726826470,江苏,53,1262,0,3579614407,answer,6f3f7a800e4d52282bfe1cf5e126fa87,https://www.zhihu.com/people/wang-qing-song-70-92,青草,https://pic1.zhimg.com/v2-abed1a8c04700ba7d72b45195223e0ff_l.jpg?source=06d4cd63,1770834083663
10997627705,0,我们小地方的人老早就这么操作了，家里就一部四轮，剩下人手一部电鸡,1726882202,广西,102,492,0,3579614407,answer,0ce61f04073a9751cb59a3c610884148,https://www.zhihu.com/people/gray-64-75,Gary,https://pica.zhimg.com/v2-5c5ad8643aee9a2f4f3f3f8a15172b7a_l.jpg?source=06d4cd63,1770834083667
10995992073,0,也是，买辆电车的保险费，够买两三辆雅迪了[惊喜],1726747851,广东,47,296,1,3579614407,answer,d83b9b67ce7605827de689fa36a2d3b1,https://www.zhihu.com/people/yue-dong-nuan-s,莫论,https://picx.zhimg.com/v2-abed1a8c04700ba7d72b45195223e0ff_l.jpg?source=06d4cd63,1770834083669
10994465428,0,我是油车配摩托车出行，成本比较低。,1726629200,福建,132,140,0,3579614407,answer,06333c59946bd168fe7f43ef92737d7b,https://www.zhihu.com/people/xuxi-70,一个大西瓜,https://picx.zhimg.com/v2-732bc4d83176a9b2026105fb6335b35a_l.jpg?source=06d4cd63,1770834083672
10997616028,0,电驴还有一个最大的优点，不堵车[大笑],1726910052,四川,21,178,2,3579614407,answer,23af161750b01a4b495d767ba14fd166,https://www.zhihu.com/people/zai-jian-sun-wu-kong-42-85,再见孙悟空,https://picx.zhimg.com/v2-85dba8709f093ad3f5d2a5af7c40bbed_l.jpg?source=06d4cd63,1770834083675
10997379494,0,我从22年就这样了，小电驴市区通勤吊打所有三四轮[害羞],1726899665,山东,27,109,1,3579614407,answer,20df051e7ec3b9f062ceee35f0033a70,https://www.zhihu.com/people/48-24-70-19,寒月微清,https://pica.zhimg.com/v2-22dfe7094375e34e38695123acd219db_l.jpg?source=06d4cd63,1770834083678
10997023642,0,5年前我就是这个组合了，如果按照驾驶时间来算我的电驴远超我的油车,1726884088,广东,4,88,0,3579614407,answer,0b6b6d512f8c0c461d05b5b00ab98566,https://www.zhihu.com/people/xiong-jun-95,熊军,https://picx.zhimg.com/v2-abed1a8c04700ba7d72b45195223e0ff_l.jpg?source=06d4cd63,1770834083681
10998595140,0,油车+电车+电驴，300km外油车，300内电车，2km内电驴，多层分布,1726996667,广东,18,46,0,3579614407,answer,5e7b7fe05cacc3c8caf7569782640b66,https://www.zhihu.com/people/zane-11-99,Zane,https://pica.zhimg.com/v2-9c74c212719d7160fa8a5a267c991443_l.jpg?source=06d4cd63,1770834083684
10997138416,0,我是油车+摩托车，油车老婆开多，我开摩托多,1726880563,广东,9,26,0,3579614407,answer,d0ad993d6a3fe4b9e95419c7f906302b,https://www.zhihu.com/people/he-he-he-he-53-1,momo,https://picx.zhimg.com/v2-e77b023b684a4e4b259b19b241c7645f_l.jpg?source=06d4cd63,1770834083686
10995640640,0,哈哈哈，一样的，油车+电驴[尴尬],1726736403,四川,8,25,1,3579614407,answer,2ea8264126b35f969e17f45f17690d84,https://www.zhihu.com/people/a-biao-hang,稳稳的阿L,https://pica.zhimg.com/v2-bf1cb44ea9371709b7332fbbc0a76cae_l.jpg?source=06d4cd63,1770834083689
10997495707,0,我也是，油车洗浴王，电驴本田[捂脸]。电驴能最快能50了，市区反而比油车快。主要是省停车费，上海停车太贵了。,1726903529,上海,0,16,0,3579614407,answer,cdacaa2812980359e49fcc9d918d631d,https://www.zhihu.com/people/yi-shu-si-yi-gong-zuo-shi,译述司仪工作室,https://picx.zhimg.com/v2-4f8e6f7085010e422abcdfa2d7cbd4b2_l.jpg?source=06d4cd63,1770834086118
10999398254,0,我是油车加自行车。还能锻炼身体。,1727066756,黑龙江,5,19,0,3579614407,answer,7582653a363c01bfe48173965f03404a,https://www.zhihu.com/people/liao-liao-37-99,凉了哦,https://picx.zhimg.com/v2-a48e7132b508b998b140fa2001582c45_l.jpg?source=06d4cd63,1770834086121
11001462732,0,电驴是万能组合工具，我常常电驴+油车，电驴+高铁，电驴+飞机，花样多，玩不腻,1727326306,福建,0,16,0,3579614407,answer,1236d57a7eeaf34836d1f2a20434903a,https://www.zhihu.com/people/xian-sheng-jiu-wei-lao,先生久未老,https://picx.zhimg.com/v2-abed1a8c04700ba7d72b45195223e0ff_l.jpg?source=06d4cd63,1770834086124
10997203291,0,啊？你家到今天还没电驴？我们这边普遍家里有几个人就几辆电驴,1726893803,安徽,6,12,0,3579614407,answer,1865a78d23a368f4e87fc4953cb1edab,https://www.zhihu.com/people/hai-de-ge-er-94,摩德格尔,https://pic1.zhimg.com/v2-e5025c11078de350332a4c356a87d12d_l.jpg?source=06d4cd63,1770834086126
11005081952,0,电驴唯一的缺点就是得带头盔，发型容易搞乱。,1727675040,广东,1,12,1,3579614407,answer,7e95be1cee4a3af865296c4c137ca16a,https://www.zhihu.com/people/chinkanei,莴笋麦菜我不爱,https://pic1.zhimg.com/v2-abed1a8c04700ba7d72b45195223e0ff_l.jpg?source=06d4cd63,1770834086129
10998112506,0,油车加油驴路过……,1726929082,北京,3,9,0,3579614407,answer,a92e88750dce5900725d4f6cac1972e9,https://www.zhihu.com/people/la-sou,来去,https://pic1.zhimg.com/v2-abed1a8c04700ba7d72b45195223e0ff_l.jpg?source=06d4cd63,1770834086131
11137471381,0,油车的价值榨干才考虑换车，换什么不重要，,1742642343,江苏,3,8,0,3579614407,answer,09352cbdd821795255524bbe3a2d943c,https://www.zhihu.com/people/dong-bin-10-92,momo的义父,https://picx.zhimg.com/03b42d62450ffcb05428b958512bea22_l.jpg?source=06d4cd63,1770834086134
10996995922,0,油车+踏板摩托更方便,1726885901,福建,0,9,0,3579614407,answer,af19e343a1fd0ef2f5464ebacd46a988,https://www.zhihu.com/people/cha-chi-40-95,搽搽,https://pic1.zhimg.com/v2-abed1a8c04700ba7d72b45195223e0ff_l.jpg?source=06d4cd63,1770834086136
10997880873,0,我也是一油车一电驴，今年夏天骑着电驴到处找水钓鱼，电驴 各种乡村小路都能钻，别提有多爽了。,1726928554,湖南,2,5,0,3579614407,answer,47ea2bf3e4a7e39352ff00501d33205d,https://www.zhihu.com/people/ban-xia-53-85,干饭人,https://picx.zhimg.com/v2-99bc80ee6d47b3394c36b689d570d024_l.jpg?source=06d4cd63,1770834086138
10999324976,0,油车+踏板，15公里以内踏板无敌,1727093836,上海,0,7,0,3579614407,answer,f8d6f5bc1087fb84b50e1c0743cdeed9,https://www.zhihu.com/people/zhou-zhou-zhou-67-49,NimaZ,https://picx.zhimg.com/v2-87e3d0e4f1391a48eb50b64f0682e603_l.jpg?source=06d4cd63,1770834086140
10998328818,0,我在重庆，上下班踏板摩托，偶尔走远点办事就开油车，放长点的假回老家区县地势平坦就是爱玛打主力，真香……,1726978743,重庆,0,6,0,3579614407,answer,59912e6412c2d3dd5aea58cf1d268552,https://www.zhihu.com/people/xing-yue-wang-zi-67,星月王子,https://picx.zhimg.com/v2-abed1a8c04700ba7d72b45195223e0ff_l.jpg?source=06d4cd63,1770834088601
11107535743,0,哈哈，我们全城的私家车基本上都这么干！十公里以内没有比“电鸡”更香的[捂脸],1739170598,广东,1,4,0,3579614407,answer,cb97aae262f367246588d841909e8f02,https://www.zhihu.com/people/ai-ni-wan-wan-46,瑷妮绾绾,https://pic1.zhimg.com/v2-b0239bc4f6f33b385ea99d914623a690_l.jpg?source=06d4cd63,1770834088603
11073943590,0,现在买车是最不划算的。那些几十万买车的就算了。你十万块买个代步车，心里想着别人有你也有，结果保养，车位，保险哪哪都是钱，真是食之无味，弃之可惜。,1735235600,湖北,0,3,0,3579614407,answer,9a42bc593bafb4b46fe739c524c092f1,https://www.zhihu.com/people/liu-yang-66-88,黑猫警长,https://pic1.zhimg.com/v2-3eae48f800d18865f05f7b96b6e8bdd8_l.jpg?source=06d4cd63,1770834088606
11158665199,0,我是爱玛+台铃双持的资深电动车用户[害羞]晚上四轮的出去玩停个车都没半条命啊[捂脸],1745158542,广东,0,4,0,3579614407,answer,05f9d749b667b785b0b4e22e17169fcd,https://www.zhihu.com/people/terry-74-15,terry,https://picx.zhimg.com/v2-abed1a8c04700ba7d72b45195223e0ff_l.jpg?source=06d4cd63,1770834088608
10997416565,0,我家是一辆油车，然后剩下全是自行车[飙泪笑][飙泪笑]通勤，出远门，天气不好开车,1726919999,吉林,0,4,0,3579614407,answer,4c34fb53f1539d9f7d3114d19cc23d81,https://www.zhihu.com/people/bi-yan-hu-xi,闭眼呼吸,https://pic1.zhimg.com/e461ca67387a883e4c883a6e2889410f_l.jpg?source=06d4cd63,1770834088611
10998333019,0,市区电驴加地铁，油车去偏远的地方玩开,1726987576,浙江,0,4,0,3579614407,answer,aaa72f084cdf490240f12474248345bd,https://www.zhihu.com/people/james-55-26-72,青木,https://picx.zhimg.com/v2-abed1a8c04700ba7d72b45195223e0ff_l.jpg?source=06d4cd63,1770834088613
11115337340,0,电驴也是新能源啊，不能因为它便宜就歧视吧[doge],1740045539,广东,0,4,0,3579614407,answer,b69a817922cb3e1c472ef15dde43f39d,https://www.zhihu.com/people/ding-yi-94-64,丁一,https://picx.zhimg.com/v2-abed1a8c04700ba7d72b45195223e0ff_l.jpg?source=06d4cd63,1770834088615
11046732924,0,我原先也这么干的，有一天骑车被撞倒在路中间差点被几辆车碾过，后来就尽量不骑车了，这种事遇到就是100%，开车相对安全得多,1732176667,四川,2,4,0,3579614407,answer,7db3230c6ae0e3ac8a1e2778ff96e7c4,https://www.zhihu.com/people/michael-91-40,Michael,https://picx.zhimg.com/v2-f1be5ed24936a7311e75da3884b2bd6d_l.jpg?source=06d4cd63,1770834088618
10960447296,0,一步到位，电车直接当电驴开，周边出去玩最远的地方也就一两百公里，再远就没必要开车了，出去玩没必要跟自己过不去,1723440039,安徽,7,2,0,3579614407,answer,30a89079613093e1cef7912fcb9a0580,https://www.zhihu.com/people/pei-xue-han-22,陌初,https://picx.zhimg.com/v2-0364a4ad01fbd90f45e94535499e7887_l.jpg?source=06d4cd63,1770834088620
11115750597,0,2023年全年道路交通事故共造成8万多人死亡，其中涉及电动自行车的交通事故死亡人数占比较高。根据《中国统计年鉴2024》，2019—2023年涉及电动自行车的交通事故死亡人数年均增长率达5.85%。   尽管2024年全年数据尚未发布，但结合年均增长率推算，2024年电动自行车交通事故死亡人数可能继续呈上升趋势。例如，2024年7月广州市海珠区、深圳市龙岗区等地已发生多起电动自行车致死事故，多地数据显示电动自行车事故占比显著（如台州2024年10月电动自行车事故占比达20.9%）。   电动自行车事故致死主因是颅脑损伤（占比约78%），且中老年驾驶人死亡率较高。2024年发生的典型案例中，超速、未佩戴头盔等违法行为直接导致伤亡。,1740071876,广东,0,2,0,3579614407,answer,75fa37e4cb849d04a145b2c326f02a6a,https://www.zhihu.com/people/wen-ming-xue-zhe,文明学者,https://pica.zhimg.com/v2-52f82aaa30b48b454f588b6948ee1a3e_l.jpg?source=06d4cd63,1770834088624
10998536977,0,美得很，我的三蹦子回民街都可以去，以前每次去找不到停车位，恨不得把车背身上，上次骑电奔子去回民街，我停在店门口吃的饭，爽翻[飙泪笑]，走哪路边一放，不用找车位，不怕贴条[思考],1726995284,陕西,1,2,0,3579614407,answer,109cf78f0e4e6406e877923ec85d297d,https://www.zhihu.com/people/ma-sha-li-wen,长安一梦,https://picx.zhimg.com/v2-71118e45d377856cc5346f285874be73_l.jpg?source=06d4cd63,1770834091048
10997310281,0,我是油车+摩托+电动车+自行车[开心]平时上下班和喝酒电动车，不喝酒路远一点就摩托，下雨下雪开车。自行车已经闲置很久了,1726872572,山东,0,3,0,3579614407,answer,31276981137811388adea596533dcedc,https://www.zhihu.com/people/long-tu-ge-dai-zhi,西西弗滴笑话,https://pic1.zhimg.com/v2-02b8ddb2b28fb21f4715ef7a56fca8c6_l.jpg?source=06d4cd63,1770834091051
10999577710,0,油车能给我干到12个油，加上堵车，除了上班通勤有点远之外，几乎全是电驴，续航接近100公里，说真的，太方便了,1727078906,山东,0,3,0,3579614407,answer,1256e0576041c9da6cd95cf1ff64b4b7,https://www.zhihu.com/people/gavin-bruce,GK003plus,https://picx.zhimg.com/807cda2b0cb5ccdf1e2d0d0a63e67d6f_l.jpg?source=06d4cd63,1770834091053
10999306353,0,一样，2.0t配125。,1727133215,广东,0,3,0,3579614407,answer,5290ef3d75cf1f55319273cd9c3cc087,https://www.zhihu.com/people/yy8586,yy8586,https://picx.zhimg.com/v2-abed1a8c04700ba7d72b45195223e0ff_l.jpg?source=06d4cd63,1770834091055
11158844141,0,我把媳妇放十年的电驴换了电池，跑的贼溜。车破连大锁都不要，放到那没人多看一眼！天不好出远门开上四轮，还有辆自行车，天好时骑出去锻炼。,1745201223,河南,2,3,0,3579614407,answer,15d55261ecad91a700a00c66ba6b72b5,https://www.zhihu.com/people/yi-pi-lang-3,一匹狼,https://pic1.zhimg.com/b39a2440530da1aae80718bfb2f857ad_l.jpg?source=06d4cd63,1770834091058
11019608736,0,油车+电驴＝绝配   附近几公里电瓶车想去哪去哪，远一点就开车，油车也不会有充电难问题，特别是夏天上下班特别近，真的是空调还没凉就到家了哈哈哈，不提前打开空调都受不了，个人感觉骑电瓶车真的嘎嘎爽，完全不用担心停车难问题[惊喜],1729276365,江苏,0,3,0,3579614407,answer,f517a9e3dc8db5c95b492a9902968c15,https://www.zhihu.com/people/a--29-23-88,天冷致病,https://picx.zhimg.com/v2-e088026e4faaf50910d7e5cbb93e190e_l.jpg?source=06d4cd63,1770834091060
11002826749,0,要不是冬天太冷，我愿称之为最佳组合,1727419243,河北,5,3,0,3579614407,answer,1faa9970861345d5400d10033d46e34e,https://www.zhihu.com/people/gan-qi-47,工具超人,https://pic1.zhimg.com/v2-1665f6fa4c86689aae507392ba3c700b_l.jpg?source=06d4cd63,1770834091063
11174896655,0,其实我算了一下本人和同事的交通工具的费用：同事电车开的多，但是本人开的少。算上换电池的成本平均下来，同事使用成本并没有比我低很多。,1746927020,上海,0,1,0,3579614407,answer,47b61950f51b581c57762226d4f07b38,https://www.zhihu.com/people/58-6-1-95,山苑,https://picx.zhimg.com/v2-f1be5ed24936a7311e75da3884b2bd6d_l.jpg?source=06d4cd63,1770834091065
11218348154,0,电驴目前有些地方限制不少，其实油车加电驴确实是最经济节省的组合，不只是对个人而言，对国家能源也是一种节省。我个人受不了那些个限制和麻烦，至今只有油车。,1751359944,陕西,0,1,0,3579614407,answer,952019a862e329bb4ec05cec5f4c9abd,https://www.zhihu.com/people/fan-ren-83-41,凡人,https://picx.zhimg.com/v2-6058da08fc30d7c2df0386a275a0da0b_l.jpg?source=06d4cd63,1770834091068
11063930621,0,完全没有逻辑啊。电驴在特定场景性价比极好，对于油车和电车对比选择并无影响。回答中的情况最经济的是只买电驴+特殊情况打车。如果存在必需买一部新车的要求，现在就不该考虑燃油车了，视充电条件在纯电和插混中二选一（能装私桩、附近充电站丰富就该选纯电）。至于因为换车成本高而不得不继续开已经买了的油车，那是另一个话题。,1734045721,四川,0,1,0,3579614407,answer,606119030a62f1cae55a8aa8ff332920,https://www.zhihu.com/people/caiqilong-79,caiqilong,https://pic1.zhimg.com/v2-abed1a8c04700ba7d72b45195223e0ff_l.jpg?source=06d4cd63,1770834091070
11065394163,0,这… 看个人想法吧，我家两辆车一辆油车一辆小蚂蚁，我上班单程三公里开油车老婆上班四公里开电车，就没买电动车。热天太热冷天太冷、不冷不热又怕死怕伤，肉包铁真不是闹着玩的，我俩即使走路坐公交上下班也不愿意骑电动车[捂脸],1734275542,安徽,1,1,0,3579614407,answer,db4fe55568865d6475c389afb9872457,https://www.zhihu.com/people/mei-liang-ba-shua-zi,这世界有呐嚰剁人,https://pica.zhimg.com/v2-59360dffaa5ccc8e5feb3581c8e4dd6f_l.jpg?source=06d4cd63,1770834093487
10997228597,0,[发呆]木有油车， 直接上的电车,1726887479,河北,0,1,0,3579614407,answer,38e6519f4f7b47713912c33cd3df62a4,https://www.zhihu.com/people/pao-mo-lun-hui,泡沫轮回,https://pic1.zhimg.com/v2-abed1a8c04700ba7d72b45195223e0ff_l.jpg?source=06d4cd63,1770834093490
11132342703,0,我上班单程30km[捂脸]百公里油耗8L[捂脸]车子还很老旧[捂脸]是真的不得不考虑换电车了[捂脸],1742040929,广东,0,1,0,3579614407,answer,b995ddb5a344084111bfb8937fcd7c38,https://www.zhihu.com/people/15-80-87-78,线中人,https://pic1.zhimg.com/v2-1a0709beb667a39f7e03e271cacc0d1e_l.jpg?source=06d4cd63,1770834093494
11156872742,0,有时候骑了电驴就下不来了 [大笑],1744899943,河南,0,2,0,3579614407,answer,533baa2d76515f7391e07759b3b5512f,https://www.zhihu.com/people/kan-kan-ke-kou-ke-le-liao-84,为理想国而敲键盘,https://pica.zhimg.com/v2-fb1c7e5b28c6feb59d5f72d95efd291a_l.jpg?source=06d4cd63,1770834093497
11064428965,0,不是哥们 你家油车平常谁开。要是你开到无所谓，要是你老婆开。我建议你还是搞辆车。不然冬天骑几年电驴 你膝盖受不了。,1734145951,安徽,2,2,0,3579614407,answer,5290c4158448f5e0e1915e837a85d3b7,https://www.zhihu.com/people/kakala-15,kakala,https://picx.zhimg.com/v2-abed1a8c04700ba7d72b45195223e0ff_l.jpg?source=06d4cd63,1770834093500
10999135145,0,电驴在上海的时速比汽车快,1727059597,上海,1,2,0,3579614407,answer,2690b082dc30dd87ca0ed9e5b533e3e7,https://www.zhihu.com/people/dong-xiao-hua-48-14,烧开水的苦B,https://pic1.zhimg.com/v2-abed1a8c04700ba7d72b45195223e0ff_l.jpg?source=06d4cd63,1770834093503
10999048998,0,8公里，要是我就搞一辆踏板摩托,1727061199,北京,1,2,0,3579614407,answer,ace3cecba7486dd4120737041bcdf214,https://www.zhihu.com/people/ezx1982,张先生,https://pic1.zhimg.com/v2-8014423a7aabc33532d1a2f78f1013cc_l.jpg?source=06d4cd63,1770834093505
10998186258,0,哈哈，油车十万多公里了+小电驴开了一年多一万公里了。日常上班来回也就8公里，一天两趟16公里，两天充次小电驴。本来上班的地不好停车，一年总被贴几回，现在都不操心这事[捂嘴],1726983960,浙江,0,2,0,3579614407,answer,f2af23fe12f68b6609675e200410f57d,https://www.zhihu.com/people/wang-yue-gui-4,望月归,https://pic1.zhimg.com/v2-abed1a8c04700ba7d72b45195223e0ff_l.jpg?source=06d4cd63,1770834093508
11126005554,0,同感，我也是原先想换电车或者插混，考虑之后买了两电驴。现在还打算买个摩托车。,1741248621,江苏,0,2,0,3579614407,answer,03fc9f436ea238ba679f57e5260cbfb4,https://www.zhihu.com/people/zfl-18-39,ZFL,https://picx.zhimg.com/v2-947f59cec1eedef9c8b8f83dc6fb6c9a_l.jpg?source=06d4cd63,1770834093511
11142726252,0,我是油车➕电驴➕山地车，上班是单程15公里，天天来回30公里，电驴是县城内任意地方都可到达，买菜，取快递等等，自行车是骑着锻炼的。车是13万的长安，电驴是600收的二手爱玛，自行车是1500的xds,1743305974,甘肃,0,2,0,3579614407,answer,90308e9b2b97b595b3762508808d2bd0,https://www.zhihu.com/people/wilmington-keung,彭于晏甘肃分晏,https://picx.zhimg.com/v2-00f80472fd6b8639ab8ada84d9d6cfd3_l.jpg?source=06d4cd63,1770834093513
11066074579,0,我比较惜命，农村也不是很堵车，能开车还是开车吧,1734331787,广东,0,2,0,3579614407,answer,0f951414fda1cd8eaf08a82868054f8e,https://www.zhihu.com/people/xing-qi-san-12,星期三,https://pica.zhimg.com/v2-529870e353dff6949354dac5c2a43f04_l.jpg?source=06d4cd63,1770834095911
11065459692,0,怪不得国家在管理电驴,1734213465,江苏,0,2,0,3579614407,answer,b9ce93a3127c956da092e7b3adba545a,https://www.zhihu.com/people/sun-kuai-23,礼芽,https://picx.zhimg.com/v2-55b1ee525c2e848ba17f1ef6a2a0b522_l.jpg?source=06d4cd63,1770834095914
10998433009,0,同道中人，我也买了个电自，因为懒得弄摩托车驾照，单程3.1公里，香惨了，买的九号，又好玩又好骑，到公司骑到电梯旁，到家骑到楼下，比开车方便多了[捂脸],1727022961,重庆,1,2,0,3579614407,answer,8be11b98c1a7ac6be10f71dfb55de4bb,https://www.zhihu.com/people/ha-lou-wei-xiao-xia,哈喽魏小侠,https://pica.zhimg.com/v2-6817ff6d380313204c011bd1c3ad34e0_l.jpg?source=06d4cd63,1770834095916
10997935364,0,这才是完美组合,1726920165,安徽,0,2,0,3579614407,answer,0be5ed8a4d6a7257c49506865b058da9,https://www.zhihu.com/people/qy-87-97-10,知乎用户QY,https://picx.zhimg.com/v2-38a536ed42ef13d5c284400796546b52_l.jpg?source=06d4cd63,1770834095919
10997896372,0,目前我是一辆6年的油车+1600的电动车，电动车三年了，续航大幅度下降，准备买个二手踏板摩托[耶][耶][耶],1726980677,河南,2,2,0,3579614407,answer,4072e43defa3346ea3b33c7663ed6f33,https://www.zhihu.com/people/han-song-jie-90,韩松节,https://pic1.zhimg.com/v2-8049bea9a5e6b3c613e2133fff3e74fc_l.jpg?source=06d4cd63,1770834095921
11271309252,0,短途通勤绝对是小电驴方便又省钱。但是遇到刮风下雨冬天太冷怎么办？那就打车！？你一年几千块的保险费还不够你打车钱？所以，打车+电驴才是未来。,1756196547,浙江,0,1,0,3579614407,answer,20eabffa707060b926ff9e38b8220338,https://www.zhihu.com/people/chu-chu-ba-wang-77,楚楚霸王,https://pic1.zhimg.com/v2-abed1a8c04700ba7d72b45195223e0ff_l.jpg?source=06d4cd63,1770834095925
11073157276,0,你这个油车+电炉的配置，我已经搞了12年了……不过我是2辆油车+两辆电驴；而在最近，因为国家补贴（1W5）……我把其中一辆油车换成了纯电……1油+1电+2电驴，这是我目前的配置，香的一批！而在5-6年后的未来，我会将这个配置再次升级为1混动+1纯电+2电驴，这才是未来的顶配版本…………电是王道，纯油必然被淘汰……,1735139777,山东,3,1,0,3579614407,answer,0033ff2f32425c773a97dc130163b757,https://www.zhihu.com/people/xie-yan-zhi-xin,碧瑶别挡快跑,https://picx.zhimg.com/v2-ba513796e8b792dc2df327887f189de7_l.jpg?source=06d4cd63,1770834095927
11151104619,0,带原厂棚的电动小三轮才是真神,1744296537,四川,0,1,0,3579614407,answer,7f71b7e088249decc1921b42df19dafc,https://www.zhihu.com/people/shan-ge-bu-shi-san-ge,山哥不是三哥,https://picx.zhimg.com/v2-33d8a78d94b5a9f548ab2baa1ec35888_l.jpg?source=06d4cd63,1770834095930
11005269508,0,不太行，我是一油车一72v电瓶车一48v电动自行车,1727712095,四川,0,1,0,3579614407,answer,f8fe6cd09957cbab0ea1146a5f23e842,https://www.zhihu.com/people/xu-yi-miao-80,黑手,https://picx.zhimg.com/v2-9794c53bd6d1d6a07e9e53032473e663_l.jpg?source=06d4cd63,1770834095932
11014053350,0,哈哈，小地方管的松可以电摩，老头乐也香的很,1728712820,江苏,1,1,0,3579614407,answer,0b48e81efdc1b46eca8c2897892c7bc6,https://www.zhihu.com/people/yang-yang-61-62-87,扬扬,https://picx.zhimg.com/fe45a12d7c7f32b344aedb068f77d171_l.jpg?source=06d4cd63,1770834095935
11133132223,0,好老婆,1742180048,河南,0,1,0,3579614407,answer,cb57a23158f92923009463738ab84439,https://www.zhihu.com/people/zhang-cun-xing-4,扶朕起来,https://pic1.zhimg.com/v2-d9811dc47c905372dd52ba061d583f34_l.jpg?source=06d4cd63,1770834098393
11060535342,0,“我即是世界”,1733744745,广东,0,1,0,3579614407,answer,1b1ad5d231bdd7a402dfd6cb844e5954,https://www.zhihu.com/people/tuu-36-94,Tuu,https://pica.zhimg.com/v2-652b6e3eac1ac0f144e0e00f2f88c490_l.jpg?source=06d4cd63,1770834098396
10999430985,0,油车加摩托更方便，摩托不用充电，续航没有焦虑，有油耗，但低，没有更换电池的费用，使用年限也更长,1727074780,浙江,1,1,0,3579614407,answer,264fab8f156e480e90d34627fafff9a7,https://www.zhihu.com/people/liao-wei-lun-88,知乎用户y5ysYK,https://picx.zhimg.com/v2-abed1a8c04700ba7d72b45195223e0ff_l.jpg?source=06d4cd63,1770834098399
10998713378,0,电车的朋友来谈一谈每年保费吧,1727001785,湖北,0,1,0,3579614407,answer,fda095187fb81a08ffee562145a8ad24,https://www.zhihu.com/people/jia-bo-97-99,秋日私雨,https://pic1.zhimg.com/v2-3d6f732097c90060c74241ad9cdfbab5_l.jpg?source=06d4cd63,1770834098401
10997865643,0,我上班单程13公里  我也是油车加电车 但是电车一到冬天衰减太厉害 明天开春换辆踏板[大笑],1726976176,江苏,0,1,0,3579614407,answer,eeb9c3380831463d0dc8f8b689b6009a,https://www.zhihu.com/people/xiao-tian-328,小天328,https://pica.zhimg.com/v2-322b47daf66b250a7031e0190d5064e0_l.jpg?source=06d4cd63,1770834098403
10998839218,0,一帮骑电驴的来谈论人家电车用车成本，还觉得自己赚了并且还鄙视起来了[飙泪笑][飙泪笑][飙泪笑]。刮风下雨下雪的时候怎么不想想？乘坐舒适性怎么不想想？夏天冬天等人的时候，人家坐车里吹空调，通风按摩加热外加各种娱乐项目你怎么不想想？家里能有油车电车组合的，或者大于等于两辆的家庭，能缺你这点仨瓜俩枣的啊？[捂脸],1727043152,江苏,25,28,1,3579614407,answer,61a47cb91731b186db17aa4afc7afa04,https://www.zhihu.com/people/SteinerC,Steiner Chen,https://pica.zhimg.com/4bbe3dbb7c6f40e7b5b23cdb659a2cf7_l.jpg?source=06d4cd63,1770834098406
11402606928,0,兄弟，你咋才这么做啊。10公里之内，小电驴嘎嘎香,1769409759,广东,0,0,0,3579614407,answer,ff837092b6954c976014aec4eb55d972,https://www.zhihu.com/people/33-88-43-82,善者无疆,https://picx.zhimg.com/v2-93689bc2f5e2d729085762804a58b46e_l.jpg?source=06d4cd63,1770834098408
11400551140,0,我也想买部电鸡的，但听说厦门这里抓得厉害，就不买了,1769216043,福建,0,0,0,3579614407,answer,45f7e92c61e094925fa73bb27b01fb80,https://www.zhihu.com/people/san-niu-shu-26,三牛叔181,https://picx.zhimg.com/v2-abed1a8c04700ba7d72b45195223e0ff_l.jpg?source=06d4cd63,1770834098410
11392681318,0,我是油车+二轮电驴+三轮电驴的组合，十公里以内天好二驴，天不好三驴，远点儿四驴,1768365709,河南,0,0,0,3579614407,answer,bc4bbf84a33bd00f64c149b05174b511,https://www.zhihu.com/people/mo-zhang-hong-chen-san-bei-jiu-21-44,万丈红尘三杯酒,https://picx.zhimg.com/v2-abed1a8c04700ba7d72b45195223e0ff_l.jpg?source=06d4cd63,1770834098412
11392506627,0,反了，应该四轮电车加摩托才对,1768361025,安徽,0,0,0,3579614407,answer,3a493962aabd7cd76c6870bb9d8c7e06,https://www.zhihu.com/people/fjcxm,fjcxm,https://pic1.zhimg.com/v2-abed1a8c04700ba7d72b45195223e0ff_l.jpg?source=06d4cd63,1770834098415
11390627229,0,五公里内电驴无敌,1768200870,广东,0,0,0,3579614407,answer,efb180a5ab4439237b7c13839d6adda0,https://www.zhihu.com/people/jjjstc,精神病科蒋主任,https://pic1.zhimg.com/v2-0d87e5ddd4e5ca3d7c947c5d705e472a_l.jpg?source=06d4cd63,1770834100863
11382831842,0,这个问题下面是在搞团建吗,1767316638,福建,0,0,0,3579614407,answer,01da23f19ae603204c3204ca65af0c53,https://www.zhihu.com/people/oenn-50,风肃,https://pica.zhimg.com/v2-abed1a8c04700ba7d72b45195223e0ff_l.jpg?source=06d4cd63,1770834100866
11381633070,0,我不喜欢开电驴，还是喜欢开电车,1767167242,浙江,0,0,0,3579614407,answer,c88fc40ea1d90ea6aa6e83e12774f625,https://www.zhihu.com/people/autumn-43-39,Autumn,https://picx.zhimg.com/v2-77f81c1960f56b22d02710c469a3830c_l.jpg?source=06d4cd63,1770834100868
11379577117,0,老婆开一辆插混，我一辆油车手动挡加自行车,1766993316,河北,0,0,0,3579614407,answer,19d82458c459ea7202608d6b79b1be8e,https://www.zhihu.com/people/45-7-81-39-93,大孟一场空,https://picx.zhimg.com/v2-fe39a5a62c461ab4554209e45e515b93_l.jpg?source=06d4cd63,1770834100871
11376414256,0,普通家庭已经有了一部车的情况下换电车确实不值得。如果是没车考虑买车。电车混动确实值得考虑。,1766629966,广东,0,0,0,3579614407,answer,b0980fef4820147c19ab81438fb1ef14,https://www.zhihu.com/people/da-liu-27-16,日立环测仪器,https://pica.zhimg.com/v2-be36601ad739c685e6e27fc53a8b1ed4_l.jpg?source=06d4cd63,1770834100873
11376034261,0,我就比较厉害了，我除了有个油四轮，还有个油两轮再加一个电驴，电驴还搭个棚子，土拉八几的，下雨天都不能阻止我骑电驴 ，油两轮负责周末去郊外或者跑跑山，四轮就老老实实车库一边呆着吃灰吧，人多才有放风的机会,1766598693,重庆,0,0,0,3579614407,answer,44c79f7d484b774651ec3baaa03c386c,https://www.zhihu.com/people/73-37-19-26,麻雀,https://pic1.zhimg.com/v2-8e3cdfe8d372f993c588dc492b291d59_l.jpg?source=06d4cd63,1770834100876
11375403769,0,不错，以后也去买个电驴，再以后去买个电车,1766546310,浙江,0,0,0,3579614407,answer,0d9fdaa92fa7f837f2703b4f88600025,https://www.zhihu.com/people/8-25-11-79-41,老木头,https://picx.zhimg.com/v2-d0f434e541f7e583d3255b64da1a5a77_l.jpg?source=06d4cd63,1770834100878
11370503834,0,下雨怎么办？要带老婆孩子怎么办？,1766023979,四川,1,0,0,3579614407,answer,726ce0149a4de52534990548c049bc48,https://www.zhihu.com/people/fhy-10,凯二七,https://picx.zhimg.com/v2-8ed7931c1d7e8c17eee79b734379aae4_l.jpg?source=06d4cd63,1770834100880
11370440059,0,春秋天还好！雨雪天气难受，冬天的风像刀子,1766048937,江苏,0,0,0,3579614407,answer,f8629b4cc910be6f5dcd617727ffec24,https://www.zhihu.com/people/huan-chen-mie,幻尘灭,https://pica.zhimg.com/v2-abed1a8c04700ba7d72b45195223e0ff_l.jpg?source=06d4cd63,1770834100884
11369542159,0,昨天跑了800公里，在家充满的，路上冲了161块钱的电,1765931790,广西,0,0,0,3579614407,answer,e47faf3259216db29843135a139d947d,https://www.zhihu.com/people/36-32-98-85,上知天文下知地理,https://picx.zhimg.com/v2-abed1a8c04700ba7d72b45195223e0ff_l.jpg?source=06d4cd63,1770834100887
11364462094,0,是不是有了这东西，十米的路都想骑？,1765433516,江苏,0,0,0,3579614407,answer,6a723ff082b00a348b8de4e67eb4ac9a,https://www.zhihu.com/people/33-16-15-16,柳鲲鹏,https://picx.zhimg.com/v2-75947384a9a62f2af52a9c5b4ac7abcd_l.jpg?source=06d4cd63,1770834103250
11364325309,0,下雨有电三轮，还有四轮，了解下,1765370865,哈萨克斯坦,0,0,0,3579614407,answer,5e9cf9e6d92557196e403d3cc316cde4,https://www.zhihu.com/people/hao-an-44,先生郝,https://picx.zhimg.com/v2-47dd3f1dc85a3804093f032c60236e1c_l.jpg?source=06d4cd63,1770834103253
11360750117,0,唉，我的电驴是铅蓄电池的，续航从40公里掉到10公里，只用了两年半。现在能耗已经到0.07元/公里了,1765078443,江苏,0,0,0,3579614407,answer,53122ff6ddceea798c55259858310953,https://www.zhihu.com/people/gu-yi-xi-44,Ranguree,https://pic1.zhimg.com/v2-a073cbaae970b78b5b55e69748f1e3c6_l.jpg?source=06d4cd63,1770834103255
11356482343,0,电驴一天16公里，会压蛋你知道不？,1764633568,上海,0,0,0,3579614407,answer,839556af2d99691afad0d11628e96dc5,https://www.zhihu.com/people/danny-90-38,雪碧有文化,https://picx.zhimg.com/v2-abed1a8c04700ba7d72b45195223e0ff_l.jpg?source=06d4cd63,1770834103258
11356027965,0,唯一一点不好的就是很多骑电驴的会随口横向吐痰,1764564255,浙江,0,0,0,3579614407,answer,34271582ff6aa01678be18b7c611bdce,https://www.zhihu.com/people/liu-fei-81-33,刘飞,https://picx.zhimg.com/v2-abed1a8c04700ba7d72b45195223e0ff_l.jpg?source=06d4cd63,1770834103260
11355168159,0,电驴+自行车组合岂不无敌,1764508391,山东,0,0,0,3579614407,answer,c062ad04d74ab3f8d218ad8983725d5c,https://www.zhihu.com/people/aaqiang-12,AA强,https://picx.zhimg.com/v2-abed1a8c04700ba7d72b45195223e0ff_l.jpg?source=06d4cd63,1770834103263
11353721250,0,我自行车,1764324724,山西,0,0,0,3579614407,answer,7d379601a197a5afccf3e4cae97f3500,https://www.zhihu.com/people/jing-jing-70-87-35,晶晶,https://pic1.zhimg.com/v2-8c085eb54d614cffa93dc87311977619_l.jpg?source=06d4cd63,1770834103265
11353543834,0,E照比c1照考出来还早，一开始摩托车上下班，有4轮后再也换不回去了，骑自行车都怕，别说摩托车电瓶车了，市区汽车电瓶车太多。所以现在油车加2条腿走路。已经第4辆油车，从二手3.6开了8年卖了5000，18.8开了6年卖了8，到31.88开了6年拿到现金14.8，到现在大概9万。31.88第7年保费就要交被撞全损报废拿的现金，加上省补，市补，换了第1辆suv，剩下大概5万现金进了口袋。,1764314216,浙江,0,0,0,3579614407,answer,4222e733b594a82a54cc889ca75e0f54,https://www.zhihu.com/people/yin-fu-82-9,音符,https://pic1.zhimg.com/v2-279eba795be548c86fc1bf870a1e778b_l.jpg?source=06d4cd63,1770834103269
11352954515,0,三轮不倒翁带蓬电动车，比两轮更香，雨雪天完全不用担心,1764223799,浙江,0,0,0,3579614407,answer,bb1bcfe965a3ff7372a2b97bb4708c36,https://www.zhihu.com/people/da-ye-24-18-81,熊掌炖鱼,https://picx.zhimg.com/v2-c116616ff71d54db77595e5c071dca13_l.jpg?source=06d4cd63,1770834103271
11350452508,0,不，最好的组合是，增程+两轮电动车+三轮全包围电动车+折叠滑板车或折叠自行车,1764032298,陕西,1,0,0,3579614407,answer,f6005060ac7643aa7d1ed7a4ab5d9e53,https://www.zhihu.com/people/liu-yang-21-73-16,刘扬,https://pic1.zhimg.com/v2-25111cfac02aeda4649f9d54bcd12094_l.jpg?source=06d4cd63,1770834103273
11346970300,0,油车加自行车，还能锻炼身体,1763648920,河北,0,0,0,3579614407,answer,d372157d60cc54885dd8834a15efa2f2,https://www.zhihu.com/people/zheng-dao-47,傅红芳,https://pic1.zhimg.com/v2-03a2ff3716c211fa8c41f15446ade42a_l.jpg?source=06d4cd63,1770834105714
11346826528,0,普通家庭很多用机动车场景都不是必须要用的[调皮],1763680503,江苏,0,0,0,3579614407,answer,c52d78342de0431df1805e0914e324b1,https://www.zhihu.com/people/a-gua-wei-te,阿瓜维特,https://pic1.zhimg.com/v2-293b9e5acfe482b30819156dd30bb0ca_l.jpg?source=06d4cd63,1770834105716
11345059404,0,关键不要停车费，一直这么干的；下雨天毕竟是少的,1763518796,上海,0,0,0,3579614407,answer,4fc7d9840d4155129cedb3190f37717c,https://www.zhihu.com/people/chen-ai-79-72-47,周缓缓,https://picx.zhimg.com/v2-895402c3efeb9e92d1a3c066cbd93a98_l.jpg?source=06d4cd63,1770834105719
11343881912,0,电驴+打车,1763365419,辽宁,0,0,0,3579614407,answer,714334e11f94bdf92139e75580cc9e17,https://www.zhihu.com/people/lng7iv,东永赢,https://picx.zhimg.com/v2-85c4f9aeefcecea4ed01d23657c08eca_l.jpg?source=06d4cd63,1770834105721
11342908024,0,自从7年前用了电驴，除了非必要原因，从不开车！,1763261650,湖北,0,0,0,3579614407,answer,b2220cad133c1704193c390b56887638,https://www.zhihu.com/people/31-10-26-84,风继续吹,https://picx.zhimg.com/v2-25ac7c0d6225fc37e7f4419d75895b22_l.jpg?source=06d4cd63,1770834105724
11341309237,0,连电驴都不买，每天跟着出租车跑，锻炼身体之余，一年还可以多省几万[看看你] 。每天连饭都不带，厚着脸皮去蹭。一年又可以省几万[看看你],1763134399,湖北,0,0,0,3579614407,answer,ddb206e82883b302233e789c9a0e98c7,https://www.zhihu.com/people/jing-ba-ba,吴先生,https://picx.zhimg.com/v2-e55738b2288165c22f7fd116b42da5e0_l.jpg?source=06d4cd63,1770834105727
11340588791,0,都有电驴的，为什么要买油车？[滑稽]在城市里白天正常用车时间段，电动车不管多远距离一定比开车快。开车均速能到20，就已经算路况好了。电动车均速低于24只能说你怂[滑稽],1763081192,湖北,0,0,0,3579614407,answer,a80c5153e83cb9a893ac29e5a9a150d4,https://www.zhihu.com/people/saber-hyw,百家争鸣,https://pic1.zhimg.com/v2-9289f84e8fbb4a47e79b822c03e89dff_l.jpg?source=06d4cd63,1770834105730
11338951479,0,太少了，没见过世面吧？我自己的经常用的车:手动、纯电各一辆，台铃两轮911一辆，台铃电三轮一辆，喜德盛锂电自蹬一辆，捷安特非变速自行车一辆，各有各的用，没觉得哪个是多余的，春夏秋冬，总有各自派上用场,1762871660,山东,0,0,0,3579614407,answer,f2ca791f2c0787fe2e96d044577b6933,https://www.zhihu.com/people/a-re-po-cai,阿喏泼才,https://picx.zhimg.com/v2-4e720de82df5c9ec22c598adb9f9c3a0_l.jpg?source=06d4cd63,1770834105732
11335511546,0,我不会骑电驴怎么办，而且感觉好危险,1762525559,黑龙江,0,0,0,3579614407,answer,21554aad1e9cd966b6698cd7e9feecc2,https://www.zhihu.com/people/li-li-43-60-12,咸鱼开花,https://picx.zhimg.com/v2-d7c9df6a54bb654bed5428b1230bd75a_l.jpg?source=06d4cd63,1770834105735
11335254111,0,电车+摩托呢？,1762481460,四川,0,0,0,3579614407,answer,dd76113657a48193798e638bc60bd967,https://www.zhihu.com/people/zhou-xiang-21-13,幸运鑫,https://pic1.zhimg.com/e8c9fb1429c4a0bed3b1db535904cf3a_l.jpg?source=06d4cd63,1770834105737
11333164658,0,这是真舒坦,1762297407,湖南,0,0,0,3579614407,answer,afa1fe284d12220fced2d4f79795e746,https://www.zhihu.com/people/63-45-76-48,一隙之明,https://pic1.zhimg.com/v2-a5e680afa421dbf804a75d4685f050ec_l.jpg?source=06d4cd63,1770834108126
11332920719,0,你现在才发现？我大学毕业就开电驴（十二年前买车），从未开车上下班。开电驴那种自由自在是开车感受不到的，没有停车费，没有油费，没有迟到[捂嘴],1762252714,广东,0,0,0,3579614407,answer,fe32840d1d2e1c2c8e770ada3d3c841a,https://www.zhihu.com/people/gong-xiang-lan-ya,全能武库舰,https://pic1.zhimg.com/v2-74bb808544c5e562033727ddfcb09ea3_l.jpg?source=06d4cd63,1770834108129
11332212565,0,我刚上这个组合，上班三公里，比开车快[大笑][大笑][大笑],1762230183,浙江,0,0,0,3579614407,answer,b4a9796f519c83934021e4aed35b2002,https://www.zhihu.com/people/wang-bing-43-41-35,王冰,https://picx.zhimg.com/v2-65b825c19e095e3bb2cc1d5aa352750a_l.jpg?source=06d4cd63,1770834108132
11332041794,0,我说一下自己目前保有的车辆情况。零号，瓦罐车型，开了十多年已处理第一辆SUV，我在开第二辆MPV，老爹开第三辆SUV，媳妇儿开然后买了两轮电摩接着又买了电三轮跟着又买了两轮电摩现在我开着今年新买的带激光雷达的智驾全电，盘算着卖一台还是两台油车(现在三台车都没人开了，天天落哪里吃灰)查看图片,1762155837,浙江,0,0,0,3579614407,answer,b73dcbce8b5f60b9c13e5f591cc0d54f,https://www.zhihu.com/people/j-z-78-89,J.Z,https://pic1.zhimg.com/v2-abed1a8c04700ba7d72b45195223e0ff_l.jpg?source=06d4cd63,1770834108134
11330494393,0,什么电驴，明明是新能源摩托,1762018600,陕西,0,0,0,3579614407,answer,145b3e342cee76474286e1d2128d56b3,https://www.zhihu.com/people/18-84-65-38-93,达摩祖师爷爷,https://picx.zhimg.com/v2-d0f434e541f7e583d3255b64da1a5a77_l.jpg?source=06d4cd63,1770834108136
11329983926,0,我现在是火箭+电驴，感觉还行！,1761952769,河北,0,0,0,3579614407,answer,063ccfd00f75d168608bd1c219b3275b,https://www.zhihu.com/people/qin-xiao-gong,秦孝公,https://picx.zhimg.com/v2-5263ff3a9a4032203a1d785dffb0750a_l.jpg?source=06d4cd63,1770834108139
11329746121,0,我更超前，高中毕业就电驴了。[感谢],1761952314,河北,1,0,0,3579614407,answer,063ccfd00f75d168608bd1c219b3275b,https://www.zhihu.com/people/qin-xiao-gong,秦孝公,https://pic1.zhimg.com/v2-5263ff3a9a4032203a1d785dffb0750a_l.jpg?source=06d4cd63,1770834108141
11329414416,0,三轮电驴才是王道，可惜弄不了,1761886290,湖北,0,0,0,3579614407,answer,6c0e52bc69f7ac6a8a1ed37a03f17e72,https://www.zhihu.com/people/xudong-dong-qiang,师祖李化元,https://pic1.zhimg.com/v2-56da60abd363803ccbeec82a11955bb5_l.jpg?source=06d4cd63,1770834108144
11325183352,0,五菱缤果加帕萨特[飙泪笑]，媳妇不开我就开，油价太高了。,1761476789,山东,0,0,0,3579614407,answer,5507ac27eedbd93867092324c082094a,https://www.zhihu.com/people/jing-ya-ya-ya-5,困了又不想睡,https://pica.zhimg.com/v2-185cb9a21ea87143d0276f19fa514922_l.jpg?source=06d4cd63,1770834108147
11324996625,0,小摩托更香,1761452936,北京,0,0,0,3579614407,answer,6e7fe5cb51b036729430de96008a5931,https://www.zhihu.com/people/zt600001,zt600001,https://pic1.zhimg.com/v2-3d40a5d46de92e37a3b2771b11977f39_l.jpg?source=06d4cd63,1770834108149
11322692437,0,牛逼,1761203687,上海,0,0,0,3579614407,answer,ee5be2e110b785764e03e58c4ad9fe61,https://www.zhihu.com/people/wu-you-68-95,吴游,https://picx.zhimg.com/503cb49cdc85192693b2cfba0bc0cfcd_l.jpg?source=06d4cd63,1770834110563
11319782811,0,一度电一块钱跑50公里,1760926724,上海,0,0,0,3579614407,answer,2335408559088f6ba3b7b747327de97c,https://www.zhihu.com/people/lianxiangqian,度量衡,https://picx.zhimg.com/v2-5156c7064fde17b878c595d2ff85387e_l.jpg?source=06d4cd63,1770834110566
11319217799,0,应该很多人都是这种组合，不买电驴也用共享的,1760876217,广东,0,0,0,3579614407,answer,fd1b3e8eb58a227945303d3409198889,https://www.zhihu.com/people/harry62,Harry,https://pic1.zhimg.com/v2-aa070b550a90fe01fb72aadfbb31420b_l.jpg?source=06d4cd63,1770834110568
11318816149,0,有点经济能力的，谁家不是几个？电动车，摩托车，还有汽车，都有，但是安排的用途不同，各有各的用途,1760789561,河南,0,0,0,3579614407,answer,758baf4f361c9bddbc51f016816a44d1,https://www.zhihu.com/people/fei-chang-qing-yuan,非常情缘,https://picx.zhimg.com/v2-0ee52127b4e536ca505eea9639346f8d_l.jpg?source=06d4cd63,1770834110570
11318659079,0,我退休了就开三轮小电驴,1760844560,上海,0,0,0,3579614407,answer,3680a2aa1006d03c680e40bd62e06715,https://www.zhihu.com/people/wang-yi-2-98,步巨包公,https://pica.zhimg.com/v2-76e6bc94e3e5a0036da8f8e07f096a97_l.jpg?source=06d4cd63,1770834110573
11316326032,0,我的金箭，价格差不多和你，最高速去到四十多啦,1760530607,安徽,0,0,0,3579614407,answer,25da49645d3d5f5b65aae66c5531fbda,https://www.zhihu.com/people/yu-wen-da-ren-80,抬钢琴,https://picx.zhimg.com/v2-ec38c9eb2e234afc0c3fd7e202e2df31_l.jpg?source=06d4cd63,1770834110575
11315259585,0,哈哈哈我们家一油车一电驴换成了一油车两摩托，因为两个人通勤。油车周末或节假日会下雨天开，平常摩托车通勤。为啥不用电驴呢？因为充电太频繁太麻烦了[飙泪笑][飙泪笑][飙泪笑]，我有时候忘记拔电源，有安全隐患。今年我本来想换电车，冷静下来仔细一想，觉得确实没那个必要[捂脸],1760452429,浙江,0,0,0,3579614407,answer,f33ee0ad3a8f2384706e9fa3c57a6db6,https://www.zhihu.com/people/nicbei-li,Nic贝莉,https://pica.zhimg.com/8614c827091527dae9eed381c59eccd7_l.jpg?source=06d4cd63,1770834110578
11314955956,0,电驴+滴滴打车，它不香吗？,1760423293,江苏,0,0,0,3579614407,answer,91dc53fec698da1bf1124f13c9f2737a,https://www.zhihu.com/people/zi-se-de-xiao-chu-ju-53,紫色的小雏菊,https://pic1.zhimg.com/v2-756eab4a58e2d037c59c0d5317a44a6c_l.jpg?source=06d4cd63,1770834110580
11311977919,0,我说我们小区的电机为什么越来越多了呢。,1760112713,湖北,0,0,0,3579614407,answer,df7bbc8b22a9b02508e814908b20245b,https://www.zhihu.com/people/tie-di-fei-xing-94,贴地飞行,https://picx.zhimg.com/v2-012ad194eea59bc9db77051ba9168f25_l.jpg?source=06d4cd63,1770834110584
11310545880,0,我就是这个组合,1759995841,辽宁,0,0,0,3579614407,answer,a4c66d7680c52a5c7b2222565b422dd2,https://www.zhihu.com/people/tang-he-26-65,唐禾,https://pic1.zhimg.com/v2-abed1a8c04700ba7d72b45195223e0ff_l.jpg?source=06d4cd63,1770834110586
11306841419,0,电驴才是王者,1759561004,山东,0,0,0,3579614407,answer,2ab7be05dd3c96705128f379f9b074ee,https://www.zhihu.com/people/63-76-12-86-60,妹妹,https://picx.zhimg.com/v2-34c0902e99f8ce8e1fee34c19cb577a1_l.jpg?source=06d4cd63,1770834112993
11298686918,0,为啥要去交通不方便的地方玩？,1758771729,广东,1,0,0,3579614407,answer,cdce731f86b6f00cf4eb66af67cc604d,https://www.zhihu.com/people/hakuxxx,haku,https://pic1.zhimg.com/v2-45d145eefece84de722dc118db7d8c4f_l.jpg?source=06d4cd63,1770834112995
11298271357,0,城市里面的确电驴香,1758731477,广东,0,0,0,3579614407,answer,c324d1aa5ac6563c23df9d4e7feea3f3,https://www.zhihu.com/people/da-si-kong-2-46,大司空,https://picx.zhimg.com/v2-88b17232f48dc4ec620ad40f2d2b7116_l.jpg?source=06d4cd63,1770834112998
11294881058,0,俺也一样，雅迪真香,1758443038,江苏,0,0,0,3579614407,answer,0142d552229c72eeda8c3fe7311b217b,https://www.zhihu.com/people/wo-wo-tou-37-61,院长,https://picx.zhimg.com/v2-19ea42aabf40990e9863531644b19c95_l.jpg?source=06d4cd63,1770834113000
11294227116,0,最最最最最最重要的是方便停车，去个商场停车费贵，有些地方没有车位，进去停车半小时。,1758413510,上海,0,0,0,3579614407,answer,715568a11d4d7b6fdf3565f086f8c531,https://www.zhihu.com/people/fan-zhe-hao-tian,凡者浩天,https://picx.zhimg.com/v2-0f0317f47336e58011a97139faaa0608_l.jpg?source=06d4cd63,1770834113004
11291048553,0,你的组合太高成本了，我的组合是（远程的就滴滴顺风车，短途就滴滴打车或者曹操打车，日常上下班骑电驴。买车后，又要保养，又要买保险。车子坏了还要去修。车子脏了，还要去洗车。去玩，去商场，家人下车了，自己还要去找车位。打车，到地方我拍拍屁股就走人。又不是天天要打车，买车险的钱足够一年的打车钱了）,1758094657,广东,1,0,0,3579614407,answer,5ef3aab46c3c930b916e05546ef32c2f,https://www.zhihu.com/people/26-1-51-79,你是我的宝,https://pic1.zhimg.com/v2-d0f434e541f7e583d3255b64da1a5a77_l.jpg?source=06d4cd63,1770834113006
11290509244,0,在我的认知中，电驴不是每家至少有一辆的么，就拿送我儿子上学这个事，学校跟小区就隔一个路口，我开车出小区后先掉头，开到学校后也得再掉头才能到学校门口，学校门口又堵的要死，一趟下来来回也就1公里多，起码15分钟，关键我开车送一般是因为下雨，那就更堵更慢，20分钟起码。而平时我老婆骑电驴送，出门到到家最快一次7分钟，我掐着秒表。,1758069225,上海,0,0,0,3579614407,answer,5bb55dee1f75e9b0537b8e5247f413e1,https://www.zhihu.com/people/cwb0813,努力赚钱,https://picx.zhimg.com/v2-abed1a8c04700ba7d72b45195223e0ff_l.jpg?source=06d4cd63,1770834113009
11290472006,0,我是通勤电驴+出去玩租车,1758033574,上海,0,0,0,3579614407,answer,a75f728c54df9c2e08825ec1dd9de140,https://www.zhihu.com/people/he-he-li-da-ren,河河狸大人,https://picx.zhimg.com/v2-a67f098798be907808d30d56102425d5_l.jpg?source=06d4cd63,1770834113011
11287632143,0,速度解锁了才是真实用,1757781269,广西,0,0,0,3579614407,answer,9abd853ef53f018056488bc1ce45cd48,https://www.zhihu.com/people/lin-tian-xiao-74,Pohpih,https://picx.zhimg.com/80c8fcbe0_l.jpg?source=06d4cd63,1770834113014
11281861504,0,8公里20分钟！！！！这路况真好！,1757221621,北京,0,0,0,3579614407,answer,98e5b9fa1121079524c8308ad3017875,https://www.zhihu.com/people/xuan-fu-yu-xu-wu,悬浮于虚无,https://picx.zhimg.com/b9d3b4685021fdb1a905ed6f45561121_l.jpg?source=06d4cd63,1770834113016
11281326800,0,你为啥不买辆自行车，还能锻练身体,1757166492,浙江,0,0,0,3579614407,answer,6a51939094ad44988457b4f0db34e2fc,https://www.zhihu.com/people/yin-guo-zhong-10,化形彧九尾,https://picx.zhimg.com/v2-090e962b89d122062955f5352989db8e_l.jpg?source=06d4cd63,1770834115426
11277280653,0,思路清晰,1756794862,云南,0,0,0,3579614407,answer,24f2a008cb6adb11d361977e44b4b244,https://www.zhihu.com/people/yb980,yb980,https://picx.zhimg.com/v2-e7e3018e506170c122f5863b4d2f2233_l.jpg?source=06d4cd63,1770834115430
11276427247,0,所以现在加大电动车管理力度，逼着让你用电驴不方便[大笑],1756691444,河南,0,0,0,3579614407,answer,2f12f67b4bc19945a5af0aaa5f3e9f45,https://www.zhihu.com/people/yong-jia-83-13,不苛求,https://pic1.zhimg.com/v2-abed1a8c04700ba7d72b45195223e0ff_l.jpg?source=06d4cd63,1770834115432
11276265345,0,简直是王炸组合[赞同],1756696439,上海,0,0,0,3579614407,answer,ba35a3bf5fd0cd6988e3965f7e484194,https://www.zhihu.com/people/du-gu-qiu-xing-56,C5H8NNaO4,https://picx.zhimg.com/v2-d2f38c1cf0216a9d1483b98dc1b9838a_l.jpg?source=06d4cd63,1770834115436
11275644971,0,n年前就是这个配置了查看图片,1756590197,浙江,0,0,0,3579614407,answer,d64f175231cfb44604435785cb150395,https://www.zhihu.com/people/he-an-xia-77,合安下,https://picx.zhimg.com/v2-7dc33a393abe3d62ce6d27ed855864ed_l.jpg?source=06d4cd63,1770834115437
11275298357,0,我原来上班就是这组合，车里放一个折叠电动车，北京太堵进了4环，就找个免费车位，换电驴骑行8公里，时间上节省一点，且准点，还省油。,1756568754,北京,0,0,0,3579614407,answer,659d031e5b7c80796c9ff1cd573c490c,https://www.zhihu.com/people/xzhong-jian-ren-x,X中间人X,https://picx.zhimg.com/v2-2d82bc67816b12a8367feba6e0242ffe_l.jpg?source=06d4cd63,1770834115440
11274692656,0,我认识一个浙江老板在昆明这边搞五金配件生意的，有一辆宝马740就下地州跑业务或者谈生意的时候开开！平常就骑个小电驴五金建材市场这片到处逛，有一天骑着电驴去买菜被一位外卖小哥撞了倒地摔伤成植物人，在医院躺了一年多醒来了不过后半生只能坐轮椅了！,1756482115,云南,0,0,0,3579614407,answer,bde10b91ae0dd592fa57b409a1428324,https://www.zhihu.com/people/yan-guo-qing-75,心静如水,https://picx.zhimg.com/v2-0dc329230487346e83a20c342cbc7863_l.jpg?source=06d4cd63,1770834115444
11274522458,0,我1500的电摩(旧的)➕800以旧换新的72*45的电池。最高速度可以跑到五十(百度导航数据)，续航最高在一百三四十公里。……我上班开车40-60分钟(看是否堵车)，电摩上班稳稳的45-48分钟[飙泪笑]。,1756499111,河南,0,0,0,3579614407,answer,3490863b5edc5f608179fb846bec9adb,https://www.zhihu.com/people/mao-mao-37-41-53,毛毛,https://picx.zhimg.com/v2-20d08df33a28de825d86a85288907f2d_l.jpg?source=06d4cd63,1770834115445
11274392159,0,这涉及的是另外一个问题，是不是有车后干什么都开车出门的[思考],1756454473,浙江,0,0,0,3579614407,answer,16eb4e607590dbe0ff92822ca55801dd,https://www.zhihu.com/people/71-6-13-89-57,洛邱禾,https://pica.zhimg.com/v2-c7515a961b3e78a798dfed50b209592c_l.jpg?source=06d4cd63,1770834115448
11274089874,0,油车+电驴，才是未来，的确，挺好,1756438797,山东,0,0,0,3579614407,answer,7c0fff7f71276af93920ee595de93eda,https://www.zhihu.com/people/mjg-33-46,MJG,https://picx.zhimg.com/v2-b20366ae31b957407149363781299b0f_l.jpg?source=06d4cd63,1770834115450
11271237061,0,电车+电驴更香,1756174077,四川,0,0,0,3579614407,answer,9ae7d9c8db12ebec7ceca0bae565933c,https://www.zhihu.com/people/pc1973,中和,https://picx.zhimg.com/v2-abed1a8c04700ba7d72b45195223e0ff_l.jpg?source=06d4cd63,1770834117903
11271173983,0,随便找个加油站，说得真轻巧,1756164318,上海,0,0,0,3579614407,answer,2f52a351778fbb06b2ebbd4a8246dc82,https://www.zhihu.com/people/a-er-fa-77-49,阿尔法,https://pic1.zhimg.com/v2-7d475611e2cea5a72f7683aa7367ac11_l.jpg?source=06d4cd63,1770834117906
11270784922,0,这种电池是什么的？,1756117155,四川,0,0,0,3579614407,answer,28e3c57a8138e69e77b0c727a7667185,https://www.zhihu.com/people/81-70-93-30-33,三公会会长,https://picx.zhimg.com/v2-1a9189c790a5b5572f513327b623dfd1_l.jpg?source=06d4cd63,1770834117909
11270206223,0,电动自行车是必备的。没有经常远途旅行需求的并且有家充，纯电没问题。有长途需求的混动增程,1756112061,北京,0,0,0,3579614407,answer,13b1b1a7b7070fc1ce6cd5e7d5c467eb,https://www.zhihu.com/people/li-xiang-1-14,老李,https://pica.zhimg.com/21752e8642c9012182c3b4b80cfb51cc_l.jpg?source=06d4cd63,1770834117911
11270126421,0,这题我能答，以前家里是辆卡罗拉，基本上就是答主说的，远途开油车，近途小电驴。但是有几个现实问题答主没提：1、电驴只能春秋骑，冬天冷死，夏天热死（湖北省内四线城市，冬天0度，夏天40度）；2、一家三口小电驴坐不下啊，好不容易挤一辆车，还要躲躲藏藏，碰到交警算超载，罚50。3、刮风下雨骑不了，加装风雨挡也算违规，抓到了，交警现场撕，还要罚50。综上所述，着手换车，三五十万的豪车咱买不起，所以务实点，把油车卖了换了辆比亚迪元PLUSEV，自从买了电车，家里的电驴再也没骑出过小区，只在小区500M范围内活动，基本上就是买菜取快递用。剩下来的都是电车代替，10W左右电车的使用成本远低于油车+小电驴，开的越多越省，而且使用体验远高于油车+电驴，使用体验堪称降维打击。现在基本上都开车出门。,1756084942,湖北,0,0,0,3579614407,answer,1040147a8a210d9f32ad10bbd9c823e0,https://www.zhihu.com/people/cheng-xin-56-85,爱老婆的星星,https://picx.zhimg.com/4fb63ae357f02921f6ae8d3588b1c18c_l.jpg?source=06d4cd63,1770834117913
11270055725,0,电驴是目前最接近人脑意识行为的机动工具,1756102990,重庆,0,0,0,3579614407,answer,ad341cde3c31464ade86c176fe7c4f42,https://www.zhihu.com/people/jayson-qc,Jayson.QC,https://pica.zhimg.com/v2-35588c6ee0be851cb2299fd6d4d1b076_l.jpg?source=06d4cd63,1770834117915
11269937129,0,上海这配置 也是[感谢],1756092579,福建,0,0,0,3579614407,answer,8a93af45021b2d80ff6e8e1d1c820351,https://www.zhihu.com/people/qiang-yong-de,强咏德,https://pic1.zhimg.com/v2-abed1a8c04700ba7d72b45195223e0ff_l.jpg?source=06d4cd63,1770834117917
11268523947,0,不是网约车市场+网络营销+政策推动+高油价，电瓶车能有百分之十的占有率都阿弥陀佛了,1755940140,福建,0,0,0,3579614407,answer,f28ad6f88aeab34d1f0b215d6cef2894,https://www.zhihu.com/people/i8042t,咳咳,https://picx.zhimg.com/v2-186d86c0e8504226a3bf906876d2169d_l.jpg?source=06d4cd63,1770834117920
11268265896,0,金箭F-60S+72-32铅酸，充满电可以跑130km左右吧，自从有了这个车之后全身上下都爽歪歪，搞什么油车罗，90%的场景它都可以应用及解决[感谢]  查看图片,1755859098,湖南,2,0,0,3579614407,answer,64c65ccf58662eb91410948c1064ab9f,https://www.zhihu.com/people/86-38-50-94-24,瓷城游侠,https://pic1.zhimg.com/v2-ae822524a6e79cdc5d161f8f6c198066_l.jpg?source=06d4cd63,1770834117922
11267478945,0,给电驴加个棚，嘿，雨天出行的问题也解决了！综上，老头乐才是未来[doge],1755847963,北京,0,0,0,3579614407,answer,783547472b2bb491bd59deb8e57cb109,https://www.zhihu.com/people/ha-mi-gua-12-94,明勃宗朱常渤,https://pic1.zhimg.com/v2-fcea58128b33114b97acae3ab7a3fec6_l.jpg?source=06d4cd63,1770834117924
11264808598,0,我，油车加电三轮，天气不好时。开车，平时都自行车加电三轮,1755605460,江苏,0,0,0,3579614407,answer,7e62c746eac635c7558b9d7ffc1c7d55,https://www.zhihu.com/people/41-92-91-19,河北惠邻车位管家,https://picx.zhimg.com/v2-d63dd0f3702e4d6fa3765a78ab627633_l.jpg?source=06d4cd63,1770834120327
11257748856,0,电车家桩谷电，电驴小区楼下投币一元五小时或扫码充电，我居然觉得还是电车便宜[捂脸]！,1754961593,浙江,0,0,0,3579614407,answer,3a22b22ea237611c32fce7d4800d5a9d,https://www.zhihu.com/people/qian-chao-yong,钱潮涌,https://picx.zhimg.com/v2-4a4ae38b8d277c19935294c95f737754_l.jpg?source=06d4cd63,1770834120330
11256030587,0,电驴肯定是方便好停，但是安全问题很突出，还有就是夏天太热遭不住，冬天下雪也恼火，刮风下雨也有问题，搭着使用也还行,1754776431,四川,0,0,0,3579614407,answer,a0c4639da1ee052a636205099322a2a7,https://www.zhihu.com/people/xiao-fei-ma-40,小飞马,https://pic1.zhimg.com/v2-94767e26ccd044af061b1938d582a368_l.jpg?source=06d4cd63,1770834120335
11248538553,0,我家是一台五菱宏光mini和一台油车。反正我上下班五菱宏光MINI，家里还有电动车和自行车自己看着办吧，不过上班都很近，一两公里。。。[感谢],1754153462,广东,0,0,0,3579614407,answer,5d3fe6890ad284f61e5c711b301fb858,https://www.zhihu.com/people/10-30-67-13,傲娇修猫咪,https://pic1.zhimg.com/v2-25ac7c0d6225fc37e7f4419d75895b22_l.jpg?source=06d4cd63,1770834120337
11242316950,0,那也是混动➕电驴,1753611005,广西,0,0,0,3579614407,answer,547992813a46f185914d899d05ca6d35,https://www.zhihu.com/people/gui-bei-shu-sheng,桂北书生,https://pic1.zhimg.com/e6b750f731c4664ba6dc007e5b1bb839_l.jpg?source=06d4cd63,1770834120340
11241880578,0,电驴是真好,1753606823,山东,0,0,0,3579614407,answer,58f13d6f868f675c4a8639b884f875b1,https://www.zhihu.com/people/lu-neng-zhao-ming-13589685021,麻辣鸡丝,https://picx.zhimg.com/v2-2988462643c041d5e31223ce9ae4f5c2_l.jpg?source=06d4cd63,1770834120344
11239051181,0,我就想再买一辆三蹦子，电动的。,1753326116,湖南,0,0,0,3579614407,answer,59936394c93c99599380c06f33441c0e,https://www.zhihu.com/people/wu-lin-yan-42,江山,https://picx.zhimg.com/v2-abed1a8c04700ba7d72b45195223e0ff_l.jpg?source=06d4cd63,1770834120346
11237831456,0,油车加自行车，上班通勤公路车 15公里40分钟，周末骑个100-200公里小长途，平时短距离出行（10公里以内）直接共享单车,1753243575,北京,0,0,0,3579614407,answer,563e157ec4d2383cc2de253dd28449f1,https://www.zhihu.com/people/franken-31,Franken,https://pica.zhimg.com/v2-920948056b25f43a9a30e0d19c5daa36_l.jpg?source=06d4cd63,1770834120350
11237172058,0,这是落伍淘汰组合呀,1753178660,上海,0,0,0,3579614407,answer,fb29c02818d9be2c5cbcac0d59f66fb6,https://www.zhihu.com/people/lagers-21,lagers,https://pica.zhimg.com/v2-abed1a8c04700ba7d72b45195223e0ff_l.jpg?source=06d4cd63,1770834120354
11236079406,0,冬天再来说这话,1753065467,江苏,1,0,0,3579614407,answer,73b2c2271f27aadacf2f648d3d10662e,https://www.zhihu.com/people/zheng-xu-xin-1,郑大发神威,https://pic1.zhimg.com/v2-37abe00475323dc22d288e01e7ca7979_l.jpg?source=06d4cd63,1770834120356
11235349014,0,广西人手1-2辆电驴,1753030841,广西,0,0,0,3579614407,answer,271553103305df20e737df289847e670,https://www.zhihu.com/people/jiang-sheng-sheng-99,蒋生生,https://picx.zhimg.com/v2-abed1a8c04700ba7d72b45195223e0ff_l.jpg?source=06d4cd63,1770834122786
11232906365,0,大哥你上海可以，冬天也不是太冷，北方冬天骑电驴等你到单位缓过来就得中午了。,1752757882,山东,0,0,0,3579614407,answer,375a88e7c309edaabbb83d6b4cf476e3,https://www.zhihu.com/people/9-54-19-69,鸭兔鼠,https://picx.zhimg.com/v2-abed1a8c04700ba7d72b45195223e0ff_l.jpg?source=06d4cd63,1770834122790
11231476504,0,这种组合好多年了，今年变成比亚迪宋L混动+小牛排电驴，6个电池，表显25实际最快60,1752651746,福建,0,0,0,3579614407,answer,4a87f6bcff17ea4708df12dfc1dccb90,https://www.zhihu.com/people/hyn-28,hyn,https://pic1.zhimg.com/v2-abed1a8c04700ba7d72b45195223e0ff_l.jpg?source=06d4cd63,1770834122792
11231059702,0,刚刚充完电，约490公里续航，电车才是未来查看图片,1752629857,广东,0,0,0,3579614407,answer,dba0d8d673739c527e1e89cab494e424,https://www.zhihu.com/people/jiang-shi-xin-9,P01135809,https://picx.zhimg.com/v2-a87560e399c6b52669fe2f94a54c458f_l.jpg?source=06d4cd63,1770834122795
11227987562,0,我是地铁加电驴，前几天618我又1199喜提一台新电驴[大笑]限行我也不怕不怕了,1752313179,辽宁,0,0,0,3579614407,answer,2e358836cfcf06ebe05e1e787926fff7,https://www.zhihu.com/people/xiao-bai-91-47-77,小白,https://picx.zhimg.com/v2-abed1a8c04700ba7d72b45195223e0ff_l.jpg?source=06d4cd63,1770834122798
11227955562,0,我是油车加摩托车,1752314832,四川,0,0,0,3579614407,answer,7c86b5db2ce6b503f5169a6fa128f982,https://www.zhihu.com/people/shi-wu-54-92,十五,https://picx.zhimg.com/v2-2e4861077a371f608ddaf6320864387e_l.jpg?source=06d4cd63,1770834122801
11227710458,0,5km以内我还可以考虑骑一下两轮，稍微远一点我就不敢了，怕死。,1752282289,湖北,0,0,0,3579614407,answer,430c0d1a05e07dff9542d5a35181d006,https://www.zhihu.com/people/uron-lee,毛毛熊,https://picx.zhimg.com/v2-267bc44c234ad5d745cd0433d87324dc_l.jpg?source=06d4cd63,1770834122803
11222513184,0,这个组合香爆,1751774425,浙江,0,0,0,3579614407,answer,8be40b26ca674b63240aab5c4715b383,https://www.zhihu.com/people/somnus-39-65,乃琳Queen,https://pica.zhimg.com/v2-f64a5a8694a804056cd9c216b15386c4_l.jpg?source=06d4cd63,1770834122806
11221386825,0,全景天窗，360影像,1751674172,湖北,0,0,0,3579614407,answer,5dfa16013b26aff6e102966278c8fe00,https://www.zhihu.com/people/gao-shan-liu-shui-52-49,高山流水,https://pic1.zhimg.com/v2-abed1a8c04700ba7d72b45195223e0ff_l.jpg?source=06d4cd63,1770834122808
11217789768,0,我已经这么干好多年[微笑][微笑][微笑],1751340564,湖北,0,0,0,3579614407,answer,2d1ef8f62d3306a43128331f7a1917df,https://www.zhihu.com/people/chui-niu-zhi-ba-sun-wen-jing,吹牛之霸孙文静,https://pica.zhimg.com/v2-abed1a8c04700ba7d72b45195223e0ff_l.jpg?source=06d4cd63,1770834122810
11216855407,0,油车+电车+电驴[调皮],1751250071,上海,0,0,0,3579614407,answer,9a1234967065df91c0ffbaf9343d3f64,https://www.zhihu.com/people/ma-wei-yi-45,LeeLzz,https://picx.zhimg.com/v2-4c8d1a38af8dc886babf58b04ea3a642_l.jpg?source=06d4cd63,1770834125253
11216538131,0,限速25还是高了，限到20看你买不买电车[生气],1751248385,北京,0,0,0,3579614407,answer,9370d959224d72b23b719aaac68d9e6d,https://www.zhihu.com/people/zi-ji-shuang,訾纪双,https://pica.zhimg.com/v2-abed1a8c04700ba7d72b45195223e0ff_l.jpg?source=06d4cd63,1770834125255
11215792108,0,春秋天还行，上海的冬夏不行，因为我们家有两台电驴。春秋是真神器。,1751083407,上海,0,0,0,3579614407,answer,420618112991533c6713e4e4b9103a60,https://www.zhihu.com/people/shen-jing-gong-zuo-zhe-26,momo,https://picx.zhimg.com/v2-f0e38d8b271535514fb186ef37f57d9f_l.jpg?source=06d4cd63,1770834125258
11213255957,0,电车和油车都相爱相杀了100年了，油车活的好好的，电车则换了个马甲叫新能源,1750861840,内蒙古,0,0,0,3579614407,answer,fdad0e5a16df48233bd84de0472b9113,https://www.zhihu.com/people/yong-hu-bu-zai-xian-39,用户不在线,https://pica.zhimg.com/v2-abed1a8c04700ba7d72b45195223e0ff_l.jpg?source=06d4cd63,1770834125261
11212132966,0,我已经升级为高级电驴9号了，10公里之内基本不开车，停车费也省了。[大笑],1750736285,上海,0,0,0,3579614407,answer,e73e957004bfb59c044091787d79c406,https://www.zhihu.com/people/qian-liang-30-18,KenyaSimba,https://pic1.zhimg.com/5e4212309c58d83d4a3e746f7534edf1_l.jpg?source=06d4cd63,1770834125263
11212088170,0,[doge]错了，油车+电老头乐才是未来，下雨你还可以挡雨,1750752884,广东,0,0,0,3579614407,answer,aea88f5ac4a3683737e44ce201a4abeb,https://www.zhihu.com/people/tan-xu-3,拿鉕抡你,https://pic1.zhimg.com/v2-87a08d6993d861883e2a91c12ffe7333_l.jpg?source=06d4cd63,1770834125266
11212081548,0,这是刚刷到的另一个帖，自行车摩托车这类工具安全系数太低了 查看图片,1750744020,广东,0,0,0,3579614407,answer,cb7b52c48e85cca85b23118f54f4ee96,https://www.zhihu.com/people/shao-34-45,Shao,https://pica.zhimg.com/v2-573f8ca771a4f746d16460dc7424742f_l.jpg?source=06d4cd63,1770834125268
11211653753,0,电驴不行，最后还得回归肉驴,1750681246,上海,0,0,0,3579614407,answer,5dcff26986690e4476361bb85f1f773e,https://www.zhihu.com/people/kzhang,日日新,https://pic1.zhimg.com/v2-954273e8eab29022bf5d3e58ce0dd626_l.jpg?source=06d4cd63,1770834125270
11202738946,0,最好的组合,1749792326,浙江,0,0,0,3579614407,answer,a2210fea7509c3b8ffe95516fba87755,https://www.zhihu.com/people/973791,973791,https://pic1.zhimg.com/v2-e033dc591d646654c26ef0b7236ab973_l.jpg?source=06d4cd63,1770834125273
11202020856,0,和我一样。油车开了10年9万公里。后来家里两个小电驴。有的时候我跟老婆上班都不开车。下雨，一个人开车。一个人打的。,1749722407,浙江,0,0,0,3579614407,answer,0325766c43a54ce2308588059c2032a5,https://www.zhihu.com/people/wu-wei-ye-45,无为也,https://pica.zhimg.com/v2-abed1a8c04700ba7d72b45195223e0ff_l.jpg?source=06d4cd63,1770834125275
11199419260,0,我电驴都上万了,1749516843,广东,0,0,0,3579614407,answer,ec95960192b318cc2e7b69fcbe9e0479,https://www.zhihu.com/people/yitai-20,一太,https://picx.zhimg.com/v2-abed1a8c04700ba7d72b45195223e0ff_l.jpg?source=06d4cd63,1770834127887
11198148100,0,汽车一年保养一次差不多开了200小时，电动自行车通勤一天一小时，一年差不多行驶也要260多小时,1749355089,安徽,0,0,0,3579614407,answer,306f046b45570a13d7b5ce2d27de906e,https://www.zhihu.com/people/liumengo,火星walle,https://picx.zhimg.com/v2-2f591756159c019aef2ca6b85b5d17ae_l.jpg?source=06d4cd63,1770834127890
11194709970,0,南方，人手必备电驴,1749027033,广西,0,0,0,3579614407,answer,e477c8ed7e0188881acf0ca17c32dd93,https://www.zhihu.com/people/mei-wen-hua-54-88,三十岁的心,https://picx.zhimg.com/v2-abed1a8c04700ba7d72b45195223e0ff_l.jpg?source=06d4cd63,1770834127892
11194355131,0,醍醐灌顶，茅塞顿开，豁然开朗，一语惊醒梦中人,1749007334,广东,0,0,0,3579614407,answer,e9e6d34968214302145e7fe4fc64d113,https://www.zhihu.com/people/a-lu-26-86,驳沿伢,https://pic1.zhimg.com/v2-abed1a8c04700ba7d72b45195223e0ff_l.jpg?source=06d4cd63,1770834127894
11193120223,0,冬天开电驴不要太冷啊,1748870371,江苏,0,0,0,3579614407,answer,bdf79d2a0db160363590e6a684503e1e,https://www.zhihu.com/people/cha-cheng-1-2,渐行远,https://picx.zhimg.com/v2-d2c8c7a160893d5f7531125da444cb4f_l.jpg?source=06d4cd63,1770834127896
11192861253,0,大部分人都这样吧，一到下雨天，路上汽车水泄不通，骑电驴的都开车出门了。,1748866776,云南,0,0,0,3579614407,answer,bb605caba37119aa20949f384573041a,https://www.zhihu.com/people/ci-hao-yi-bei-jin-yan,被迫改名,https://picx.zhimg.com/v2-7ed42b71cd6c2e20833531a86c423910_l.jpg?source=06d4cd63,1770834127899
11192610500,0,家里2辆油车，还有4辆电毛驴[大笑]，经常骑毛驴有人说加不起油[捂脸][捂脸][捂脸]，有开车的时间骑毛驴早就到了,1748823627,云南,0,0,0,3579614407,answer,d35713eddfb6061fa347a28930366b9b,https://www.zhihu.com/people/85-25-48-80-95,向云端,https://pica.zhimg.com/v2-48bf1d4a12cf4d03ff08e9856aa3d6c2_l.jpg?source=06d4cd63,1770834127901
11192006802,0,说实话，这才是经济实用的最优解,1748744414,贵州,0,0,0,3579614407,answer,59396ccf9cad25bf47009582e384f5ed,https://www.zhihu.com/people/de-hua-68-80,德华,https://picx.zhimg.com/v2-abed1a8c04700ba7d72b45195223e0ff_l.jpg?source=06d4cd63,1770834127903
11191005768,0,自燃风险也没有，随时跑路,1748674072,福建,0,0,0,3579614407,answer,36e65f38aa0f60c27fff0942e0c10f0c,https://www.zhihu.com/people/a-hu-82-2,阿虎,https://picx.zhimg.com/v2-abed1a8c04700ba7d72b45195223e0ff_l.jpg?source=06d4cd63,1770834127906
11189521692,0,我家人手一台小电驴，去年用国补换了一台几万块钱的油车，跟我弟弟一起用，日常上班大家都是小电驴，谁有事出远门，谁去开车，这个组合我觉得真是很nice。,1748482241,江苏,1,0,0,3579614407,answer,2f5e917c9b7634b8b31f766d0caf94b0,https://www.zhihu.com/people/tao-yao-yao-63-43,桃夭夭,https://picx.zhimg.com/55c6c136d4fbcd25663dded0a44536d6_l.jpg?source=06d4cd63,1770834127908
11186743270,0,欧洲和美国还有日本新能源车发展不是很顺利的，主要原因是船大难掉头。传统机械传动方式代表的利益太多了，牵一发动全身，谁都不肯让利，只能这样守着。谁想搞新的谁就会被坑死,1748235962,江苏,0,0,0,3579614407,answer,c218074a5d8abac809c3045700ce6a79,https://www.zhihu.com/people/zz-3-69-3,知乎用户zz,https://pica.zhimg.com/v2-4ae57e69583ba042e6fb26fe0e5f1667_l.jpg?source=06d4cd63,1770834130345
11181297064,0,电动车两年干了9000公里,1747637686,福建,0,0,0,3579614407,answer,a364aab0ef7c45f359cdaa834a78fbbb,https://www.zhihu.com/people/70-98-18-92-58,半夏,https://pic1.zhimg.com/v2-5fc67a2efe2e8f52b40fac8a80da1442_l.jpg?source=06d4cd63,1770834130348
11180900067,0,两箱油就是这么来的,1747584389,北京,1,0,0,3579614407,answer,fb7c6d2cc4f78dbd59a9a12b68ef33a8,https://www.zhihu.com/people/hcy-io,曲终涕泗流,https://pic1.zhimg.com/v2-abed1a8c04700ba7d72b45195223e0ff_l.jpg?source=06d4cd63,1770834130351
11180748448,0,我也是你这种操作，结果一年下来膝盖废了，最后还是换了电车,1747553036,宁夏,0,0,0,3579614407,answer,20fe00608373efbb7f943f6c8780c8f3,https://www.zhihu.com/people/bai-bai-de-xiao-bai-54-48,白白的小白,https://picx.zhimg.com/v2-220649eb5669f113470553551a711570_l.jpg?source=06d4cd63,1770834130354
11177260107,0,有电车，就会发现自己想象的都是伪需求，五一、国庆、春节，我都开电车出去玩，700续航的车，没有任何障碍，30%电就去找充电的地方，规划都不用做。车特别多就下高速冲，正好开车时间长了，乘着充电的时间吃点东西活动下。第二辆电车的，基本1-2年后发现油车狗都不开，然后卖掉。换油车开简直是在受罪,1747230452,安徽,0,0,0,3579614407,answer,8619e72504733355988a8c09182cca3e,https://www.zhihu.com/people/77-75-23-51-26,李想,https://pic1.zhimg.com/v2-567cda0465c814442996c20e76ede2c9_l.jpg?source=06d4cd63,1770834130356
11174587550,0,我们同事前几年骑这个摔死了，不是咒你，是真事，就是帮你想清楚买车的意义,1746940727,江苏,2,0,0,3579614407,answer,4f3cbc05514208f26944d2bc52614c62,https://www.zhihu.com/people/lao-shu-sha-shou,老鼠杀手,https://picx.zhimg.com/v2-abed1a8c04700ba7d72b45195223e0ff_l.jpg?source=06d4cd63,1770834130358
11165015073,0,为啥不直接上混动呢，，，平时用电，出远门用油，，电驴我是真开不来，风吹日晒的。还怕不安全。,1745823656,湖南,0,0,0,3579614407,answer,025f1241c8fa4c861ba16b7a1b2ff6a7,https://www.zhihu.com/people/wu-hao-21-19-45,五号,https://picx.zhimg.com/v2-abed1a8c04700ba7d72b45195223e0ff_l.jpg?source=06d4cd63,1770834130361
11164803957,0,不适合通勤距离太长，每次通勤都打车钱包遭不住,1745805880,中国香港,0,0,0,3579614407,answer,5593b3f565bf11bde686c1c0864fd197,https://www.zhihu.com/people/nan-tiao-21,布丁,https://picx.zhimg.com/v2-abed1a8c04700ba7d72b45195223e0ff_l.jpg?source=06d4cd63,1770834130364
11223698187,0,我现在喜欢三轮鸡，真是能装啊路边随手停，奥迪都不香,1751935300,四川,0,0,0,3579614407,answer,254eadb9e042f9aa5f6f73c5b94e61f8,https://www.zhihu.com/people/wendy-bridge,wendy bridge,https://picx.zhimg.com/03b42d62450ffcb05428b958512bea22_l.jpg?source=06d4cd63,1770834130367
11211564682,0,油驴 电车,1750681810,陕西,0,0,0,3579614407,answer,6edc43a8744cb46d429ed1059733e7c2,https://www.zhihu.com/people/liu-yi-36-58,刘马扎,https://pic1.zhimg.com/v2-bd9de6dfe81510d074bb39417a5f5cfa_l.jpg?source=06d4cd63,1770834130370
11389445845,0,出租车不是车吗？行驶里程远大于家用车的场景都做出了选择，家用就不能用了吗？,1768026215,澳大利亚,0,1,0,1987129433849606564,answer,07345ccf9fb350e5ed6f96de0aff5e79,https://www.zhihu.com/people/rao-fu-feng,他山之石,https://picx.zhimg.com/6df3fd98778245b0f144cc7978318590_l.jpg?source=06d4cd63,1770834156486
11392559681,0,具体是几千万？2千万？8千万？,1768352093,陕西,0,1,0,1987129433849606564,answer,efb231d72c85e40ab0bc26c939fa1732,https://www.zhihu.com/people/wingzhao,翅膀,https://pic1.zhimg.com/v2-d66849bc48f27128eb3ec17932c5f70a_l.jpg?source=06d4cd63,1770834156489
11392038934,0,以前是说出租车都用这个车，说明这个车质量稳定[捂脸],1768349224,浙江,0,1,0,1987129433849606564,answer,de42418868cc3d219355a6feb43e3c4f,https://www.zhihu.com/people/xiong-ying-wen-89,文颖熊,https://pic1.zhimg.com/v2-687b4efae91169bac20d584c45817321_l.jpg?source=06d4cd63,1770834156491
11385969400,0,那你把油车的出租车也去掉呗,1767678731,新疆,1,1,0,1987129433849606564,answer,aaf49fd6b11fdf757be112ca0288512a,https://www.zhihu.com/people/li-cheng-70-6-87,庐山烟雨浙江潮,https://pica.zhimg.com/v2-2cf2415670a05acc66625ff86cd4c2be_l.jpg?source=06d4cd63,1770834156494
11397103015,0,不是说能当出租车的都是因为质量好吗？[捂嘴],1768881517,湖北,0,0,0,1987129433849606564,answer,0341d5cf9b850a85838cd8cc8beda348,https://www.zhihu.com/people/rong-zui-sheng-zhi-fan-he,RX78,https://picx.zhimg.com/v2-5c2fb43ba43f9665c4df64e49bfb162e_l.jpg?source=06d4cd63,1770834156496
11394222713,0,新时代定语战神,1768541706,上海,0,0,0,1987129433849606564,answer,f2b49d4cf2b92813c927dc91e4b96e99,https://www.zhihu.com/people/colline-89,colline,https://pic1.zhimg.com/v2-abed1a8c04700ba7d72b45195223e0ff_l.jpg?source=06d4cd63,1770834156499
11385226998,0,为什么要去掉？人家的钱不是钱？,1767608346,湖南,1,0,0,1987129433849606564,answer,1050c868ba2195c0c1ae750c6ca6dbe1,https://www.zhihu.com/people/qing-shan-lei-luo-90-75,青衫磊落,https://pic1.zhimg.com/v2-bddc7dcdbda2829f8e7bc69af5b8669b_l.jpg?source=06d4cd63,1770834156502
11383156590,0,你干脆把所有绿牌的新能源的车全部排除好了,1767430649,广东,0,0,0,1987129433849606564,answer,64b0b9bc47b2dd5ed8e8b74c51dc1337,https://www.zhihu.com/people/william-1-80,william,https://pic1.zhimg.com/v2-26242901e052d038417119c21b424542_l.jpg?source=06d4cd63,1770834156505
11379719051,0,对于经济性很敏感的家庭选择家用轿车，最佳选择就是当地的主流出租车车型。所以你为什么要把这类车排除？,1766981734,新疆,3,0,0,1987129433849606564,answer,67b8d9e0ec44f86b22b101cfd2c0703a,https://www.zhihu.com/people/cai-peng-cheng-95-10,蔡鹏程,https://pic1.zhimg.com/v2-55e268a99bfc480301edb9b202ed9329_l.jpg?source=06d4cd63,1770834156507
11388863813,0,市场上80以上的绿牌都是家用，你这50%的数据哪来的？臆想的嘛？,1767933166,江西,0,0,0,1987129433849606564,answer,d6480cada81a904a024f1d48eca7ea55,https://www.zhihu.com/people/an-la-wo-de-xin,胖子的面条,https://picx.zhimg.com/v2-abed1a8c04700ba7d72b45195223e0ff_l.jpg?source=06d4cd63,1770834156510
4691565804,0,最好的绿色出行就是自行车🚲[大笑],1630508605,,0,0,0,405922966,article,7c5a043ab74d536413f2cc09a387ef06,https://www.zhihu.com/people/metal-hoo,whzp2008,https://pic1.zhimg.com/v2-988befad1cf908191c3b8b0ff7b5c671_l.jpg?source=06d4cd63,1770834162387
10066620277,0,武汉碳包宝是软件吗,1645433093,,0,0,0,2254940756,answer,bfa30fafbf6b7d7f5ccfb11a56d71d95,https://www.zhihu.com/people/ggboy-11-93,cheerful,https://pic1.zhimg.com/v2-95806fe882caedf08a454a2baad12a61_l.jpg?source=06d4cd63,1770834274903
4572715364,0,双积分和碳积分是两回事,1626426128,,0,3,0,379028270,article,ce20a53e886c8ca69326230631035f1c,https://www.zhihu.com/people/lei-magic,雷magic,https://picx.zhimg.com/v2-abed1a8c04700ba7d72b45195223e0ff_l.jpg?source=06d4cd63,1770834288249
10089430627,0,碳积分是碳足迹的量化，如何量化记录需要一个工具，给普通人记录碳足迹的碳元域不久将会上线。双积分是指碳排放额度的正积分与负积分。加V18171600112交流。,1647382804,,0,0,0,379028270,article,b8296e70f253dfd9ee6baf4ca15287e4,https://www.zhihu.com/people/zhen-xia-jiu-you-46,枕霞旧友,https://picx.zhimg.com/v2-abed1a8c04700ba7d72b45195223e0ff_l.jpg?source=06d4cd63,1770834288252
4795787775,0,那么问题又来了：怎么知道销售一辆车，会得到几个积分呢，怎么判定的？,1633018829,,0,0,0,379028270,article,9c67a24171bf7f71b3697ccbf3443128,https://www.zhihu.com/people/yang-fan-50-77,知乎用户6vMoZR,https://picx.zhimg.com/v2-55c2bc92e59952204d160ea95dd17815_l.jpg?source=06d4cd63,1770834288255
11335901196,0,讲得很有道理，恶事西方干，骂名中国背。这锅中国不能再背了。,1762577269,湖北,0,28,0,1970198403712525985,answer,dc17ac68250404937d0bf334e28b57b0,https://www.zhihu.com/people/wanf-song,风入松,https://pica.zhimg.com/v2-abed1a8c04700ba7d72b45195223e0ff_l.jpg?source=06d4cd63,1770834292598
11335390090,0,我也觉得，根源在万恶的西方垄断资本主义,1762513063,广西,0,15,0,1970198403712525985,answer,ee40027a86e36e4592b7cb1aee38fad9,https://www.zhihu.com/people/lao-gong-81-11,老龚,https://pica.zhimg.com/5d50e4df39f026c643f4f7cd7a621840_l.jpg?source=06d4cd63,1770834292601
11336660248,0,丁院士：我就问中国人算不算人,1762690212,广东,0,11,0,1970198403712525985,answer,ef797fef2de7e70059ca991259821312,https://www.zhihu.com/people/lksimba,精灵狮,https://pica.zhimg.com/v2-94a42e2584683113247e82c7170a2cbc_l.jpg?source=06d4cd63,1770834292604
11336681010,0,估计西方还得玩其他花样，例如 谁产的电多，就得罚款的 法律。[飙泪笑][飙泪笑][飙泪笑]不缴纳就限制。,1762672879,辽宁,11,7,0,1970198403712525985,answer,b90b84418c9985649b850ae59b39735a,https://www.zhihu.com/people/qing-hui-ye-yao,清辉夜耀,https://picx.zhimg.com/v2-92996a01a6a26f62f9a4173e1d56152f_l.jpg?source=06d4cd63,1770834292606
11336832857,0,爽哥已经行使回应权骂回去了，犯不着这么激动。,1762692187,山东,2,4,0,1970198403712525985,answer,cc8427015c77cef39a912982301eec2c,https://www.zhihu.com/people/li-yi-tao-32-6,玛卡巴卡,https://picx.zhimg.com/v2-3911b7420fae8f7ec79678ecfe32b2d5_l.jpg?source=06d4cd63,1770834292608
11336768922,0,老天爷应该收了那个姓柴的,1762676834,江苏,0,1,0,1970198403712525985,answer,4e6d90daa6b6a49f89f98264defa3349,https://www.zhihu.com/people/55-53-90-53,多多,https://pica.zhimg.com/v2-10b20470e80a6274affe25aeba407dce_l.jpg?source=06d4cd63,1770834292611
11337654510,0,有些人，把西方人想的太好了其实，人性都是一样的,1762742105,山东,0,1,0,1970198403712525985,answer,38c348280d19446c85c7e4e78a20c27b,https://www.zhihu.com/people/liu-zhong-wei-35-56,momo,https://picx.zhimg.com/v2-bb8e013aa95012dafdc51fdfaa8738c9_l.jpg?source=06d4cd63,1770834292613
11336387355,0,只知道种地的民族怎么会有坏心眼儿,1762661987,黑龙江,0,2,0,1970198403712525985,answer,8f3d9c334a80f0693403e6737afc462d,https://www.zhihu.com/people/lai-sheng-huan-sheng-zhong-hua-jia,来生还在种花家,https://picx.zhimg.com/v2-dcbe56ea284292b2754d06b03ceb337f_l.jpg?source=06d4cd63,1770834292616
11335780416,0,老钟🕰️正好顺水推舟,1762573594,上海,0,2,0,1970198403712525985,answer,a17ba878b7db17a2a31862b71c67500a,https://www.zhihu.com/people/bai-zhang-ji,百丈漈,https://pic1.zhimg.com/v2-d3635f158d287841fbb6e1459025c53b_l.jpg?source=06d4cd63,1770834292618
11336859866,0,太对了，以后规则自己定，去他的西方,1762692383,河北,0,1,0,1970198403712525985,answer,69bf4510885ae2085eab96a54966c019,https://www.zhihu.com/people/xie-ding-mao-49-36,薛定猫,https://pica.zhimg.com/v2-ccc04f8255cb825e8e9deabb398f0740_l.jpg?source=06d4cd63,1770834292620
11337267048,0,中国的火电技术早就是先进的环保技术了。是国家技术管制禁止出口。,1762694890,浙江,0,1,0,1970198403712525985,answer,8a73a43aae3e2c69ff98aa0753b14826,https://www.zhihu.com/people/zhang-cheng-4-92,光与影的平衡,https://picx.zhimg.com/v2-abed1a8c04700ba7d72b45195223e0ff_l.jpg?source=06d4cd63,1770834294951
11335750418,0,也别说的自己那么白莲花，其实就是让老美冲，对我们自己也有利,1762574234,广东,0,1,3,1970198403712525985,answer,feb01ea91ce0bd330ff64ecf2cc412d7,https://www.zhihu.com/people/pu-ti-zi-10,菩提子,https://pic1.zhimg.com/v2-abed1a8c04700ba7d72b45195223e0ff_l.jpg?source=06d4cd63,1770834294953
11336977253,0,你就没想过，我们借着西方刮起的风，禁止煤电出口，准备干掉其他国家的工业吗，没电搞个屁的工业，所有电力系统中，最可靠的就是火电，能在大部分地方落地生根，成为一个区域的强大能源引擎,1762689028,山东,0,1,1,1970198403712525985,answer,28463478cef6e96360ee857e9868b6e0,https://www.zhihu.com/people/wu-wang-82-31-56,无忘,https://picx.zhimg.com/v2-abed1a8c04700ba7d72b45195223e0ff_l.jpg?source=06d4cd63,1770834294956
11336751087,0,明明那么多国家和人穷的要死，他们说产能过剩……[捂脸][捂脸][捂脸],1762698165,湖北,0,0,0,1970198403712525985,answer,9b59ad7105295d803e11ea4bc24b5887,https://www.zhihu.com/people/zhang-yang-76-9-67,飞狐,https://picx.zhimg.com/v2-abed1a8c04700ba7d72b45195223e0ff_l.jpg?source=06d4cd63,1770834294958
11336768922,0,老天爷应该收了那个姓柴的,1762676834,江苏,0,1,0,1970198403712525985,answer,4e6d90daa6b6a49f89f98264defa3349,https://www.zhihu.com/people/55-53-90-53,多多,https://picx.zhimg.com/v2-10b20470e80a6274affe25aeba407dce_l.jpg?source=06d4cd63,1770834294961
11336859866,0,太对了，以后规则自己定，去他的西方,1762692383,河北,0,1,0,1970198403712525985,answer,69bf4510885ae2085eab96a54966c019,https://www.zhihu.com/people/xie-ding-mao-49-36,薛定猫,https://picx.zhimg.com/v2-ccc04f8255cb825e8e9deabb398f0740_l.jpg?source=06d4cd63,1770834294964
11336069545,0,柴静之流除了名字是汉字 ，其他都全盘西化了,1762569975,重庆,0,9,0,1970198403712525985,answer,eca38af9acb5fccb06b556ab24dbb501,https://www.zhihu.com/people/ycnmp-32,风舟-媒体人,https://pic1.zhimg.com/v2-09e8c935d8a40eee089679dbcef9eec8_l.jpg?source=06d4cd63,1770834294967
10510683201,0,会减少老旧机组，但是完全退役是不可能的,1679668633,新疆,0,4,0,2648524068,answer,1f4db7dc07eb81dcb51795bc68448dab,https://www.zhihu.com/people/xiao-xiao-de-zou-zai-lu-shang,小小的走在路上,https://picx.zhimg.com/v2-abed1a8c04700ba7d72b45195223e0ff_l.jpg?source=06d4cd63,1770834299317
10602620777,0,说的对，这就是我看到的,1687995983,江苏,0,2,0,2648524068,answer,f2da7b9dc2f9d413680d33edc4fc14e5,https://www.zhihu.com/people/wo-jiao-da-tou-18,酸萝卜别吃,https://pic1.zhimg.com/v2-ba4998c519f03d8212a6d37f74043377_l.jpg?source=06d4cd63,1770834299320
10442375829,0,清醒,1676045748,甘肃,0,1,0,2648524068,answer,27207be0ebfc8b005bcd692ef019e428,https://www.zhihu.com/people/guan-yun-41,官云,https://pic1.zhimg.com/v2-abed1a8c04700ba7d72b45195223e0ff_l.jpg?source=06d4cd63,1770834299322
10669418914,0,这不就是新能源汽车制造转让碳分的模式,1693788888,湖南,1,0,0,2648524068,answer,26645d407608c49ce4575182b3dba48e,https://www.zhihu.com/people/yi-qi-xin-xiang,一起心翔,https://picx.zhimg.com/v2-abed1a8c04700ba7d72b45195223e0ff_l.jpg?source=06d4cd63,1770834299325
10632309012,0,绿氢+氢燃机自己就闭环了，真没煤电啥事儿,1690515968,上海,15,0,0,2648524068,answer,c3a6aab2ab2d59542715da8bb64ea830,https://www.zhihu.com/people/re-er-lu-xun-huan,清迈雾霭,https://pic1.zhimg.com/v2-9712062d5664750895613c219cb14804_l.jpg?source=06d4cd63,1770834299328
9952337802,0,个人能参与吗？,1636518998,,3,2,0,370095154,article,9bfe5a880167570d8ceb418b3c66cc30,https://www.zhihu.com/people/chao-xi-37-88-85,知乎用户FkzY88,https://picx.zhimg.com/v2-abed1a8c04700ba7d72b45195223e0ff_l.jpg?source=06d4cd63,1770834303646
10978135057,0,说白了不就是钱嘛,1724976413,,0,0,0,370095154,article,2f42ca2c2e5369b28def358d526411ac,https://www.zhihu.com/people/lan-hua-92-62-28,兰画,https://picx.zhimg.com/v2-6c283682e3c4dc6322f6b264e83e16ad_l.jpg?source=06d4cd63,1770834303649
10023322621,0,怎么算一个碳积分呀，一辆车一个？,1640655814,,0,0,0,370095154,article,17923ca056884db023a11271d480860e,https://www.zhihu.com/people/tian-yu-xing-chen-93,天宇星辰,https://pica.zhimg.com/v2-acacf15626cb9c35635e1cf6cf50965a_l.jpg?source=06d4cd63,1770834303651
10013060482,0,一个碳积分3000元，那么我们低碳行多少时间可以增加一个碳积分,1639060924,,1,0,0,370095154,article,81e43186d00da69131e91aab90957008,https://www.zhihu.com/people/hong-hu-34-96,优酒优购平价连锁,https://picx.zhimg.com/v2-fb71631a8c78b45354abd4a333716359_l.jpg?source=06d4cd63,1770834303653
9969429136,0,除了生产新能源汽车外，还有别的途径增加碳积分吗？,1638154970,,1,0,0,370095154,article,447274ed3b04719a3dc78afa4417a03f,https://www.zhihu.com/people/zuan-shi-lie-hen-5,钻石裂痕,https://picx.zhimg.com/80963f3d3e4284548337229808df0015_l.jpg?source=06d4cd63,1770834303655
4681997941,0,这个介绍简单易懂,1629863883,,0,0,0,370095154,article,2663f899120bfa48698983494b1b4d41,https://www.zhihu.com/people/qq316950980,勇敢的小羊,https://pic1.zhimg.com/v2-6f5650d2d671b2c77123ea54ccbc2867_l.jpg?source=06d4cd63,1770834303658
10931486715,0,前两年加拿大的山火少了多久，产生的二氧化碳够多少汽车排放多少年了？也没见西方国家去灭过火。中国罚企业的款，你们就说是创收，西方罚款就是为人类着想[笑哭][笑哭],1720778562,河北,1,0,0,3559496914,answer,a802de72507e88a7e8dc796e83fbacb3,https://www.zhihu.com/people/xia-qing-song-88,夏青松,https://picx.zhimg.com/v2-abed1a8c04700ba7d72b45195223e0ff_l.jpg?source=06d4cd63,1770834307962
2137936004,0,电动汽车只是提供了使用清洁能源的一种可能性，如果只是用火电，而不用清洁电能，这个碳积分不的意义不就打折了吗？,1619761298,,2,0,0,1859030803,answer,03d37bc681d952b697ad1a0834a98cc8,https://www.zhihu.com/people/raymoon-98,HALLO,https://pica.zhimg.com/v2-a6be0da68bf02d81a7c931c75ace9f28_l.jpg?source=06d4cd63,1770834314601
11127985444,0,[捂嘴]答主怎么不说人家的标准确实更符合人类永久可持续发展的要求呢？,1741501472,北京,1,0,0,118817323321,answer,37afc85f649b0ad686cc1dd197f7be95,https://www.zhihu.com/people/47-53-81-52-4,大郎马克斯,https://pic1.zhimg.com/v2-22dfe7094375e34e38695123acd219db_l.jpg?source=06d4cd63,1770834318927
10195915832,0,个人认为如果把碳普惠接入碳交易平台效果会好很多,1656214737,湖北,0,2,0,516714875,article,a35994ede51c7ee1fbc6ba0b309d7043,https://www.zhihu.com/people/gu-fen-64-16,孤坟,https://pic1.zhimg.com/v2-27f1e5bd73f69c08d76514f92f1ce3a2_l.jpg?source=06d4cd63,1770834323293
10860978440,0,个人碳积分无法商用，这个解决不了，法理上做不到就没什么意义,1713849651,吉林,0,0,0,516714875,article,df111de04a02164f67c4db8006772952,https://www.zhihu.com/people/jian-fei-97,减肥,https://picx.zhimg.com/v2-348a2aeee5c08f6b2a81ee08d5ee0de4_l.jpg?source=06d4cd63,1770834323295
10490970866,0,搬运工,1677982435,广东,0,0,0,516714875,article,18107d08cbb9cc4d99bc86d6ed0bffef,https://www.zhihu.com/people/bei-chen-44-17,北宸,https://picx.zhimg.com/v2-abed1a8c04700ba7d72b45195223e0ff_l.jpg?source=06d4cd63,1770834323298
10444447698,0,才看到文中的0519，此文章是打电报复制别人的，所有回复0519的朋友抱歉[拜托]，有想了解双碳相关知识的关注“碳圈资讯”公众号[害羞][害羞][害羞],1676254882,河北,0,0,0,516714875,article,1d702ed60a76a035ef1e58d21cfa7744,https://www.zhihu.com/people/hu-dou-jiu-ka-pei,碳资产与能源管理,https://picx.zhimg.com/v2-89dddba774aa98bcfe3810e1f0d2aa59_l.jpg?source=06d4cd63,1770834323300
10439506035,0,0519,1675844477,宁夏,0,0,0,516714875,article,83faef09c44cee9bffba8f85123e7e6e,https://www.zhihu.com/people/daisy-15-83-80,Daisy,https://pic1.zhimg.com/v2-abed1a8c04700ba7d72b45195223e0ff_l.jpg?source=06d4cd63,1770834323303
10437248411,0,0519,1675618441,北京,0,0,0,516714875,article,e15e99f4cc5a003bf4f5cfa3b71cde61,https://www.zhihu.com/people/ma-yi-5,无缰,https://picx.zhimg.com/v2-285cadd2941c2dc555758c4166eea425_l.jpg?source=06d4cd63,1770834323305
10436574429,0,0519,1675649297,上海,0,0,0,516714875,article,e1b3d0d990539c7dd9c8a1cd1b967bbf,https://www.zhihu.com/people/freeman-jun,Freeman Jun,https://pica.zhimg.com/v2-abed1a8c04700ba7d72b45195223e0ff_l.jpg?source=06d4cd63,1770834323307
10432301290,0,0519,1675233871,吉林,0,0,0,516714875,article,6eb17576f1fcc9a214ea16210b0d2aa1,https://www.zhihu.com/people/wasammisun,Taylor Sun,https://picx.zhimg.com/bfe4f4094b7e1d00aaa7811874aaf453_l.jpg?source=06d4cd63,1770834323310
10414028744,0,0519,1673596209,浙江,0,0,0,516714875,article,9c2a903ea8dacea95d8e11dd84e6cedb,https://www.zhihu.com/people/coslma,coslma,https://picx.zhimg.com/v2-abed1a8c04700ba7d72b45195223e0ff_l.jpg?source=06d4cd63,1770834323312
10412974436,0,0519,1673507039,湖北,0,0,0,516714875,article,8831db2d36bc3025955e53b7f4779f4e,https://www.zhihu.com/people/li-da-chui-87-52,李大锤,https://pic1.zhimg.com/v2-abed1a8c04700ba7d72b45195223e0ff_l.jpg?source=06d4cd63,1770834323314
10411230700,0,0519,1673353508,江西,0,0,0,516714875,article,247f83ef6c7cdd8f11ac5c8ee52bdf22,https://www.zhihu.com/people/wei-wei-25-54-93,未未,https://picx.zhimg.com/v2-618b416a4964d9e9625465a78b37a520_l.jpg?source=06d4cd63,1770834325689
10399868410,0,0519,1672379389,广东,0,0,0,516714875,article,7196a01737f05bd6dec0d4521518d717,https://www.zhihu.com/people/ni-hao-23-61-20,你好,https://picx.zhimg.com/v2-d217ec4ecb6cb74239868084c4970884_l.jpg?source=06d4cd63,1770834325692
10398472506,0,0519,1672283341,江苏,0,0,0,516714875,article,f2d7c3605512d3e92e804a28ec7b1cf1,https://www.zhihu.com/people/di-hai-feng-87-66,翟海峰,https://picx.zhimg.com/v2-48cb10975c78996067d124c0c86b6c9b_l.jpg?source=06d4cd63,1770834325695
10386759302,0,0519,1671195757,浙江,0,0,0,516714875,article,2cd28b45a0da648079c89459eb4b9a16,https://www.zhihu.com/people/yyss-86-69,yyss,https://picx.zhimg.com/v2-abed1a8c04700ba7d72b45195223e0ff_l.jpg?source=06d4cd63,1770834325698
10363988524,0,0519,1669291470,上海,0,0,0,516714875,article,a1d5d9f7b9feba6cb5a08b41de95f831,https://www.zhihu.com/people/ni-hao-62-7-37-78,你好,https://picx.zhimg.com/v2-aa71e2db236858ff1f5733bebc81420b_l.jpg?source=06d4cd63,1770834325701
10362164686,0,0519,1669180666,江苏,0,0,0,516714875,article,3faa4d5bc628dc694be58cd3eaeaf5a7,https://www.zhihu.com/people/bu-shi-yun-er,某丘,https://picx.zhimg.com/87c8de10d3d6e921a43a240db9eb2d84_l.jpg?source=06d4cd63,1770834325703
10347972269,0,0519,1668233273,贵州,0,0,0,516714875,article,f928dbc5f14ec2197bd5673ed11e6344,https://www.zhihu.com/people/xing-chen-28-93,星辰,https://picx.zhimg.com/v2-abed1a8c04700ba7d72b45195223e0ff_l.jpg?source=06d4cd63,1770834325705
10347780221,0,0519,1668134627,湖北,0,0,0,516714875,article,1ee837adc93913dfe79b1caf604c97d4,https://www.zhihu.com/people/31-80-79-46,加贝丽娴,https://picx.zhimg.com/v2-1c2a4a2a17fab3fa3b39aa329a0b9899_l.jpg?source=06d4cd63,1770834325708
10336561923,0,0519,1667203023,青海,0,0,0,516714875,article,5fb74d7b472fb8741428b0a9b80f292e,https://www.zhihu.com/people/zhan-han-han-han-er,你还爱我吗,https://pica.zhimg.com/v2-b25b9f803e1509943be494433ee74cc0_l.jpg?source=06d4cd63,1770834325711
10334208744,0,0519,1666945961,内蒙古,0,0,0,516714875,article,8d1b4d4f1b08299cf8609a36d5a721f6,https://www.zhihu.com/people/bo-luo-de-hai-87,菠萝得嗨,https://pic1.zhimg.com/bdba2501b5953d16e1072c42cf6c132c_l.jpg?source=06d4cd63,1770834325714
10328787650,0,0519,1666523314,湖南,0,0,0,516714875,article,c4172d210b43e4eb76c85cddccc215be,https://www.zhihu.com/people/wu-jiu-26-95,无咎,https://picx.zhimg.com/v2-2d76fcfbfb4aaf0f909fb240a504b05c_l.jpg?source=06d4cd63,1770834328047
10328519401,0,0519,1666507532,新疆,0,0,0,516714875,article,3f8840c1b1a024223ae2e8b63f3fd9bd,https://www.zhihu.com/people/71-97-24-48-12,一只猫,https://picx.zhimg.com/v2-abed1a8c04700ba7d72b45195223e0ff_l.jpg?source=06d4cd63,1770834328050
10323919284,0,0519,1666062926,河北,0,0,0,516714875,article,f0ef3018b67626637ab24e319fdcadf6,https://www.zhihu.com/people/zhang-shi-qi-56-79,张十七,https://pic1.zhimg.com/v2-abed1a8c04700ba7d72b45195223e0ff_l.jpg?source=06d4cd63,1770834328053
10303867276,0,0519,1664466807,江西,0,0,0,516714875,article,84b3e166df29083d01bb7593ddc36987,https://www.zhihu.com/people/wo-huan-yi-wei-44-28,我还以为,https://picx.zhimg.com/v2-042c727d580dc8ed6c48de1a8ce5237b_l.jpg?source=06d4cd63,1770834328056
11333128775,0,但现在被鼻怒惯的，绿色伴游彩虹价，张嘴就是一小时两三百、一天两三千，很难找到价格合适的纯绿,1762266477,上海,5,34,0,1968047231945937019,answer,c92773d7ae94def005f0c584c014c0c4,https://www.zhihu.com/people/Hunter1943,知乎用户I9N8ru,https://pic1.zhimg.com/v2-abed1a8c04700ba7d72b45195223e0ff_l.jpg?source=06d4cd63,1770834338024
11333845423,0,有点反人性，如果白天跟我玩的人，我晚上对她没想法，那么根本没有必要白天一起玩。,1762333557,上海,13,16,0,1968047231945937019,answer,e4901835563f86860b78516413f94da7,https://www.zhihu.com/people/qisiboge,FireLikeABoss,https://picx.zhimg.com/74adcf445e7c3429ba2277059c332a29_l.jpg?source=06d4cd63,1770834338026
11332031772,0,是的我去厦门找了个小妹妹带我去本地人吃饭的小馆子各种逛，避开了各种网红点,1762216279,上海,2,12,0,1968047231945937019,answer,09e986fd606245b46f73f482051f6dfa,https://www.zhihu.com/people/ji-nian-shi,爱尔奎德,https://picx.zhimg.com/6e2adabd64cffd983e996718db2c29eb_l.jpg?source=06d4cd63,1770834338030
11333484424,0,如果你觉得自己需要纯绿伴游，说明晚上那点溢价服务你也需要，只是你的钱包不支持你需要。。,1762311500,北京,5,4,0,1968047231945937019,answer,8507ab490d24c88d1f3c20007e983ba9,https://www.zhihu.com/people/qian-ming-44,钱明,https://picx.zhimg.com/4a2e2700f6359015950a9a823dcd70c3_l.jpg?source=06d4cd63,1770834338033
11333047812,0,纯绿也是这个收费,1762302503,广东,3,3,0,1968047231945937019,answer,fcbedf717f789d228c05ca940027f444,https://www.zhihu.com/people/chipgossip,车和芯,https://picx.zhimg.com/v2-73f115456cfa50ceae6c89319b724aea_l.jpg?source=06d4cd63,1770834338036
11333626674,0,小地瓜上有个人绿色伴游评测赛道，一个博主找了四五十位，涵盖广深，成渝，西安，专门洗过他的数据，结论如下：1.颜值中等。以二本文科院校为锚，颜值大约在30到70分位，偶尔有学院礼仪队级别。2.打扮水平中等。有基本妆容和服装搭配，但无精致妆容和服装，无擦边小妹性感穿搭。3.履约和服务能力差。迟到的比例在七八成，没有严格流程管理，缺乏主题搭建和情感共鸣。当然，这是站在甲方视角，如果是两个大学同学一起出去玩就显得很正常，毕竟伴游是真.女大学生。4.费用打在80到120每小时，一人一价，总体方差不大。包天八小时大约500到600封顶。伴游中所有发生费用甲方支付。5.有一定搜寻成本，供给也不饱满。大体上需要一小时左右的搜索，拉扯，排除骗子、明显履约能力过弱，档期不对等情况。6.大约有20％的伴游会明示或暗示转彩虹，期望获得的费用在1000到3000这个区间，博主声明明确拒绝彩虹。综上，绿色伴游大体上就是花个一百一小时，找个二本普女同学和你出去一起玩[红心],1762344095,浙江,3,4,0,1968047231945937019,answer,488186c211b652902fbd1251d3764630,https://www.zhihu.com/people/bai-gui-gui-32,白龟龟,https://picx.zhimg.com/27b1f47687227b96efdb828eac69c7c1_l.jpg?source=06d4cd63,1770834338037
11333005797,0,旅行社有这种合作的伴游，还配包车带你去各种景点，一天也就一两百，比打车值多了,1762252023,广东,2,3,0,1968047231945937019,answer,5a44d6839721309d0d857005b9926b7f,https://www.zhihu.com/people/hua-shang-233,华觞,https://pic1.zhimg.com/v2-b73ea9cb384ebad74028bd2d9c2da837_l.jpg?source=06d4cd63,1770834338041
11334033792,0,我感觉我完全没有这个需求，跟团我还能接受，单独一个陌生人带着我，我感觉压力好大。要是对方是个召唤兽，需要的时候召唤一下，用完就让ta消失，那就完美了。[飙泪笑],1762386750,江苏,1,2,0,1968047231945937019,answer,c122e357757ffcd4a37fcb80890140eb,https://www.zhihu.com/people/feng-zhi-liao-ya,风之獠牙,https://pica.zhimg.com/v2-abed1a8c04700ba7d72b45195223e0ff_l.jpg?source=06d4cd63,1770834338042
11335525615,0,纯绿的在旅行社找，根据地区不同价格在300左右，提供开车服务的会贵一两百。,1762494912,广东,0,1,0,1968047231945937019,answer,f6d61297a05dbe16469b524ee1a0ca7d,https://www.zhihu.com/people/mo-chi-62-79-33,Whisper,https://pic1.zhimg.com/v2-093ba951a7fc2503639927cc828ef1bb_l.jpg?source=06d4cd63,1770834338044
11334717418,0,最主要这服务没评价体系啊，不是价格的问题，是价格和服务能不能匹配的问题。,1762418189,上海,0,1,0,1968047231945937019,answer,ddba0798e2a45dad5e06afe09c63fcc7,https://www.zhihu.com/people/Wei_John,momo,https://pic1.zhimg.com/v2-7c32845eaa34fffa952830b8bea2890d_l.jpg?source=06d4cd63,1770834338046
11338371094,0,这种肯定没有咯，基本都是坑大冤种，我意思是如果能做到只针对当地的私人导游级别的，哪怕价格比这种素菜荤价更高都会有人愿意付费[小情绪],1762855525,浙江,0,0,0,1968047231945937019,answer,ea334253938509c2d3fa429451bf2bdf,https://www.zhihu.com/people/yu-bo-1-8,呵呵哒哒哒,https://picx.zhimg.com/v2-33cbd05a8270326e0519e32a7bac8db1_l.jpg?source=06d4cd63,1770834340382
11337330308,0,我有个新思路上要去的地方职校表白墙上面找女性兼职你会找到一大堆大学生纯绿[感谢],1762726666,广东,0,0,0,1968047231945937019,answer,5f9efd3b1424ae3515a3bd7945d7ea7e,https://www.zhihu.com/people/11-37-4-44,知乎用户欧,https://picx.zhimg.com/v2-0a02502acc5dea07b84f6db85dd10b71_l.jpg?source=06d4cd63,1770834340385
11335034250,0,不是 术业有专攻 我不喜欢什么钱都想赚的人[生气],1762499999,福建,0,0,0,1968047231945937019,answer,1c97a3a998f40a35b0bc2fc1372d8ec5,https://www.zhihu.com/people/li-hua-bao-zi,狸花包子,https://picx.zhimg.com/v2-cb914e0b6a9b0f8fe12a0d9f40b23712_l.jpg?source=06d4cd63,1770834340387
11334567550,0,不行就不行[doge],1762414441,贵州,0,0,0,1968047231945937019,answer,65204c15d8b61aabedaa426109ebba45,https://www.zhihu.com/people/yuan-quan-84-44,怀德先生,https://picx.zhimg.com/v2-314e51544f6d254c8f681924801c84c2_l.jpg?source=06d4cd63,1770834340390
11333670072,0,携程重庆的导游8小时500，说英文的800. 上周刚订过。,1762328855,上海,1,0,0,1968047231945937019,answer,9aaebaf3a3916b5a67d1b861209cdc3a,https://www.zhihu.com/people/zhang-vincent-93,VZvz,https://pic1.zhimg.com/ccf18d506_l.jpg?source=06d4cd63,1770834340393
11291545575,0,你猜为什么科比大雾天也要坐飞机，因为没有轨交，所有人都在开车，路已经堵成一坨了。这才叫没有选择。,1758105371,上海,0,1,0,1951677176807137587,answer,8453e1da14a04d793a1a652b7408022b,https://www.zhihu.com/people/zhu-zhu-8-82-31,朱朱,https://picx.zhimg.com/v2-910793f5cf21880c0f514b5771631907_l.jpg?source=06d4cd63,1770834344681
11358531869,0,手动挡才有驾驶的乐趣,1764762467,安徽,77,868,1,1978848198907957338,answer,d83cc3b95f3686805b37773235ae5139,https://www.zhihu.com/people/wang-xiang-67-50,会飞的猪,https://picx.zhimg.com/v2-abed1a8c04700ba7d72b45195223e0ff_l.jpg?source=06d4cd63,1770834353627
11362400943,0,高铁那个，真是记忆犹新。“高铁没了绿皮车路上的风景”,1765256747,四川,13,233,1,1978848198907957338,answer,c5de28b995584d3414966faf9b63ca15,https://www.zhihu.com/people/pi-zi-kin,剑雨倚楼,https://pic1.zhimg.com/v2-4dbc3b3c365029b861fd18d2df5f79c9_l.jpg?source=06d4cd63,1770834353631
11362517389,0,Email的出现让信件丧失了等待的乐趣；微信扫码让付款丧失了纸币的厚重感,1765258314,广东,1,181,0,1978848198907957338,answer,31ab20c040852c607adfea928ca32a92,https://www.zhihu.com/people/cloud-90-42,cloud,https://picx.zhimg.com/v2-b6823acb11ea811990152a6d4d143483_l.jpg?source=06d4cd63,1770834353635
11357161568,0,瞄准的乐趣没绷住[捂脸],1764660114,江苏,4,95,0,1978848198907957338,answer,6cf0e2295e7c3228b50d6d6e954ed3db,https://www.zhihu.com/people/mr-rainbow-53-20,Mr.钓鱼王,https://pic1.zhimg.com/v2-c6ef9a186aaa420f49f1dcfcc0294f0d_l.jpg?source=06d4cd63,1770834353637
11363767830,0,因为电车出现了，原先丰田喜欢挂在嘴上的省油成了笑话。,1765348281,江苏,20,72,0,1978848198907957338,answer,84950c0bbbf6b153510bbf0da693e825,https://www.zhihu.com/people/ni-song-qi,song,https://picx.zhimg.com/v2-e9422ec96f6444cf6b196a999118599d_l.jpg?source=06d4cd63,1770834353641
11356348305,0,5g:谁说不是呢[惊喜],1764578803,广东,0,51,1,1978848198907957338,answer,97c774057a77946a0237f6ad224d978d,https://www.zhihu.com/people/yong-gan-de-shi-wa-ben-ren,勇敢的施瓦本人,https://picx.zhimg.com/v2-85421daf1c4fac029112cf14efbcc94f_l.jpg?source=06d4cd63,1770834353643
11363117195,0,高铁那个，想起当年他们常说的那句：中国啊，请等等你的人民！（大概是这句，记不太清了[doge],1765298224,江苏,4,41,0,1978848198907957338,answer,91c3d1e0ae7e48cd12a71096815fdb48,https://www.zhihu.com/people/ywsnbdp,时髦编辑屑粒头,https://picx.zhimg.com/v2-87d96e2b5f907baf6ebfce7ab9a29c83_l.jpg?source=06d4cd63,1770834353645
11364172152,0,5g的网速再逆天，我上过那些网站却一去不复返了,1765354841,辽宁,1,43,0,1978848198907957338,answer,3afd1981171b89c78dba01f71d9aec91,https://www.zhihu.com/people/vgk7xh,老王不卖瓜,https://picx.zhimg.com/v2-8a878a6548a9fd195fe3600f3e3b0642_l.jpg?source=06d4cd63,1770834353648
11375216445,0,吃的太饱，让我丧失了饥饿感[飙泪笑],1766499051,辽宁,1,34,0,1978848198907957338,answer,ad2f9b35e8c763bf3ebf5237860346af,https://www.zhihu.com/people/wong-85-74,大连金州勇士,https://picx.zhimg.com/v2-e525daf6f9b179993cc9583c97a80590_l.jpg?source=06d4cd63,1770834353650
11380342019,0,5g让看片失去了转圈等待的乐趣[飙泪笑],1767023334,河北,0,23,0,1978848198907957338,answer,233de9530e9e7cae81dd82ae12bf9c57,https://www.zhihu.com/people/a-zheng-82-72,阿正,https://picx.zhimg.com/v2-abed1a8c04700ba7d72b45195223e0ff_l.jpg?source=06d4cd63,1770834353652
11380512057,0,工人阶级的觉醒，让资本家失去了赚钱的乐趣[大笑],1767084138,北京,1,13,0,1978848198907957338,answer,21467f95fe338f1aaf0e31bed17dece0,https://www.zhihu.com/people/91-64-56-74-46,伊水寒,https://picx.zhimg.com/v2-4f3e5fb528fed9e8f7e65126bb71e9e5_l.jpg?source=06d4cd63,1770834356051
11378557550,0,有一说一，智能手机一天的续航真的是倒退，现在更是99%都要充电了。,1766896424,上海,14,12,1,1978848198907957338,answer,ea15efc9d8206909348f37c3d1afb65a,https://www.zhihu.com/people/an-tiger,安tiger,https://picx.zhimg.com/1342cc3f7d490f6a1fd848cc6d456edc_l.jpg?source=06d4cd63,1770834356054
11360107875,0,公知的话最有意思,1764981487,上海,0,6,0,1978848198907957338,answer,d9f9a461280bf27149c4ddaa34747732,https://www.zhihu.com/people/52-36-52-94,一枪,https://pic1.zhimg.com/v2-962897a6b6d443989a1613346d0116d9_l.jpg?source=06d4cd63,1770834356057
11383295393,0,前装枪：后膛枪让射击失去了装填的乐趣,1767409866,广西,1,8,0,1978848198907957338,answer,dc304c64aa5ff9effd87ebe9984fa12a,https://www.zhihu.com/people/harzsneat-meekol,旱地行舟,https://pica.zhimg.com/v2-65d6b8135b2ce8f49e3b8389f6958758_l.jpg?source=06d4cd63,1770834356059
11362852324,0,非常非常的到位[滑稽][滑稽][滑稽],1765219149,陕西,0,5,0,1978848198907957338,answer,2c64472073c5996ca284862552188669,https://www.zhihu.com/people/28-35-24-72-67,小凡,https://picx.zhimg.com/v2-4fc5701ef46f88130d26b4e72bda14ae_l.jpg?source=06d4cd63,1770834356061
11373307673,0,第一个其实是对的,1766335638,北京,1,3,0,1978848198907957338,answer,f4672847ef6a5ab51e0dbfefc7a75c9a,https://www.zhihu.com/people/--12-87-43-84,上下云游.,https://picx.zhimg.com/v2-14654618c9c5c6d4d58a63ea7f9ec821_l.jpg?source=06d4cd63,1770834356063
11373581525,0,就是这个理,1766387549,安徽,0,2,0,1978848198907957338,answer,d83cc3b95f3686805b37773235ae5139,https://www.zhihu.com/people/wang-xiang-67-50,会飞的猪,https://pic1.zhimg.com/v2-abed1a8c04700ba7d72b45195223e0ff_l.jpg?source=06d4cd63,1770834356066
11380383678,0,"高铁,请等等你的人民",1767064492,山东,0,2,0,1978848198907957338,answer,fd5172d5c91a3a6c372c57b194c4251a,https://www.zhihu.com/people/wu-zai-xian-80,文明抬杠标兵,https://pic1.zhimg.com/v2-ffe5ba31ce504eb43c94598563f613f4_l.jpg?source=06d4cd63,1770834356068
11362828938,0,社会的发展 ，让我们失去了从前慢的平和,1765242698,江苏,1,2,1,1978848198907957338,answer,4d4fbd2e930a68e4f6e00097e2f50141,https://www.zhihu.com/people/tian-di-kuang-ke,天地狂客,https://pic1.zhimg.com/7c6a930553ca425f48b73c7a2040a497_l.jpg?source=06d4cd63,1770834356070
11388783566,0,八抬大轿：马车的出现让驾驶者的地位陡降，应该取缔,1767947230,广东,0,1,0,1978848198907957338,answer,ab4655acc032458ff52c8b3808958ffd,https://www.zhihu.com/people/bai-da-fei-li-19,王司徒,https://picx.zhimg.com/v2-b403d8508bca96808c8711a8f6e61391_l.jpg?source=06d4cd63,1770834356075
11394324576,0,就有没有这么一种可能 要是没有补贴 没有限号优待 养路费平摊到电费里 电车根本就卖不动呢,1768517696,北京,5,1,0,1978848198907957338,answer,631c808b508c5c98eca712ffd7ce7efa,https://www.zhihu.com/people/li-jia-cheng-25,装逼即是正义,https://picx.zhimg.com/v2-00790ecc018cf2e81a705facb9a92531_l.jpg?source=06d4cd63,1770834358494
11390768111,0,诺基亚说的对,1768192355,云南,0,1,0,1978848198907957338,answer,780a3b89751fcccc66b7c1c01c30c7f7,https://www.zhihu.com/people/wei-yi-de-tian-shi-86,旋风大王,https://pic1.zhimg.com/v2-0fbf7f744a253f480c5526004617f671_l.jpg?source=06d4cd63,1770834358496
11373157279,0,柯达是最早一批数码相机玩家，发明了第一台数码相机。在尼康、佳能还在玩胶卷的时候，已经拿尼康、佳能的单反机身，改装成数码单反。在三大胶卷厂家里面是最坚定的转向数码的，只是转型失败了,1766330649,广东,0,1,0,1978848198907957338,answer,f2ccb5182a8fb28336f9f7473ec37dc9,https://www.zhihu.com/people/gua-niu-mk,蜗牛mk,https://pica.zhimg.com/v2-abed1a8c04700ba7d72b45195223e0ff_l.jpg?source=06d4cd63,1770834358498
11358531869,0,手动挡才有驾驶的乐趣,1764762467,安徽,77,868,1,1978848198907957338,answer,d83cc3b95f3686805b37773235ae5139,https://www.zhihu.com/people/wang-xiang-67-50,会飞的猪,https://picx.zhimg.com/v2-abed1a8c04700ba7d72b45195223e0ff_l.jpg?source=06d4cd63,1770834358501
11392703568,0,这和公知有半毛钱关系？,1768354676,江苏,0,1,1,1978848198907957338,answer,5fe0ae2030c09016ec4188ddec1a6ad2,https://www.zhihu.com/people/zhang-kun-14-30,Truman,https://picx.zhimg.com/v2-abed1a8c04700ba7d72b45195223e0ff_l.jpg?source=06d4cd63,1770834358504
11355889370,0,冷知识：诺基亚是被苹果干死的，不是被杂牌干死的,1764582739,广东,67,0,7,1978848198907957338,answer,9dc06ff8013c34e28687ea2707753d6c,https://www.zhihu.com/people/60-67-77-94-55,PRNDS,https://picx.zhimg.com/v2-f7c1f8649e7b393fe3c8cf4dc9e32b33_l.jpg?source=06d4cd63,1770834358507
11356348305,0,5g:谁说不是呢[惊喜],1764578803,广东,0,51,1,1978848198907957338,answer,97c774057a77946a0237f6ad224d978d,https://www.zhihu.com/people/yong-gan-de-shi-wa-ben-ren,勇敢的施瓦本人,https://pica.zhimg.com/v2-85421daf1c4fac029112cf14efbcc94f_l.jpg?source=06d4cd63,1770834358510
11413338459,0,高铁不是仪式感的问题，是时间不合适而已。绿皮车晚发朝至，最合适打工仔周末通勤。,1770660455,上海,0,0,0,1978848198907957338,answer,4a296aa8c3d684b31e6711136cfbd017,https://www.zhihu.com/people/miao-u-72,郑鑫桐,https://picx.zhimg.com/v2-f15d8079f0d36343b99c44cf9071d83b_l.jpg?source=06d4cd63,1770834358512
11382865660,0,我们这破十八线县城还是个山城，全是上下坡[捂脸],1767327634,安徽,0,0,0,1978848198907957338,answer,d83cc3b95f3686805b37773235ae5139,https://www.zhihu.com/people/wang-xiang-67-50,会飞的猪,https://picx.zhimg.com/v2-abed1a8c04700ba7d72b45195223e0ff_l.jpg?source=06d4cd63,1770834358514
11407320142,0,手机续航确实是很大的退步,1769942105,江苏,11,0,0,1978848198907957338,answer,640195d684da30c9716c987d4a5f2965,https://www.zhihu.com/people/feng-han-xin,如歌的行板,https://pic1.zhimg.com/26b6551be_l.jpg?source=06d4cd63,1770834358517
11407048231,0,你别说一开始有人真反对马克沁。认为，还不如练几个神枪手,1769915918,江苏,0,0,0,1978848198907957338,answer,ef3cf552a1dd9882b9bb4ca63d322ac3,https://www.zhihu.com/people/78-86-72-80,冰之荧,https://picx.zhimg.com/v2-fb3cde74ee45e50aa4a00636ed6b4199_l.jpg?source=06d4cd63,1770834360883
11406584006,0,高铁普及后，原来跨多个省的长途火车停运了好多，现在老人回一趟老家不容易。坐飞机头晕，高铁坐9个小时，还要从高铁站转去普铁站，再候车普铁，太难了,1769907003,广西,0,0,0,1978848198907957338,answer,8490cb96a08b0d34e3cc320240a786b8,https://www.zhihu.com/people/a-lang-92-10,阿郎,https://pic1.zhimg.com/v2-abed1a8c04700ba7d72b45195223e0ff_l.jpg?source=06d4cd63,1770834360886
11405608739,0,里头最搞笑的是柯达，ccd领头人变路边一条,1769744825,湖南,0,0,0,1978848198907957338,answer,a1d8ffe835ac76f6ab72543ddeb346f9,https://www.zhihu.com/people/86-95-12-41-33,不服的话随便,https://pic1.zhimg.com/v2-25ac7c0d6225fc37e7f4419d75895b22_l.jpg?source=06d4cd63,1770834360888
11400779761,0,油车不如马车一根[飙泪笑],1769216361,江苏,0,0,0,1978848198907957338,answer,65df90ffcf795fb1ab29a3e16d05d032,https://www.zhihu.com/people/yin-da-zhuang-93,职业选手吕郑豪,https://pic1.zhimg.com/v2-3e6c190d50bdeee6a4034492cd4963f5_l.jpg?source=06d4cd63,1770834360891
11395256488,0,元宇宙的出现会让货币贬值[大哭],1768627948,江西,0,0,0,1978848198907957338,answer,6e976dff77de22e6dea00c78b1411405,https://www.zhihu.com/people/9-23-12-58,秋月无边,https://picx.zhimg.com/v2-571eb65f4c8d1ab38b7e4dcc71b1691b_l.jpg?source=06d4cd63,1770834360894
11394862201,0,确实倒退，高端发动机，被低技术的增程+电池，用最简单的技术，直接避免复杂工况就行了。非常需要积累的底盘调教，人家直接研究各种电动空悬。需要巨大积淀的各种文化，品牌，质感，被智能化给一杠带走[捂脸][捂脸][捂脸][捂脸][捂脸][捂脸][捂脸],1768555002,贵州,6,0,0,1978848198907957338,answer,de4f870933d689151870c3a28580a52d,https://www.zhihu.com/people/xi-xia-tang,西夏唐,https://pic1.zhimg.com/v2-7f61aa0887c23e1dd442ec3b9585cdf6_l.jpg?source=06d4cd63,1770834360896
11393974457,0,医疗检查仪器，导致望闻问切的中医基本技能的道退,1768496461,广东,0,0,0,1978848198907957338,answer,04a1d4d2d45b8ae4dd3fc1ce02383e96,https://www.zhihu.com/people/zj12345-70,zj12345,https://picx.zhimg.com/v2-22dfe7094375e34e38695123acd219db_l.jpg?source=06d4cd63,1770834360899
11361248808,0,群贤毕至,1765097676,云南,0,0,0,1978848198907957338,answer,18fc97e352ba90bbc5b03d3869a868fb,https://www.zhihu.com/people/hpei-en-yi-shi,H·佩恩一世,https://picx.zhimg.com/v2-cfc72df8c6a9d20ab5c0408eb4fcc327_l.jpg?source=06d4cd63,1770834360901
11393593578,0,电车取代油车是必然，现在只剩最后一个瓶颈——电池易燃问题，例如去年某米烧死女大学生。只要电池易燃问题解决了，传统油车就基本上出局了，中国的能源安全问题也部分化解了，没全化解是因为工业生产也需要石油。,1768469103,广东,0,0,0,1978848198907957338,answer,3ba0da65af270c4b5ff53228870b8089,https://www.zhihu.com/people/jewluyu,Jewluyu,https://pica.zhimg.com/v2-f886d4a8f31f7f038f2e07f8b4a05226_l.jpg?source=06d4cd63,1770834360904
11393341322,0,市场 是检验真理的 唯二标准～,1768436659,天津,0,0,0,1978848198907957338,answer,8dd50b438a5664b511a673efabce5d1a,https://www.zhihu.com/people/4-61-92-7-71,起夜家,https://picx.zhimg.com/v2-ab59864229294186f691e7f865b0bb49_l.jpg?source=06d4cd63,1770834360906
11393267308,0,二十年前西安有个电台主持人曾多次在节目中说自己只听磁带或cd。,1768460901,湖北,0,0,0,1978848198907957338,answer,00d2b21a2f6db35dfe3ce9d576503fd5,https://www.zhihu.com/people/huang-yan-ling-40,6654,https://pic1.zhimg.com/v2-24fc0ac27386cadd216fe4820406ab9a_l.jpg?source=06d4cd63,1770834363268
11362026811,0,他们都有美好的未来,1765176724,四川,0,0,0,1978848198907957338,answer,446d67fc358d34f46371c40a4dd9be8d,https://www.zhihu.com/people/ljd214,环球移民咨询师,https://picx.zhimg.com/v2-f247a6fd798b89977e6bee7d03ce6f81_l.jpg?source=06d4cd63,1770834363270
11362091337,0,你这么说是不是太伤他们了,1765188358,北京,0,0,0,1978848198907957338,answer,9dd977b5d98c3a100af993d058ec0758,https://www.zhihu.com/people/oldsoldieryf,精神病院杨院长,https://pic1.zhimg.com/v2-251d43c5290edb6177416afa395a7e98_l.jpg?source=06d4cd63,1770834363272
11363807512,0,数码相机是啥？,1765375111,河南,0,0,0,1978848198907957338,answer,2d09896d7c5f81568d8ec8c7b3742c46,https://www.zhihu.com/people/34-46-45-32-46,东海花园,https://pic1.zhimg.com/v2-e1b6192aa0d8dcf140ba189dea518a4c_l.jpg?source=06d4cd63,1770834363275
11392843251,0,高铁这个我难绷，我只希望能更快，因为女儿和儿子在老家长的太快了。,1768393647,广东,0,0,0,1978848198907957338,answer,51b227ce10656131de0adf54306eeec4,https://www.zhihu.com/people/yong-bao-47-93,QIN-汉,https://picx.zhimg.com/v2-0f5f82c44f9382451fbcfe5eaee231a2_l.jpg?source=06d4cd63,1770834363278
11364324639,0,[赞同][赞同][赞同],1765369284,广东,0,0,0,1978848198907957338,answer,c15c44cb30587a05af533c39e83d89ed,https://www.zhihu.com/people/zhong-wei-bin-97,钟承达,https://picx.zhimg.com/v2-2dce45a141df005a09e4f08e4db0255e_l.jpg?source=06d4cd63,1770834363280
11392474383,0,这事情只能怪袁老，让他们吃得太饱了。,1768350552,上海,0,0,0,1978848198907957338,answer,36af3a821c1b0775fac76dfad7ce0c93,https://www.zhihu.com/people/vincee1982,vincee1982,https://picx.zhimg.com/v2-abed1a8c04700ba7d72b45195223e0ff_l.jpg?source=06d4cd63,1770834363283
11392391877,0,智能马桶让夜壶失去了指尖触碰到粑粑的体验,1768365224,浙江,0,0,0,1978848198907957338,answer,fadd0552b1a4b0a4bd2e76013ef5fe56,https://www.zhihu.com/people/don-99-90,精神病电疗科主任,https://pic1.zhimg.com/v2-17e665d9a1f25f65b71db7caf7f1f854_l.jpg?source=06d4cd63,1770834363286
11392386043,0,ai的出现让编程丧失了仪式感[蹲],1768355145,广东,0,0,0,1978848198907957338,answer,8037a965b93c86be0030f06fea040aa2,https://www.zhihu.com/people/cannel-jiang,cannel jiang,https://pic1.zhimg.com/v2-abed1a8c04700ba7d72b45195223e0ff_l.jpg?source=06d4cd63,1770834363288
11392385556,0,躺着挣钱比站着挣钱舒服,1768354335,四川,0,0,0,1978848198907957338,answer,689eec90a5bb54c9b645417badf4d1d1,https://www.zhihu.com/people/xiang-wei-28-43,懂时胜7997,https://picx.zhimg.com/v2-ef1f7802e7e4538d0792d0fa9c214890_l.jpg?source=06d4cd63,1770834363291
11392209572,0,少了一味：武汉高铁辐射全国,1768326713,越南,0,0,0,1978848198907957338,answer,4ce167a6db9190a0016a469c67f4c60b,https://www.zhihu.com/people/da-dao-55-74,大盗,https://picx.zhimg.com/v2-3e7ca28407f1e4b68c17b0e6dad0fc53_l.jpg?source=06d4cd63,1770834365655
11391891025,0,诺基亚那里改一改，诺基亚不是死于智能机。诺基亚在塞班系统年代也是几乎垄断地位。诺基亚是死于坚持用电阻屏，而苹果发展了无按键的电容屏。,1768345195,海南,0,0,0,1978848198907957338,answer,a3fe21b7268787e5dfaec88cd52158ba,https://www.zhihu.com/people/ooba-58,OOBa,https://pic1.zhimg.com/v2-710aa3680106a925ccdbc29589bc7b17_l.jpg?source=06d4cd63,1770834365658
11388305545,0,虽然后面的都是这样，但是我还是认为智能手机续航超过一天会更好,1767918028,北京,0,0,0,1978848198907957338,answer,d2b2bddadd60cf910f6c6dab3cfe3ae1,https://www.zhihu.com/people/14-16-21-33,王艮,https://picx.zhimg.com/v2-abed1a8c04700ba7d72b45195223e0ff_l.jpg?source=06d4cd63,1770834365660
11364831855,0,最后这碟醋，配得上这盘饺子。,1765422415,黑龙江,0,0,0,1978848198907957338,answer,17c98747b2a79d3f9045942bd87d6cc9,https://www.zhihu.com/people/17-13-20-45,数据溢出,https://pic1.zhimg.com/v2-852f3d8cbdf6f48db5e9d3de9853e0ce_l.jpg?source=06d4cd63,1770834365662
11387877709,0,看过丰田章男的讲话就知道基本是个没啥大能力的富二代，并且继承了日本人唯心固执的各种缺点，丰田毁在他这代是早晚的事情,1767849165,江西,0,0,0,1978848198907957338,answer,f4441f68ce6c08597db25444636233f5,https://www.zhihu.com/people/jie-sheng-99,仙人板板板,https://picx.zhimg.com/07d8a741e_l.jpg?source=06d4cd63,1770834365664
11387276362,0,胶卷确实有拍摄乐趣[捂脸],1767778267,广东,0,0,0,1978848198907957338,answer,57b0dd1cb2ddfbc3c10b6f6e795b5361,https://www.zhihu.com/people/pan-jun-yu-55,ColdString,https://pica.zhimg.com/v2-9c4b2e61bfd5aa7edd0e7fc792e99b29_l.jpg?source=06d4cd63,1770834365666
11386879247,0,把手动挡换购电车，你的自动挡就吃灰了,1767791234,安徽,0,0,0,1978848198907957338,answer,d83cc3b95f3686805b37773235ae5139,https://www.zhihu.com/people/wang-xiang-67-50,会飞的猪,https://pic1.zhimg.com/v2-abed1a8c04700ba7d72b45195223e0ff_l.jpg?source=06d4cd63,1770834365669
11386369545,0,那能一样吗[吃瓜],1767756436,四川,0,0,0,1978848198907957338,answer,db614a78c819f5fae050a69b24177a5a,https://www.zhihu.com/people/sky1458,Type-K,https://pic1.zhimg.com/v2-f841485ef8fa16938f1b4c08bcccc769_l.jpg?source=06d4cd63,1770834365671
11386081029,0,应该后退回到马车年代,1767671465,北京,0,0,0,1978848198907957338,answer,96cfbfb90385fa86dd51ec6022660340,https://www.zhihu.com/people/liu-wei-amy,刘巍Amy,https://picx.zhimg.com/v2-abed1a8c04700ba7d72b45195223e0ff_l.jpg?source=06d4cd63,1770834365674
11385955666,0,柯达应该说手机，相机还要单独购买，手机几乎人手一台[机智],1767646070,浙江,0,0,0,1978848198907957338,answer,163467cb92b66999b8cd2e785a3af604,https://www.zhihu.com/people/bai-chi-bai-he-76,百合,https://picx.zhimg.com/v2-d96dbfad01d3e82758ead632f426c0d8_l.jpg?source=06d4cd63,1770834365676
11384806227,0,有了电动摩托，谁还开日本进口的什么本田、铃木王摩托？开雅迪、台玲电车方便、舒服多了,1767579802,广东,0,0,0,1978848198907957338,answer,8d56d651b28773ba2e366c3e4f82c257,https://www.zhihu.com/people/tulc,水秋壶一,https://picx.zhimg.com/v2-abed1a8c04700ba7d72b45195223e0ff_l.jpg?source=06d4cd63,1770834368043
11384664047,0,功能机和胶卷相机的确还有存在的必要，只是从大众商品变为小众罢了,1767519161,北京,0,0,0,1978848198907957338,answer,644056b4fe9556a4f6c2bfc3f5aa7d6c,https://www.zhihu.com/people/panbianle,浓眉大眼的,https://pic1.zhimg.com/v2-47c84e8c73af24182fc94464ad21c0a6_l.jpg?source=06d4cd63,1770834368045
11383141636,0,互联网的出现，让集邮这个传统一下没了市场。,1767391931,山东,0,0,0,1978848198907957338,answer,8122ebadbf4fda19babc79841013f02d,https://www.zhihu.com/people/da-dao-zhi-jian-83-51,大道至简,https://picx.zhimg.com/v2-abed1a8c04700ba7d72b45195223e0ff_l.jpg?source=06d4cd63,1770834368048
11366487623,0,从前车马很慢。,1765611282,四川,0,0,0,1978848198907957338,answer,ca5d4f56e05775591342ee775b3fbe53,https://www.zhihu.com/people/zhang-chao-68-93-31,我是谁,https://picx.zhimg.com/v2-abed1a8c04700ba7d72b45195223e0ff_l.jpg?source=06d4cd63,1770834368051
11372743820,0,有一说一，燧发枪到马克沁跨度有点大，那玩意还是前膛枪。,1766306435,江西,0,0,0,1978848198907957338,answer,665dcb60397d2b305e4ed3b5845e9bc2,https://www.zhihu.com/people/han-jie-zhi-xiao-lao-shu-yao,厂价直销老鼠药,https://pic1.zhimg.com/v2-abed1a8c04700ba7d72b45195223e0ff_l.jpg?source=06d4cd63,1770834368053
11369053818,0,同样东西以前卖三十五万供不应求，现在卖21销量寡淡，这不是破落是发达了？,1765934866,北京,0,0,0,1978848198907957338,answer,2e8df73af19b758b9dddba8c2de9ec2c,https://www.zhihu.com/people/zheng-xi-ding-ni,郑喜定呢,https://pic1.zhimg.com/v2-abed1a8c04700ba7d72b45195223e0ff_l.jpg?source=06d4cd63,1770834368056
11382499439,0,笑死😂,1767358647,四川,0,0,0,1978848198907957338,answer,3fd93533415a53e184957a7446a41e0b,https://www.zhihu.com/people/pu-gong-ying-11-76,蒲公英,https://pica.zhimg.com/v2-933c3e6cfe11904c44e5d77a1c24b0d3_l.jpg?source=06d4cd63,1770834368058
11382482015,0,智能手机这个是事实啊。智能手机就不是通讯工具。,1767312493,湖北,0,0,0,1978848198907957338,answer,13b2cb1ea81e8302ff3d65cbf1f9c8e0,https://www.zhihu.com/people/ju-lu-si-64,鞠橹佀,https://pic1.zhimg.com/v2-c86870e81618966652bf57d5d71f21d7_l.jpg?source=06d4cd63,1770834368060
11382343757,0,不是射击的的乐趣是装弹的仪式感,1767315795,福建,0,0,0,1978848198907957338,answer,144ee2d80d64a67e0e74e4ff8626de01,https://www.zhihu.com/people/si-ma-zhao-12,奈落,https://picx.zhimg.com/v2-50e70ed4ca615262b3ca8c65b983ceb1_l.jpg?source=06d4cd63,1770834368064
11382085720,0,只要角度刁钻，一切都是倒退。,1767208969,四川,0,0,0,1978848198907957338,answer,d352cb7a2b011655425746a291fabd47,https://www.zhihu.com/people/peng-po-yu-76,梵小妧,https://picx.zhimg.com/v2-cdafbee392f194eb4b07c48bd18b2499_l.jpg?source=06d4cd63,1770834368067
11381575847,0,钨丝灯→白炽灯→LED灯消灭了蜡烛／油灯的摇曳感,1767156013,广东,0,0,0,1978848198907957338,answer,7cbc259d47f92b59eb1c682becee26df,https://www.zhihu.com/people/wei-xian-0-0,危险0 0,https://picx.zhimg.com/v2-8af71325a0147c09c8c46e31ab8de241_l.jpg?source=06d4cd63,1770834370433
11380047284,0,马车那个在汽车电车出现之后很长很长一段时间其实对的，但是原话并不是什么绿色出行，而是汽车电车不如马车便捷！直到1937年差速器发明以后马车才彻底退出了历史舞台，要知道一战运输运力的主力是马车！而不是汽车电车！,1767002434,浙江,0,0,0,1978848198907957338,answer,8757f66db1566253ffd19ae24344ebaf,https://www.zhihu.com/people/xu-zhen-ming-76,勇强,https://picx.zhimg.com/v2-5790684efd095b08aeb4dbc7e0e71da2_l.jpg?source=06d4cd63,1770834370435
11379116464,0,马的二氧化碳和烷排放量也不低,1766904447,江苏,0,0,0,1978848198907957338,answer,e2cb89de79581466050f142a41551ec8,https://www.zhihu.com/people/mjde-xiao-mi-di,积森,https://picx.zhimg.com/v2-38e610361d4cf8a50676b87a4c25ffc5_l.jpg?source=06d4cd63,1770834370438
11376069337,0,第一句话我同意，天天充电烦死了，还不能换电池。,1766625239,浙江,3,0,0,1978848198907957338,answer,da6e52ff81931dd25f74b2aef7c81f4e,https://www.zhihu.com/people/kuangc1000,kuangc1000,https://pic1.zhimg.com/v2-33b9ae9aa42ed9aa8c0ab3b56bf1c867_l.jpg?source=06d4cd63,1770834370441
11374182412,0,怪会总结的,1766454627,河南,0,0,0,1978848198907957338,answer,581f608cc1bd13d5a8c64cea9ce237db,https://www.zhihu.com/people/lu-yan-fei-58-21,鲁大师,https://pica.zhimg.com/v2-8ac9720dd6cf86a2c2db717b3ee503c9_l.jpg?source=06d4cd63,1770834370444
11369988123,0,第一条确实是真的[大哭],1766027640,山东,0,0,0,1978848198907957338,answer,d0ce63efe19a6f1dc41ba7e575d16a9a,https://www.zhihu.com/people/cygnusky,轻舟逐浪,https://picx.zhimg.com/v2-df277c8c3894e2a2892a968cf7cc2db4_l.jpg?source=06d4cd63,1770834370447
11373849455,0,我问：哈哈哈哈哈哈哈哈,1766403548,中国,0,0,0,1978848198907957338,answer,e1e6ba5874e4b0c2c77d757b2eee9094,https://www.zhihu.com/people/ma-hu-hou-82,马虎猴,https://pic1.zhimg.com/v2-8a380ced801e2723a23f634ef1f1f491_l.jpg?source=06d4cd63,1770834370450
11373782991,0,那！能！一！样！嘛！[酷][酷][酷][doge],1766386803,河北,0,0,0,1978848198907957338,answer,7a56ef78a1b20064b46e105190b54d79,https://www.zhihu.com/people/wu-la-wu-la-22-50,青瓦长忆旧时雨,https://pic1.zhimg.com/v2-d16552872a24b5a5188385f9ce4308fa_l.jpg?source=06d4cd63,1770834370452
11373778884,0,"""那能一样嘛""[害羞]",1766378711,江苏,0,0,0,1978848198907957338,answer,7b0ffe26e3bcf13e6b62249288df78d1,https://www.zhihu.com/people/qing-kong-pi-li-zhang-da-ye-44,晴空霹雳你大爷,https://picx.zhimg.com/v2-abed1a8c04700ba7d72b45195223e0ff_l.jpg?source=06d4cd63,1770834370455
11373635329,0,诺基亚续航一塌糊涂，只是不点亮屏幕而已,1766381158,北京,0,0,0,1978848198907957338,answer,945854637b45ce952fef93d80cbac84d,https://www.zhihu.com/people/zhanggame,zhanggame,https://picx.zhimg.com/v2-abed1a8c04700ba7d72b45195223e0ff_l.jpg?source=06d4cd63,1770834370458
11372775077,0,高铁那个我是真在意林上看到过[doge],1766307252,江苏,0,0,0,1978848198907957338,answer,cacd9691277d551431cf1904d75e73b6,https://www.zhihu.com/people/tian-han-dong-xiao,Dawner,https://picx.zhimg.com/v2-354d6055c8bf959978da63bfd9b85055_l.jpg?source=06d4cd63,1770834372810
11411425276,0,上学时不认真学习马原，新生事物 诞生时总会遭遇旧事物的不断攻击、联合攻击，外因是你把人家锅给砸了，内因是新生事物不可能一出现就做到面面俱到的取代旧事物，总还是有各种各样的不成熟，但人家最核心的东西是先进的，不成熟的边缘事项迟早会成熟。[酷]至于落后的玩意儿，迟早被丢进垃圾堆，只有少数精品还适合供在博物馆里。[酷],1770364811,湖北,0,0,0,1978848198907957338,answer,8ebd454412921171b8b0d0bb93ee9846,https://www.zhihu.com/people/taylor-nono,Taylor Nono,https://pic1.zhimg.com/v2-694af4709c3703b0e65c7a4c3c4347a5_l.jpg?source=06d4cd63,1770834372812
11371928960,0,我还是喜欢他们谈省油、速度、操控感的桀骜不驯,1766199219,云南,1,0,0,1978848198907957338,answer,fc1373d3afc6c2f39d01c92aae60e6c3,https://www.zhihu.com/people/62-89-54-78-77,莫易,https://pic1.zhimg.com/v2-5fc67a2efe2e8f52b40fac8a80da1442_l.jpg?source=06d4cd63,1770834372815
11371801997,0,无级变速让人们丧失挂挡的操作感,1766151144,吉林,0,0,0,1978848198907957338,answer,e1e71c22d2420c752aa62589d7a5d2b4,https://www.zhihu.com/people/shi-shi-shi-41-18-32,是是是,https://pic1.zhimg.com/v2-abed1a8c04700ba7d72b45195223e0ff_l.jpg?source=06d4cd63,1770834372818
11382977785,0,作者明显就是小孩子，诺基亚是自己的智能系统不行，塞班系统，被安卓和苹果系统干死，不是你所谓的不走智能化路线。,1767385394,浙江,1,0,0,1978848198907957338,answer,030fe695126694a6dceecfadf271bee8,https://www.zhihu.com/people/ren-san-li-hua-luo,人散梨花落,https://pic1.zhimg.com/v2-3e52d06d17d910c2a6c5c752c2481c79_l.jpg?source=06d4cd63,1770834372820
11370160650,0,先让马斯克和丰田章男打一架[图片],1766025843,江苏,0,0,0,1978848198907957338,answer,d72627431376b3633cc870baf775226c,https://www.zhihu.com/people/li-xiao-50-28,海候米军鉴定大赏,https://picx.zhimg.com/6f61c2adf830fd879ad7e2c7d968bcd7_l.jpg?source=06d4cd63,1770834372822
11357246876,0,公知的存在让湿厕纸成为多余！,1764658559,上海,0,8,0,1978848198907957338,answer,db0012d2c6485816df1c5ceaf7058d74,https://www.zhihu.com/people/mb-killer,MB-遥远的小山村,https://picx.zhimg.com/v2-819c231fdb92200a0c47e0a7ae3e6458_l.jpg?source=06d4cd63,1770834372825
11374583092,0,公知的出现是人类退化的标志。,1766452129,上海,0,1,0,1978848198907957338,answer,9223ea6b9632daa1fac74d16a47c8843,https://www.zhihu.com/people/18117340981,pytrader,https://pica.zhimg.com/v2-abed1a8c04700ba7d72b45195223e0ff_l.jpg?source=06d4cd63,1770834372827
11362871468,0,小日本怎么不说email是工业倒退的标志，什么年代了居然还在用传真,1765266568,江苏,0,0,0,1978848198907957338,answer,4805c304c4e518da13df1f793400d8bb,https://www.zhihu.com/people/tang-yu-gang-74,阿阿阿阿阿阿,https://pic1.zhimg.com/v2-abed1a8c04700ba7d72b45195223e0ff_l.jpg?source=06d4cd63,1770834372830
11373602310,0,我怎么第一句唱出来了？你这回答有毒,1766372701,广东,0,0,0,1985676985897329704,answer,857dd0b24eddc9c567ce0cae276a1b49,https://www.zhihu.com/people/68-41-83-26,为某日癫狂,https://pic1.zhimg.com/v2-6546cbb91833b9d18010c24b13431c6a_l.jpg?source=06d4cd63,1770834377135
11414947866,0,AI说：把我当花果山的猴子了吗哈哈哈哈哈[飙泪笑],1770801411,广东,0,1,0,2004960875195412494,answer,90d154e22d61852dfd3522c59b01ded2,https://www.zhihu.com/people/henryye-55,干柴烈火周身痕,https://pica.zhimg.com/v2-4b7cdb034239c2e74205e334c6bbdc13_l.jpg?source=06d4cd63,1770834383717
11282341142,0,卖惨最多人家瞧不起你嫌你穷。炫富有可能见法医！,1757268937,北京,2,55,0,1933203095619372661,answer,f297dbe95a5367ee9e784b5739e3bc96,https://www.zhihu.com/people/87-18-94-82,ZCJBWSRY,https://pica.zhimg.com/v2-abed1a8c04700ba7d72b45195223e0ff_l.jpg?source=06d4cd63,1770834388095
11258419144,0,好像还真的是这样！[捂脸],1755012953,广东,0,14,0,1933203095619372661,answer,7d44e49eb34c109d8707148ac59834d1,https://www.zhihu.com/people/apple-64-38-1,三原色,https://pic1.zhimg.com/v2-abed1a8c04700ba7d72b45195223e0ff_l.jpg?source=06d4cd63,1770834388114
11265284697,0,不借就是不借[思考]我开卡宴我也不往外借钱  查看图片,1755652366,浙江,1,12,0,1933203095619372661,answer,711c159b8b30d334101d420e90f90f23,https://www.zhihu.com/people/pai-gu-de-da-ben,排骨的大奔,https://pic1.zhimg.com/v2-abed1a8c04700ba7d72b45195223e0ff_l.jpg?source=06d4cd63,1770834388117
11264345191,0,说反了，前者会恨上你，后者会pua自己。,1755555681,广东,6,3,0,1933203095619372661,answer,026c17b6bb7be0dbcf953cbf27ac8111,https://www.zhihu.com/people/Asimov,Asimov,https://pica.zhimg.com/c93f3ed7a_l.jpg?source=06d4cd63,1770834388119
11390824065,0,开200万的豪车，必须你要具备那个气质，说话办事，必须有一定的猖劲。面了吧唧的，有钱没钱都会被人看不起，算计。有那种猖劲，别人就不敢轻易惹你。,1768187934,河北,2,0,0,1933203095619372661,answer,88df8b018904d056d1fafaa3faba6b5d,https://www.zhihu.com/people/qi-shen-94-65,骑神,https://picx.zhimg.com/v2-85859bfc1f8e991600cff66f9f5ae8c0_l.jpg?source=06d4cd63,1770834388124
10299890023,0,切，嘴上说说。领导下凡来路上骑两天自行车试试，现在自行车根本没有路权。,1664179438,,0,0,0,258750459,article,8117b9663e2de45091fb3c6a16f383b1,https://www.zhihu.com/people/hua-pao-guai-21,花袍怪,https://picx.zhimg.com/v2-375074b00a4995def3f0714f196cc915_l.jpg?source=06d4cd63,1770834392481
3017866032,0,你在云南昆明吗,1622859688,,1,0,0,1261743311,answer,69a5ded55f836270af84488767560867,https://www.zhihu.com/people/zhao-ying-chun-73-28,赵迎春,https://pica.zhimg.com/v2-a1f9a5a208609e528e8259f33221b5cf_l.jpg?source=06d4cd63,1770834396763
961998820,0,没用过空调[捂脸],1591451028,,0,0,0,1261743311,answer,b99aebf465d08559abbe8f9e19e317fb,https://www.zhihu.com/people/wo-zhi-shi-ge-guo-ke-76,我只是个过客,https://pic1.zhimg.com/v2-abed1a8c04700ba7d72b45195223e0ff_l.jpg?source=06d4cd63,1770834396766
11127662008,0,交警查到会叫处理的吧,1741478551,广东,0,0,0,28854323418,article,321452f6f9748f21652d6b69001c33c2,https://www.zhihu.com/people/bfdz,Vincent,https://picx.zhimg.com/v2-042086783ed59476d7120c0621544a53_l.jpg?source=06d4cd63,1770834401081
