content_id,content_type,content_text,content_url,question_id,title,desc,created_time,updated_time,voteup_count,comment_count,source_keyword,user_id,user_link,user_nickname,user_avatar,user_url_token,last_modify_ts
1969073517678027977,answer,个人可通过各类低碳行为积累碳减排量，转化为碳积分并兑换实际价值   实际案例：武汉市民通过践行 11 种绿色生活方式，积累的碳减排量可按 &#34;1000 克减排量 = 2 元&#34; 标准兑换利息红包，直接抵扣按揭贷款、消费贷款利息，一个家庭年收益可达 800-1200 元。,https://www.zhihu.com/question/1961392243484111986/answer/1969073517678027977,1961392243484111986,碳积分怎么挣钱?,注册了湖北的网站，看的懵懵的，也没看到哪里能买，哪里能卖啊？跟股票也不一样啊,1762243710,1762243710,0,0,碳积分,e7c98728211618b96ce7a34bb5601a92,https://www.zhihu.com/people/23-35-77-75-6,绿色矿山,https://pic1.zhimg.com/50/v2-6015bb908edba35975e4c15bd8f4202c_l.jpg?source=4e949a73,23-35-77-75-6,1770829877337
29683478170,article,碳积分：汽车行业的绿色货币在了解特斯拉的 “碳暴利” 之前，我们先来认识一下碳积分。碳积分，也称为 “碳补偿积分” ，简单来说，是一种衡量和交易碳排放的单位。政府或相关机构会为汽车企业设定一个碳排放的限额，如果企业的碳排放量低于这个限额，就可以获得碳积分；反之，如果超过了这个限额，就需要购买碳积分来抵消超出部分的碳排放。碳积分制度的出现，旨在推动汽车行业节能减排，促进新能源汽车的发展。在传统燃油汽车占主导的时代，汽车尾气排放是大气污染的重要来源之一，也是碳排放的大户。为了应对气候变化，减少温室气体排放，各国政府纷纷出台政策，鼓励汽车企业生产更环保、更节能的汽车。碳积分制度就是其中一项重要举措。以中国的双积分政策为例，具体指标包括燃料消耗量积分与新能源汽车积分。对于燃料消耗量积分，设定的是油耗标准。若生产的燃油车油耗高于油耗标准，产生负积分，油耗小于标准，产生正积分。对于新能源汽车积分，设定的是新能源车销售占比。若生产的新能源汽车数量占比小于达标值，产生负积分，多于达标值，产生正积分 。正积分可以保留或销售，负积分必须按年度清零，否则会影响下一年度销售甚至取消资格。这就促使汽车企业一方面要不断提高传统燃油汽车的燃油效率，减少碳排放；另一方面，要加大新能源汽车的研发和生产力度，以获得更多的正积分。特斯拉的 “碳积分帝国”在全球积极推进节能减排的大背景下，特斯拉无疑是碳积分制度的最大受益者之一，堪称构建起了一个庞大的 “碳积分帝国” 。自 2009 年以来，特斯拉通过出售碳积分累计获得了近 90 亿美元的收入 。近年来，其碳积分销售额更是呈现出稳定增长的态势。2023 年，特斯拉通过售卖碳积分所得到的收入达到了 17.9 亿美元，相较于 2022 年的 17.76 亿美元略有增加，创历史新高 。而在 2024 年第三季度，特斯拉监管积分收入为 7.39 亿美元，为史上第二高，较上年同期的 5.54 亿美元增长 33% 。从营收占比来看，碳积分收入在特斯拉总营收中的占比不容小觑。以 2021 年第一季度为例，该季度特斯拉实现营收 103.89 亿美元，通过出售碳排放积分获得了 5.18 亿美元的营收，占总营收的约 5% 。虽然这一比例看似不算高，但需要注意的是，碳积分收入几乎相当于纯利润。在汽车行业竞争激烈，整车销售利润微薄的情况下，碳积分收入对特斯拉的利润贡献就显得尤为重要。特斯拉之所以能在碳积分市场占据主导地位，与其在新能源汽车领域的先发优势密不可分。特斯拉是最早一批专注于电动汽车研发和生产的企业，多年来积累了丰富的技术和市场经验。其电动汽车的销量在全球范围内一直名列前茅，2023 年特斯拉全球交付量为 181 万辆，同比增长 38%；产量 185 万辆，同比增长 35%，产销数量均创公司历史新高 。大量的电动汽车生产和销售，使得特斯拉能够获得大量的碳积分。相比之下，许多传统汽车制造商在向新能源汽车转型的过程中步伐较慢，仍然依赖传统燃油汽车的生产，因此在碳积分上存在较大缺口，不得不向特斯拉等新能源汽车企业购买积分。卖车与卖积分：数字背后的较量既然特斯拉在碳积分市场赚得盆满钵满，那么，卖碳积分与卖车，究竟哪个才是特斯拉的主要盈利来源呢？让我们通过具体的数据来一探究竟。先来看汽车销售业务。特斯拉的汽车销售规模不断扩大，2023 年全球交付量达到 181 万辆 ，实现营收 967.7 亿美元 。从营收数据来看，汽车销售无疑是特斯拉的主要收入来源。然而，汽车销售的利润却受到多种因素的影响。一方面，随着全球新能源汽车市场竞争日益激烈，特斯拉为了保持市场份额，不得不采取降价策略。自 2023 年以来，特斯拉在全球范围内多次下调车型价格，这直接导致了单车销售利润的下降。2024 年第三季度，特斯拉汽车业务毛利率为 20.1% ，较以往有所下滑。另一方面，原材料成本的波动、生产和运营成本的上升等，也对汽车销售利润造成了一定的压力。再看碳积分销售业务。如前所述，特斯拉的碳积分销售额呈现出稳定增长的态势，2023 年达到了 17.9 亿美元 ，2024 年第三季度为 7.39 亿美元 。虽然碳积分销售收入在总营收中的占比相对汽车销售来说不算高，但碳积分销售几乎没有成本，其利润贡献不可小觑。以 2020 年为例，特斯拉当年的净利润为 7.21 亿美元，而通过出售碳积分获得的收入为 15.8 亿美元 ，若剔除碳积分收入，特斯拉在当年实际上处于亏损状态。这足以说明，在某些年份，碳积分销售对特斯拉的盈利起着关键作用。从不同阶段来看，在特斯拉发展的早期，由于汽车销量相对较少，且处于技术研发和产能扩张的投入阶段，汽车销售业务的利润微薄甚至为负，此时碳积分收入就成为了重要的利润补充，帮助特斯拉维持运营并实现盈利。随着特斯拉汽车销量的快速增长，汽车销售业务逐渐成为主要的收入来源，但碳积分收入依然在盈利中占据着重要地位，尤其是在汽车销售利润受到挤压的情况下，碳积分收入能够有效提升公司的整体利润率。特斯拉的 “碳暴利” 是如何炼成的新能源先锋优势特斯拉能在碳积分市场获取暴利，首先得益于其在新能源汽车领域的先锋优势。2003 年，特斯拉在电动汽车领域崭露头角，成为了行业内的开拓者。彼时，大多数传统汽车制造商还在依赖传统燃油汽车技术，对电动汽车的研发投入相对较少。特斯拉则专注于电动汽车的研发和生产，致力于解决电动汽车的续航、性能和充电等关键问题。在电池技术方面，特斯拉不断投入研发，与松下、LG 化学、宁德时代等全球顶尖电池供应商合作，采用先进的圆柱单体电池搭配自研的 BMS 电池管理系统，大大优化了电池性能，提升了能量利用效率，使车辆续航表现出众 。以 Model S 为例，其高端车型续航轻松超过 400 英里，有效缓解了消费者的 “里程焦虑”。在自动驾驶领域，特斯拉同样一马当先，研发出 Autopilot 自动驾驶辅助系统以及更高级别的 FSD（完全自动驾驶）功能，利用摄像头、传感器、雷达等多维度感知设备，配合强大的 AI 算法，实现了自动跟车、自动泊车、自动变道等功能 ，尽管 FSD 在国内的落地还需适应本土法规与路况，但辅助驾驶功能已为众多车主在高速驾驶等场景下减轻了驾驶负担，提升了出行安全性和便利性。凭借这些技术优势，特斯拉的电动汽车销量持续攀升。从 2012 年推出 Model S 开始，特斯拉逐渐打开市场，随后 Model X、Model 3、Model Y 等车型的相继推出，进一步丰富了产品线，满足了不同消费者的需求，销量也随之水涨船高。2023 年特斯拉全球交付量为 181 万辆，同比增长 38% ，产量 185 万辆，同比增长 35% ，产销数量均创公司历史新高。大量的电动汽车生产和销售，使得特斯拉积累了大量的碳积分。市场供需失衡除了自身的先锋优势，市场供需失衡也是特斯拉 “碳暴利” 的重要成因。随着全球对环境保护和节能减排的关注度不断提高，各国政府纷纷加强了对汽车碳排放的监管，制定了严格的碳排放标准和碳积分政策。在中国，双积分政策要求汽车企业在生产燃油车的同时，必须达到一定比例的新能源汽车积分，否则将面临罚款或限制生产等处罚 。在欧洲，欧盟制定了严格的汽车二氧化碳排放标准，要求到 2030 年，新注册乘用车的二氧化碳排放量较 2021 年减少 55%，到 2035 年实现 “零排放” 。在美国，加利福尼亚州等多个州实施了零排放汽车（ZEV）计划，要求汽车制造商销售一定比例的零排放汽车，否则需购买碳积分来满足法规要求 。然而，许多传统汽车制造商在向新能源汽车转型的过程中面临着诸多困难，如技术研发滞后、生产线改造困难、市场认知度低等。这些因素导致他们在新能源汽车的生产和销售上进展缓慢，难以在短期内满足碳积分政策的要求，从而在碳积分市场上存在较大的缺口。据统计，2020 年度中国乘用车双积分有负 338 万分的缺口 ；在欧洲，大众、福特等车企也需要在短时间内大幅减少二氧化碳排放量，否则将面临巨额罚款 。为了避免处罚，这些车企不得不向特斯拉等新能源汽车企业购买碳积分。特斯拉作为全球新能源汽车的领导者，拥有大量的碳积分，自然成为了这些车企的首选购买对象。市场对碳积分的旺盛需求，使得碳积分价格不断上涨，从最初一个积分仅 500 元，逐渐飙涨至 3000 元甚至 5000 元 。特斯拉凭借其在碳积分市场的垄断地位，通过出售碳积分获得了巨额利润，成就了所谓的 “碳暴利”。“碳暴利” 背后的争议与挑战行业竞争角度特斯拉的 “碳暴利” 现象在汽车行业中引发了诸多争议，对其他车企造成了显著的竞争压力，也在一定程度上影响着行业的健康发展。对于传统燃油车企业来说，特斯拉凭借大量的碳积分在市场竞争中占据了独特优势。为了满足碳排放标准，传统车企不得不投入大量资金购买碳积分，这无疑增加了企业的运营成本。据报道，菲亚特克莱斯勒集团（FCA）在 2019 年至 2021 年期间花费了约 20 亿欧元（24 亿美元）向特斯拉购买碳排放积分 ，以满足欧洲和美国的排放标准。这些成本最终可能转嫁到消费者身上，导致传统燃油车价格上涨，削弱其在市场上的竞争力。在新能源汽车领域，特斯拉的 “碳暴利” 也对其他新兴车企形成了挑战。虽然碳积分政策旨在推动整个新能源汽车行业的发展，但特斯拉在碳积分市场的主导地位，使得其他新兴车企难以在碳积分销售上获得可观收益。这可能会影响这些企业的资金积累和研发投入，阻碍它们的发展步伐。一些小型新能源车企可能因为无法与特斯拉在碳积分市场竞争，而面临生存困境。此外，特斯拉的 “碳暴利” 还可能导致行业内的不公平竞争。一些企业可能会将更多的精力放在购买碳积分上，而不是真正致力于提高汽车的节能减排技术和新能源汽车的研发生产。这种本末倒置的行为，不利于整个汽车行业的技术进步和可持续发展。如果行业内形成了一种依赖购买碳积分来满足法规要求的风气，那么真正在节能减排和新能源汽车技术研发方面努力的企业可能会得不到应有的回报，从而影响行业的创新活力。政策风险角度特斯拉的碳积分业务虽然目前为其带来了巨额利润，但也面临着诸多政策风险。政策变动对特斯拉碳积分业务的潜在影响不容忽视，一旦政策发生调整，特斯拉的 “碳暴利” 模式可能会受到冲击。首先，积分政策调整可能会改变碳积分的获取和交易规则。随着新能源汽车技术的不断发展和市场的逐渐成熟，政府可能会对碳积分政策进行优化和完善。例如，提高新能源汽车的积分标准，使得特斯拉获取碳积分的难度增加；或者调整碳积分的交易价格，使其价格回归到更加合理的水平。2020 年，工信部对新能源汽车积分政策进行了调整，降低了部分车型的积分计算标准 ，这对新能源汽车企业的积分获取产生了一定影响。如果类似的政策调整再次发生，特斯拉靠出售碳积分获取高额利润的情况可能难以持续。其次，碳交易市场的变化也会对特斯拉的碳积分业务造成影响。碳交易市场的价格波动受到多种因素的影响，如政策法规、市场供需关系、经济形势等。如果碳交易市场出现供大于求的情况，碳积分价格可能会下跌，特斯拉的碳积分销售收入也将随之减少。欧洲碳交易市场在某些时期曾出现碳价大幅波动的情况 ，这对在该市场出售碳积分的企业产生了直接影响。此外，全球各国的碳交易政策和市场机制存在差异，特斯拉在不同地区开展碳积分业务时，需要应对不同的政策环境和市场风险。如果某个地区的碳交易政策发生重大变化，特斯拉可能会面临业务受阻或收益受损的风险。再者，随着全球对气候变化问题的关注度不断提高，未来可能会出台更加严格的碳排放法规和政策。这虽然从长远来看有利于新能源汽车行业的发展，但也可能会对特斯拉的碳积分业务带来不确定性。新的法规政策可能会对新能源汽车的定义、碳排放计算方法等进行调整，特斯拉需要及时适应这些变化，否则可能会面临碳积分无法满足法规要求或碳积分价值下降的风险。未来展望：特斯拉的 “碳” 路何方？展望未来，特斯拉的碳积分业务发展既充满机遇，也面临诸多挑战。从行业趋势来看，新能源汽车市场的持续扩张无疑为特斯拉创造了有利条件。国际能源署（IEA）预测，到 2030 年，全球新能源汽车销量占比有望达到 50% 以上 。随着新能源汽车市场的不断壮大，特斯拉作为行业领军者，凭借其品牌影响力和技术优势，有望继续保持较高的市场份额，从而持续获得大量碳积分。特斯拉自身也在积极布局未来，为碳积分业务的发展奠定基础。在产品规划方面，特斯拉计划推出更多新车型，如价格更为亲民的 Model Q 等 。这些新车型的推出，不仅将进一步扩大特斯拉的市场份额，增加碳积分的获取量，还可能引领行业发展潮流，推动新能源汽车技术的不断进步。在技术研发上，特斯拉持续加大在电池技术、自动驾驶等领域的投入，致力于提升产品性能和竞争力。如果特斯拉能够在这些关键技术上取得重大突破，如实现电池续航里程的大幅提升、自动驾驶技术的广泛应用，那么其产品将更具吸引力，市场需求也将进一步增长，进而为碳积分业务提供更坚实的支撑。不过，特斯拉的碳积分业务也面临着诸多不确定性。政策风险依然是悬在特斯拉头上的达摩克利斯之剑。如前文所述，碳积分政策可能会随着行业发展和技术进步而不断调整。政府可能会加强对碳积分市场的监管，规范市场秩序，防止碳积分被滥用或成为企业投机的工具。一些国家和地区可能会提高新能源汽车的补贴门槛，减少对碳积分交易的依赖，这将直接影响特斯拉的碳积分销售收入。行业竞争的加剧也可能对特斯拉的碳积分业务造成冲击。越来越多的传统汽车制造商正在加速向新能源汽车转型，加大在新能源汽车领域的研发和生产投入。大众、丰田、奔驰等汽车巨头纷纷推出新能源汽车车型，并制定了雄心勃勃的新能源汽车发展战略 。这些企业拥有雄厚的资金实力、成熟的生产技术和广泛的销售网络，一旦在新能源汽车市场取得突破，特斯拉在碳积分市场的优势将受到挑战。同时，新兴的新能源汽车企业也在不断涌现，它们凭借创新的商业模式和技术优势，在市场中迅速崛起。蔚来、小鹏、理想等中国新能源汽车企业，在智能驾驶、电池技术等方面取得了显著进展，对特斯拉构成了有力的竞争。随着行业竞争的加剧，碳积分市场的供需关系可能会发生变化，碳积分价格可能会下降，特斯拉的碳积分业务面临着不小的压力。特斯拉的 “碳暴利” 现象，是新能源汽车行业发展过程中的一个独特案例。它既反映了碳积分政策在推动新能源汽车发展方面的积极作用，也引发了我们对行业竞争格局、政策有效性以及企业可持续发展的深入思考。在未来，随着新能源汽车市场的不断发展和政策的持续完善，特斯拉的碳积分业务将走向何方，它又将如何在激烈的市场竞争中保持优势，这都值得我们持续关注。关于特斯拉的 “碳暴利”，你有什么看法呢？欢迎在留言区分享你的观点，一起讨论！,https://zhuanlan.zhihu.com/p/29683478170,,揭秘特斯拉的‘碳暴利’：卖车不如卖积分赚钱？,在了解特斯拉的 “碳暴利” 之前，我们先来认识一下碳积分。碳积分，也称为 “碳补偿积分” ，简单来说，是一种衡量和交易碳排放的单位,1741757621,1741757621,3,0,碳积分,b79bd754216af069bd306fa2368ffb4b,https://www.zhihu.com/people/63-6-27-34-86,小曾同学讲碳电,https://picx.zhimg.com/50/v2-12b69d1bbf1d527d8f51eec665b41b37_l.jpg?source=4e949a73,63-6-27-34-86,1770829877924
3376615462,answer,目前碳积分（carbon credit）只存在于企业端。个人端没有统一的积分机制。就像你在阿迪达斯的会员积分，跟你在nike的会员积分，不是互联互通的。就算互联互通了（比如大家统一认可你消费1元可以获得10分、100分可以抵1元），短时间内也不支持用户跟用户交易、用户跟企业的交易。目前这个事情有三个不同的组织在做：1. 创新创业企业：一些主打绿色低碳的小公司；2. 大的互联网公司：蚂蚁森林；3. 地方zf，例如广东的粤省事、上海的一网通。要想实现题目里面说的个人攒碳积分卖给需要碳积分的大企业（例如还在卖燃油车的传统车企），需要官方出面构建全国统一大市场。,https://www.zhihu.com/question/454076891/answer/3376615462,454076891,碳积分可以自由交易，那么未来个人可以挣积分卖给车企吗？,据路透社近日报道，一汽-大众已向特斯拉中国购买了新能源汽车正积分，出价约为3000元/分，目前双方已经达成协议。既然企业富余积分可以交易，那么未来个人可以同样挣碳积分卖给企业吗？,1706240201,1706240376,1,0,碳积分,e6f6030d0b16c54198a01adf8bc7c146,https://www.zhihu.com/people/canotfind_,GoeCycle,https://pic1.zhimg.com/50/v2-69ad8cce40cfa12c54a1106491d956c3_l.jpg?source=4e949a73,canotfind_,1770829877928
2254940756,answer,像广东的碳普惠试点深圳的全民碳路，武汉的碳宝包等等都已落地。各地也在陆续开展，个人的低碳行为会换算成碳积分，碳积分可以用来兑换碳普惠项目商品等等。,https://www.zhihu.com/question/482329206/answer/2254940756,482329206,普通人怎么获取和交易碳中和积分？,有知道的大佬能不能给小弟解解惑,1638523694,1638523995,10,1,碳积分,82d84c3a9482a2f02c87dca99b1f5d69,https://www.zhihu.com/people/15631003363,企环教育,https://pic1.zhimg.com/50/v2-d2b52bca1699d87100e030d6e0cd2834_l.jpg?source=4e949a73,15631003363,1770829877930
379028270,article,2020年特斯拉财报显示，全年营收315亿美元，归母净利润7.21亿，首次在单年实现盈利。但是在财报中也披露，2020年特斯拉全年出售碳积分（carbon credit）收入达到了15.8亿美元，是归母净利润的220%。这也就代表着，倘若特斯拉没有相关碳积分交易的政策支持，2020年不仅无法实现盈利，甚至还需要继续亏损8.6亿美元，和上一年几乎完全持平。 显而易见，碳积分交易对于新能源汽车而言是一个十分重要的收入来源，同时也是国家为了支持新能源汽车发展而制定的变相补贴政策。碳积分是什么，是如何实现交易的？我国的碳积分交易政策会对我国的新能源汽车发展产生怎样的影响呢？ 想卖车？先要有碳积分 虽然特斯拉在中国市场的份额正在快速增长（狗头），使中国成为除了美国本土以外的最大市场，但是2020年特斯拉在美国本土的收入依然占到了50%[1]。而且，美国是全球碳积分交易相对成熟的地区之一，也是特斯拉碳积分交易收入的主要来源地，这里就以美国的碳积分交易为例，解释碳积分的奥秘。 美国的碳积分政策 在美国，包括加州在内的至少14个州，每一个汽车生产商都需要按照州的规定出售一定比例的“零排放汽车”（ZEV: zero emission vehicles）[2]：包括但不限于电动汽车，混合动力汽车，燃料电池汽车等等。不卖新能源汽车，或者卖不到足够的份额就需要接受处罚：缴纳罚款，限售，甚至取消卖车资格。 什么是碳积分？ 由于不同新能源车对减少碳排放的贡献不同，实际操作过程中，我们需要一个公平的方法来衡量生产商有没有卖出足够的“零排放汽车”，这便是“碳积分”。生产商每卖出一辆符合要求的新能源汽车，便可以获得一定的积分(积分数量与具体车型相关)，每年按照规定想政府缴纳足够份额的积分便可以不受处罚。 什么是碳积分交易？ 首先，我们要知道为什么有人愿意出高价购买碳积分？因为并不是每一个公司都有能力自主生产符合“零排放”要求的车型，同时也不可能要求消费者违背自己的喜好必须购买新能源汽车。因此，没有办法通过出售新能源车获取足够积分的生产商，便可以从有多余积分的生产商那里购买购买，双方按照市场交易规则自行约定价格，交易积分。 这就是碳积分交易，以及广义上所有“碳市场”的基本概念：如果无法减排足够的额度，可以付钱给别人，让他人帮你减排。 设立碳积分政策的目的是什么？ 便于设立明确的新能源汽车销售目标。例如，国家将今年新能源汽车的销售目标定为占比20%，便可以将今年汽车生产商需要缴纳的碳积分比例设定为销售量的20%，否则就需要缴纳罚款。那么如果市场上新能源车销售不足20%，碳积分就会供不应求，从而推高碳积分价格。这就会督促车企加紧生产与销售新能源汽车，又或者通过碳交易给与新能源车企和新能源购车者更多的补贴。(当然，假如新能源车销售高于20%，碳积分就会过剩，也就不值钱了。) 鼓励传统车企向新能源转向，加强市场竞争。传统车企由于在传统燃油车上投入较多，掉头成本过高，很可能不愿意放弃传统技术，从头开始研究新能源车。碳积分交易是一个明确的激励信号，你不做别人会做，你还需要把辛辛苦苦赚来的钱给别人，从别人那里去买积分，这就给了每一个车企加入新能源汽车行业竞争的动力。 变相给予新能源车企补贴。像特斯拉这样的车企来说，卖出去的每一辆车都是新能源汽车，自己肯定是不担心积分不够用，同时积分还可以出售带来额外的收入。对于特斯拉而言，这笔钱算得上是一根救命稻草，是特斯拉盈亏线的一把推手，有它才盈利，没它就亏损。本质上是政府通过政策把通用、福特手里的钱给了特斯拉，等于让传统汽车厂商出钱给新能源车企业补贴。 变相给予消费者购买新能源车的补贴。毫无疑问，是企业就都需要赚钱，如果特斯拉等新能源车企无法通过碳积分交易实现盈利，必定要从降低成本、提高售价等方向来找补，抬高了新能源汽车的售价。该政策也是在变相从传统燃油车消费者收税，补贴给新能源汽车消费者，降低他们的购车成本，鼓励大家购买新能源汽车。 碳交易：可以跨行业的交易系统 如果从减少碳排放总量，遏制气候变化的角度来看问题，那么从不同源头排放的二氧化碳是没有区别的：烧煤、烧油、燃气，又或是汽车、工厂、发电，只要是排放了一吨二氧化碳，那么作为温室气体产生的温室效应是没有区别的。如果允许不同的车企之间相互交易碳积分，原则上讲，让车企和其他排放二氧化碳的企业交易碳积分，也是应当被允许的。 这样允许不同行业的企业自由交易碳积分或者排放权的政策，就是通常所指的“碳市场”。关于跨行业的碳积分交易，我们会在后续的文章中详细展开。 中国的碳积分：双积分政策 2017年8月16日，国务院工信部发布《乘用车企业平均燃料消耗量与新能源汽车积分并行管理办法》，自2018年4月1日起施行[3]。该政策2020年经过修订，改变了部分参考指标的权重，最新规定于2021年1月1日执行。 和美国的单一积分政策不同，中国的碳积分政策采用的是双积分政策：燃料消耗量积分与新能源汽车积分。并且对于这两个积分，分别设立达标值。 对于燃料消耗量积分，设定的是油耗标准。若生产的燃油车油耗高于油耗标准，产生负积分，油耗小于标准，产生正积分。 对于新能源汽车积分，设定的是新能源车销售占比。若生产的新能源汽车数量占比小于达标值，产生负积分，多于达标值，产生正积分。 积分的转移和交易政策如下： 燃料消耗量积分 正积分：转移至其他年份偿付负积分；转移到关联企业偿付负积分 负积分：使用往年正积分偿付；使用关联企业正积分偿付；购买其他车企的新能源汽车正积分 新能源汽车积分 正积分：可出售 负积分：购买其他车企的新能源汽车正积分 简单总结一下就是： 不论是燃料消耗量积分还是新能源汽车积分，所有负积分必须按照年度清零。 燃料消耗量积分可以用于关联企业（如控股公司等）之间相互偿付；正积分也可以积累用于支付未来（三年以内）的负积分，但是无法出售获利。 新能源汽车正积分可以用于出售获取利润，但无法按年度累计。 一般来说，如果车企燃料消耗量积分是负数，大概率新能源汽车积分也是负数，无力通过内部的关联企业机制来偿付，就必须购买积分来弥补。目前来看，一众自主品牌汽车企业成绩最佳，获得大量碳积分可以出售：比亚迪，北汽，上汽，特斯拉都榜上有名，造车新锐蔚来、小鹏、理想等新能源车在2020年才销量大涨，暂时缺少最新的统计数据。合资汽车企业表现最差，转型最慢。 随着碳排放政策的逐步收紧，碳积分变得越来越抢手，积分交易价格更是从2019年的每个积分数百元涨至去年2020年底的约3000元[4]。据统计，2020年全国乘用车企业累计产生新能源汽车正积分为420万分，新能源汽车负积分92万分；燃料消耗量正积分约391万分，燃料消耗量负积分约1057万分。根据现行规则，2020年国内乘用车市场产生的“双积分”负分缺口高达338万分[5]，按照每个积分3000元计算，可以为新能源车企提供超过100亿的额外收入。仅比亚迪一家，就积累了86万个碳积分，估算其价值可能高达26亿，而比亚迪2020年净利润为42.34亿元，使其同比增长达到162.27%。 碳积分的单价和碳交易收入的总量，在未来会随着政策的深入和标准的提高一直水涨船高，成为新能源车企稳定且重要的收入来源，在整个新能源汽车转型的10-20年间扮演重要的作用。 结语 碳积分是国家取消新能源汽车直接补贴之后出台的变相补贴措施，通过市场化的运作来给积分定价，鼓励所有车企生产低油耗的汽车或者新能源车，如果无法按照标准完成积分任务，燃油车的单车利润将会锐减数千人民币不等，加速淘汰转型较慢的车企。 碳积分作为政策平衡手，其价格直接影响绝大部分车企的盈亏线，既可以是压死传统车企的最后一根稻草，也可能是新能源车企的救命稻草，关注碳积分交易相关政策和价格的变动将会成为观察各个企业盈利的一个绝佳窗口。,https://zhuanlan.zhihu.com/p/379028270,,特斯拉靠他才能盈利：探秘碳积分交易（一）,也是特斯拉碳积分交易收入的主要来源地，这里就以美国的碳积分交易为例，解释碳积分的奥秘。 美国的碳积分政策,1623162638,1623162638,46,3,碳积分,cf7541f5c217c6d6f78275de4dfeeac6,https://www.zhihu.com/people/shu-zi-nuo-mi,诺米NOMY,https://picx.zhimg.com/50/v2-1ab4271191e6880dfc0c374fadfa3e87_l.jpg?source=4e949a73,shu-zi-nuo-mi,1770829877932
605122905,article,所谓“碳积分”指的是：二氧化碳排放配额，企业或个人可以通过购买碳积分消除碳足迹。是全球实施“碳达峰、碳中和”战略的产物。希望在人类的努力下，通过植树造林、节能减排等形式，抵消自身产生的二氧化碳排放，从而实现二氧化碳的“零排放”。所有企业或个人对节能减排的贡献都可以转化为碳积分。企业或个人通过购买碳积分消除碳足迹。碳积分代表了会员对地球生态环境节能减排的贡献，是一种荣誉。以绿色新能源代替传统能源使用新能源汽车个人绿色出行以绿色新能源代替传统能源；使用新能源汽车；个人绿色出行；均可加积分。那么获得了碳积分有什么用呢？1.企业碳积分目前，碳积分的应用在企业端口较为成熟，尤其是汽车制造业在我国目前推行的是双份政策。举例：油耗（CAFC）积分：如果车企生产的燃油车油耗高于政府制定的油耗标准就会产生负积分，反之则产生正积分。 在“新能源（NEV）积分”当中，车企生产的新能源乘用车数量超出政府规定数量越多，那么获得的新能源积分就越多，反之则会出现负积分。在结算积分时，新能源积分与油耗积分相加为正则说明车企在这一年内达到了碳排放标准，这也就意味着所有车企都要生产新能源汽车。不达标的车企则会面临严重的惩罚，他们只能停产高油耗车型的生产研发。而双积分不达标的车企也并非只能坐以待毙，他们可以向达标的车企购买积分，所以特斯拉不仅在我国卖车，他还卖碳积分，而家大业大的大众看着营收很高，但一结算积分可能利润就所剩无几了。这也是为什么各汽车品牌在我国大力生产销售新能源汽车的原因，而且很多国内自主品牌新能源车企很多都是靠卖碳积分和拿国家补贴来维持生计的。2.个人碳积分 个人开通个人碳积分账户，那么日常生活中的碳减排行为会被换算成积分，存到相应账户里。 目前地方政府、各大互联网平台、金融机构都有碳账户的申请窗口。 比如低碳出行，多走路、多骑车、少开车；低碳餐饮，点外卖时选择“不需要一次性餐具”，养成节约资源的好习惯； 再比如低碳消费，购买节能家电等。完成类似低碳任务，就可获得碳积分，而碳积分可在你申请的平台兑换商品或者服务，如视频会员、健身卡、机场快速通道权限、数字人民币消费券，或者金融服务等等。,https://zhuanlan.zhihu.com/p/605122905,,碳积分的含义,所谓“碳积分”指的是：二氧化碳排放配额，企业或个人可以通过购买碳积分消除碳足迹。是全球实施“碳达峰、碳中和”战略的产物,1676007122,1676007122,6,0,碳积分,d46a1a1262901cc9f99b70b497ce9625,https://www.zhihu.com/people/nai-liang-you-lu-96,咕噜咕噜猫,https://picx.zhimg.com/50/v2-abed1a8c04700ba7d72b45195223e0ff_l.jpg?source=4e949a73,nai-liang-you-lu-96,1770829877935
2003780791088473120,answer,欧洲调整后是什么效果。就例如大众集团，电车还是要搞，为啥？因为要碳积分，没有碳积分就需要像贷款一样，往未来贷出来，你承诺未来这一两年你需要多少生产多少量电车，贷出来也是要还的啊，而且你完成不了你猜猜要罚款多少？欧盟的玩法是直接让你PHEV都不能列入电车行列里面，要控制你每公里只能有12克的碳排放，达不到几十亿的罚款不是盖的，那就意味着一个集团起码要有80%的电车，剩下的20%油车配额，你猜猜空出来的是要给谁，那一定是保时捷，奥迪，布加迪这类高端车型，所以不要再吹嘘说欧洲人搞电车概念就是骗我们国内去发展拖后我们国内的战略方向了。,https://www.zhihu.com/question/2003753547624368091/answer/2003780791088473120,2003753547624368091,国外车企纷纷放弃电车重回油车，对我国电车发展有什么影响？,美国取消电动车税收抵免、放宽油耗标准与罚款；欧盟调整2035禁售燃油车规则，允许碳中和合成燃料车辆豁免，减排目标由100%降至90% 。政策转向降低转型紧迫性，车企得以延长燃油车生产周期，加上-本土电池（如Northvolt）产能利用率不足、扩产放缓，依赖中国供应链的格局短期固化，车企主导权削弱。导致国外车企纷纷放弃电车，对我国电车发展有什么影响？,1770518569,1770518569,7,0,碳积分,ff87d5c6c3222a3387531645ee48bdd0,https://www.zhihu.com/people/barclay-44,Barclay,https://picx.zhimg.com/50/v2-abed1a8c04700ba7d72b45195223e0ff_l.jpg?source=4e949a73,barclay-44,1770829877937
3401089592,answer,根据特斯拉2023年第四季度以及年度的财务报告显示，特斯拉公司去年通过碳积分销售获得了17.9亿美元的可观收入，较2022年的17.76亿美元略有增加，创下历史新纪录。自2009年以来，特斯拉通过出售碳积分累计获得了近90亿美元的收入。特斯拉的碳积分主要出售给了其他无法达到美国、欧洲或中国排放法规的汽车制造商。随着全球汽车行业向电气化的转型，竞争对手们相继提高电动汽车产量，特斯拉曾预计这一收入将会下降。早在2020年，特斯拉前首席财务官Zachary Kirkhorn就警告投资者不要过于依赖这一收入来源。他当时预测，随着时间的推移，这部分业务的重要性将会下降。然而，与预期相反，特斯拉的碳排放积分收入并没有明显下降，去年的收益甚至创下历史新高。其中2023年第四季度，特斯拉的碳积分收入为4.33亿美元，占该公司当季度总毛利（40.65亿美元）的11%。不过较2022年第四季度的25.9%相比，这一占比的确有所下降。尽管如此，碳积分收入仍然是特斯拉重要的收入来源之一，不断增长的碳积分销售额也凸显了这家电动汽车制造商清洁能源计划的价值。鉴于全球对减少碳排放和应对气候变化的关注，预计未来对碳排放积分的需求还会增加。特斯拉作为电动汽车市场的领导者，以及对可持续能源的承诺，使其在未来几年将继续从碳积分的销售中获利。,https://www.zhihu.com/question/501945216/answer/3401089592,501945216,特斯拉卖的「碳积分」到底是什么？,自2009年以来，特斯拉通过出售碳积分累计获得了近90亿美元的收入。 特斯拉的碳积分主要出售给了其他无法达到美国、欧洲或中国排放法规的汽车制造商,1708321002,1708321002,0,0,碳积分,2c22256f35b9f021d428a17a5387f896,https://www.zhihu.com/people/gai-shi-qi-che-72,盖世汽车,https://picx.zhimg.com/50/v2-aa8eb9f6ae031b9aac52cdb795cbc0ba_l.jpg?source=4e949a73,gai-shi-qi-che-72,1770829877939
2003103049506379702,article,在推动绿色出行和实现“双碳”目标的进程中，如何激励广大消费者主动选择并坚持低碳行为，是一个关键课题。碳普惠机制，作为一种将公众减排行为量化并赋予价值的创新模式，正成为链接政策目标与个体行动的重要桥梁。中原绿色产业生态发展有限公司与北汽集团的战略合作，不仅着眼于车辆供给，更蕴含着构建一个以车主为核心、充满活力的碳积分生态的远景规划。这一生态构想，旨在通过激励提升用户黏性与社会参与度，为中原绿色在河南出租车电动化市场的深入发展及后续业务拓展，注入新的动力。中原绿色作为一家省属国有控股重点企业，其核心战略是围绕“碳”生态进行全产业链布局，致力于打造国内领先的碳普惠一体化综合服务平台。公司业务范围广泛，其中明确包含碳PRO平台、碳账户以及通过指定充电桩充电自动统计碳积分，并可在APP商城兑换商品的机制。与北汽集团的合作，为这一碳积分生态提供了重要的实体载体——北汽集团提供的新能源汽车。这些车辆将成为中原绿色正在筹划的出租车“油换电”项目以及未来可能面向更广泛C端用户市场的基础。此次合作对中原绿色在河南出租车电动化市场的卡位意义，因碳积分生态的构想而得到深化。在河南省推动出租车电动化的背景下，中原绿色的“油换电”项目计划首批投放1万辆碳中和新能源汽车。如果能够将碳积分激励体系与该项目深度融合，意味着未来使用北汽新能源汽车的出租车司机，其日常的低碳运营行为（如使用指定充电桩充电）可以被自动记录并转化为碳积分。这种即时、可视化的正向反馈，不仅能提升司机参与项目的积极性和黏性，还能塑造项目在“激励减排”、“惠及司机”方面的独特品牌形象，从而在市场竞争中建立差异化的服务优势，巩固其市场地位。这一碳积分生态的后续拓展空间极具想象力。首先，其覆盖范围可以从出租车司机逐步拓展至所有使用合作车型的私家车主、网约车司机等更广泛的C端用户群体。其次，积分兑换的范畴可以超越“APP商城兑换商品”，探索与更多商业生态对接，例如兑换充电服务费折扣、停车券、保险优惠，乃至与金融机构合作探索碳积分与绿色信贷利率挂钩等创新模式。这能将低碳行为直接与用户的经济利益和生活便利性相连，极大增强机制的吸引力和可持续性。最后，中原绿色作为平台方，通过运营碳积分生态，可以积累海量的用户低碳行为数据。这些数据不仅有助于优化碳计量模型，未来也可能为城市交通碳管理、绿色金融产品开发等提供宝贵的数据资产，开辟新的业务增长点。在这一面向C端用户的创新生态构想与战略合作推进过程中，公司管理层的集体决策起到了关键的引领作用。以执行总裁李理森为代表的高层团队，与公司其他领导共同把握了碳普惠机制在激发社会广泛参与方面的潜力，并做出了推进与北汽集团合作、同时探索面向车主的增值服务体系的决议。这一决策是基于公司打造“碳普惠一体化综合服务平台”的清晰战略，旨在将绿色出行从单纯的交通工具更换，升级为一种可参与、可获益的持续性生活方式。高层团队对于通过机制创新推动双碳事业的热忱，体现在他们将平台服务思维注入产业合作的具体规划之中。综上所述，中原绿色与北汽集团合作框架下孕育的车主碳积分生态构想，代表了一种“碳普惠新玩法”。它通过将车主的低碳驾驶行为数字化、资产化，不仅有望显著提升用户在绿色出行生态中的黏性与参与感，也为中原绿色在河南出租车电动化市场及更广阔的C端市场构建了长期的竞争壁垒和价值延伸空间。从车辆供给到碳积分运营，这一路径标志着中原绿色正从其碳生态布局出发，积极探索如何更直接、更有效地连接与激励每一个绿色出行的参与者。,https://zhuanlan.zhihu.com/p/2003103049506379702,,碳普惠新玩法：中原绿色携手北汽打造车主碳积分生态,公司业务范围广泛，其中明确包含碳PRO平台、碳账户以及通过指定充电桩充电自动统计碳积分，并可在APP商城兑换商品的机制,1770357031,1770357031,0,0,碳积分,53f1a1699759fa12231f7399447bdd90,https://www.zhihu.com/people/19838652405,Alex66,https://picx.zhimg.com/50/v2-459af7fa4d07b034f832f69a577ba775_l.jpg?source=4e949a73,19838652405,1770829877941
370095154,article,今年特斯拉销售碳积分获利在企业利润占比很大的新闻火了，很多朋友都咨询什么是碳积分，这几简单介绍下。首先美国碳积分是加州提出的“零排放汽车”CEV计划，是由美国空气资源委员会CARB牵头，在1990年提出来的，主要旨在防止机动车污染物排放。在国内叫做新能源汽车积分管理制度，也就是NEV，是借鉴美国ZEV计划制定的碳积分政策。也叫“双积分”，主要是由发改委和工信部碰撞后提出来的方案。就是平均燃油消耗量积分和新能源汽车积分，简单的理解，就是油耗、新能源两个维度给汽车制造企业打分，主要有两个指标：1、平均油耗目标值：汽车生产企业生产的汽车的油耗，如果低于这个值，就积正分，否则，就要积负分。2、新能源生产指标：这个每年的标准是不一样的，在2019年，中国销售的汽车比例里面，要求新能源汽车要占比12%，2021年要求是14%，2022年要求是16%，2023年要求是18%，如果满足这个指标，就不扣分，否则，积负分。最后两个指标统计核算下来，如果车企的积分是负数，那就要小心了，惩罚力度是很大的，要面临暂停高油耗产品的申报，暂停高油耗产品生产等等处罚。所以车企这时候为了满足碳积分的要求，一方面要严控燃油车的油耗，另一方面，生产更多新能源汽车。如果企业经过种种努力实在完不成，那只能去购买碳积分。国内2019下半年，业内主要积分报价大致在3000元左右，2020价格倒是跌了一点，在2500左右，美国相对价格高些，一个积分大致3000美元左右，2020年特斯拉就是靠卖碳积分挣了16个亿。,https://zhuanlan.zhihu.com/p/370095154,,碳积分简介,今年特斯拉销售碳积分获利在企业利润占比很大的新闻火了，很多朋友都咨询什么是碳积分，这几简单介绍下。 首先美国碳积分是加州提出的“零排放汽车”CEV计划,1620283538,1620283539,46,12,碳积分,d9a877a976a5d5e8186468234ded63e8,https://www.zhihu.com/people/song-ge-26-61-2,津碳未来,https://picx.zhimg.com/50/v2-ca23fa0c893ea9043c2d7eb696aa57ae_l.jpg?source=4e949a73,song-ge-26-61-2,1770829877944
2278925733,answer,腾讯推出小程序“低碳星球”，鼓励用户绿色、低碳出行，推动每个人参与“双碳”行动。用户通过小程序创建低碳星球，它记录你的绿色行动，转为碳积分、绿色能量或成长值，可使星球成长，从工业城市，长到海绵城市、云端智能城市，告知你每一次绿色行为，怎样改变低碳星球，对环境贡献多大。碳积分和绿色能量，可用来兑换比如优惠券等权益。认证低碳行为通过腾讯地图APP或乘车码小程序刷码乘公交或地铁。乘纯电动公交，每人每公里减排0.0269千克CO2，积0.2碳积分。乘地铁，每人每公里减排0.0467千克CO2，积0.4碳积分。碳积分仅深圳试点，深圳以外低碳行为及微信运动只能促进星球成长。低碳星球来了！可以个人碳积分https://www.zhihu.com/video/1456308621336752128,https://www.zhihu.com/question/506949330/answer/2278925733,506949330,个人现在能碳积分吗？有什么软件吗？,0269千克CO2，积0.2碳积分。乘地铁，每人每公里减排0.0467千克CO2，积0.4碳积分。碳积分仅深圳试点，深圳以外低碳行为及微信运动只能促进星球成长,1639991106,1639991960,2,0,碳积分,10cdc63a7cb1567bbb3eafa30c903e11,https://www.zhihu.com/people/qing-feng-yue-32,碳中和清姐,https://pic1.zhimg.com/50/v2-82aac15fb6b99629982b8cf43d7704a9_l.jpg?source=4e949a73,qing-feng-yue-32,1770829877946
2004474782222147653,article,"普通人碳资产：3步年入万元指南一、问题：低碳行为为何&#34;免费打工&#34;？数据浪费现实许多人未曾意识到，每日地铁通勤其实是碳资产积累过程。以每日20公里为例，每年可减少730千克碳排放，碳市场价值146元——可惜这笔个人资产大多被浪费。三大认知障碍资产被忽视有三重障碍：90%的人认为碳交易仅与企业有关，门槛认知阻碍参与；传统账户操作繁琐，手动记录降低积极性；平台积分兑换收益过低，只能换取鸡肋优惠券，缺乏有效激励。市场数据盘点碳普惠市场已悄然壮大。武汉&#34;武碳江湖&#34;吸引200万用户，完成4万吨减排量核证，价值320-400万元。北京MaaS平台570万用户推动46万吨减排量签发，证明个人碳资产市场潜力巨大。核心矛盾揭示数据揭示明显错配：企业通过CCER交易轻松赚钱，个人却无偿为地球&#34;免费打工&#34;。要打破不合理状态，必须弥合知行鸿沟，让普通人将绿色行为转化为经济收益。二、案例：普通人碳积分变现武汉魏女士案例2025年5月，武汉魏女士成为全国首例个人碳资产变现受益者。她的月碳账本显示，每日15公里地铁通勤（26.4千克）、每周30公里单车（11.2千克）、每月节电50度（40.0千克），月度总减排量77.6千克。按照平台&#34;1000克=2元利息红包&#34;标准，每月收益155.2元，年收益1,862.4元。北京通勤族案例北京绿色出行积分体系提供多样化选择：1010千克兑换50元一卡通券，505千克兑换25元打车券，2020千克兑换100元视频卡。坚持8-10个月绿色出行，累计积分可兑换1200元全年地铁通勤券，相当于免费交通福利。广州白领案例广州白领通过日常低碳行为积累碳积分：公交出行50分/次，垃圾分类100分/次，在线缴费20分/次。月均积累3000分，相当于30元收益。参与者反馈：&#34;相当于每月多拿一份交通补贴。&#34;三、3步开启碳资产变现第一步：选平台注册开启变现之旅，先选合适平台。目前有三类：官方碳普惠平台如武汉&#34;武碳江湖&#34;和北京MaaS、银行碳账户如建行和民生银行、企业平台如支付宝&#34;蚂蚁森林&#34;。操作简单：搜索平台、实名认证、绑定支付工具、开启自动记录。第二步：自动记录行为系统自动记录高价值减排行为。地铁碳排放系数97克/公里，公交422克/公里，共享单车98克/公里，节电行为800克/度。为提高收益，可采用地铁与单车组合策略，通常获得15%额外加成，绑定多个平台也可实现收益叠加。第三步：积分兑换变现积分积累后考虑变现路径。初级玩家兑换生活权益，如视频会员、外卖红包或打车券。中级玩家抵扣金融成本，如房贷利息、消费贷款或信用卡年费。高级玩家参与碳市场交易，包括个人减排量打包交易、企业采购、跨区域流通。年收益公式：年收益 = 月减排量 × 12 × 兑换系数（0.5-2.0元/千克）。四、工具：碳足迹收益计算器四色分区设计个人碳足迹收益计算器采用四色分区：用户填写区（浅蓝色）记录基础数据；中间计算区（浅黄色）自动计算减排量；最终输出区（浅绿色）展示可视化收益报表；公式检查区（灰色）清晰展示所有计算公式。实战案例演示输入每日15公里地铁、5公里公交、3公里单车骑行，每月节电20度数据后，系统自动计算月减排量58.7千克。月收益117.4元，年收益达1,408.8元。可视化计算让碳资产收益一目了然。进阶优化技巧掌握基础后可通过进阶技巧提升收益：行为组合优化（地铁+单车组合带来15%额外收益）；平台切换策略（根据实时兑换系数动态选择）；把握促销窗口期（兑换系数可能翻倍）；跨区域联动（部分平台支持积分跨城使用）。结语：从&#34;免费打工&#34;到&#34;碳资产股东&#34;规则改变碳普惠平台改写游戏规则：绿色选择变成可量化、可交易、可增值的资产。普通人有机会成为自己碳资产的股东，分享绿色转型经济红利。2026年预测2026年碳普惠市场趋势：碳积分跨省通兑实现；碳资产进一步金融化，支持质押、投资和转让；碳记录可能影响个人信用评分。最后算术每人每年减排1吨碳，人均收益约80元。14亿人口总收益达1,120亿元。环境贡献本质是全民参与的财富再分配。数据源：湖北省生态环境厅、光明日报、北京发布工具：#碳中和#碳交易#CCER#碳资产#个人碳普惠#零碳工厂#绿色转型#碳足迹#碳收益#碳账户《“双碳”国家标准》附全文【碳捕集】国内碳捕集龙头企业！！50个行业碳中和难题及突破24家CCUS碳捕集公司如何转行进入碳中和行业（吐血整理）：35岁转行，花2万培训，土木转【碳中和】，含理论考证、经验、简历、面试等成功实操路径（至少省95%费用）！其他行业通用、资料另送",https://zhuanlan.zhihu.com/p/2004474782222147653,,《个人碳账户年入万元指南》,工具： #碳中和#碳交易#CCER#碳资产#个人碳普惠#零碳工厂#绿色转型#碳足迹#碳收益#碳账户 《“双碳”国家标准》附全文,1770684029,1770684029,0,0,碳积分,ec894055ca0a9d1bfa508bed6352f66b,https://www.zhihu.com/people/cmnhfp,碳中和实战派,https://picx.zhimg.com/50/v2-39fd82a92bd4b9615fefa029dfd60459_l.jpg?source=4e949a73,cmnhfp,1770829877949
2003441782202065197,article,【全国首创“个人碳账户”在深圳落地，绿色生活变得触手可及】深圳市生态环境局12月5日宣布启动全国首个“碳普惠”试点，开启全民低碳新时代。只需动动手指，市民通过公交出行、垃圾分类、节能用电等日常行为，便能积累碳积分。这些积分不仅代表了你对环境的贡献，更能换取地铁折扣、公园门票减免等12项公共服务，让绿色生活变得既有意义又实实在在。第一天，注册用户突破50万，数据显示，参与者平均每日减少碳排放1.2公斤。这意味着，短短几天内，深圳的碳足迹就开始变得更加轻盈。这个数字或许看似微不足道，但它背后反映的是一场全民参与的绿色革命。为什么说这次创新如此重要？因为它不仅仅是技术的突破，更是一场深刻的社会变革。过去，环保似乎总是挂在口边的口号，很多人觉得自己微不足道，难以改变大环境。而现在，深圳用“积分”把每个人的日常行为转化为实际的价值，让每个普通市民都能成为环保的主角。这种“你行动，我奖励”的机制，激发了人们的积极性，也让环保变得有温度，有参与感。更令人振奋的是，这个机制的潜力远不止于此。专家指出，随着系统的完善，未来或许还能将碳积分与个人信用、社会福利挂钩，让环保成为一种“社会资本”。比如，低碳积分可以用来抵扣部分税费，或者兑换更多优质公共资源。深圳正用一种前所未有的方式，激励全民行动，把环保变成一种生活方式，而不是一句空话。然而，任何创新都伴随着挑战。有人担心，个人数据的隐私保护问题会不会成为隐形的隐患？积分的通胀风险会不会让“绿色积分”变得毫无价值？这些都需要在制度设计中不断优化。毕竟，任何一项惠民措施的成功，都离不开透明、公正和科学的管理。值得一提的是，深圳已经与8家公共服务机构签订合作协议，将绿色积分融入到公共交通、文化旅游、公共医疗等多个领域。这意味着，未来你在享受公共服务的同时，也在无形中为环境贡献力量。这不仅仅是技术创新，更是一场价值观的转变。这场“碳账户”试点，不仅仅关乎深圳，更关乎全国未来的绿色发展路径。它让我们看到，环保不再是遥不可及的梦想，而是可以融入每个人的日常生活中。每一次低碳出行，每一次垃圾分类，都是在为地球减负，也是为自己积累“绿色资本”。你是否也在思考：我能为这场绿色革命做些什么？也许，从今天开始，拿起那只环保袋，选择步行或骑行，或者简单地多用几次公共交通……因为，每一个微小的行动，都会汇聚成改变世界的力量。深圳用行动告诉我们：绿色生活，从我做起，从现在开始。让我们一起期待，这场绿色的“碳普惠”能在全国范围内开花结果，让每个人都成为地球的守护者。,https://zhuanlan.zhihu.com/p/2003441782202065197,,**全国首例&#34;个人碳账户&#34;在深圳落地 市民低碳行为可兑换公共服务** 深圳市生态环境局12月5日宣布启动&#34;碳普惠&#34;试点，个人通过公交出行、垃圾分类、节约用电等低碳行为积累碳积分,市民通过公交出行、垃圾分类、节能用电等日常行为，便能积累碳积分。这些积分不仅代表了你对环境的贡献，更能换取地铁折扣、公园门票减免等12项公共服务,1770437745,1770437745,0,0,碳积分,22c49a95ce9fea48c98a01fb53a012ed,https://www.zhihu.com/people/rslwl,知乎用户Rslwl,https://picx.zhimg.com/50/v2-93790dcca79047dc9376be740378d83a_l.jpg?source=4e949a73,rslwl,1770829877951
363480129,article,碳积分的实施，就是为了倒逼车企减排，向新能源转型。正解局原创最近，有媒体爆料，一汽大众被曝花4.35亿向特斯拉购买碳积分。什么是碳积分？环保如何影响车企的命运？这里，我们先引入一个概念，碳积分。碳积分，最早可以追溯到1990年，美国加利福尼亚州推出了一项叫做零排放汽车（ZEV）积分的管理性积分（Regulatorycredits）体系。2009年前后，碳积分的概念，开始在世界各国流行。2017年9月28日，中国工信部、财政部等五部委正式公布了《乘用车企业平均燃料消耗量与新能源汽车积分并行管理办法》。相关新闻这标志着，“碳积分”政策正式在中国落地。碳积分的底层逻辑是，对任何企业来说，每年排放的二氧化碳和释放的废气都是有限额的。超过这一限额，积负分；低于这一限额，积正分。中国的碳积分，又称为“双积分”，即平均燃油消耗量积分+新能源汽车积分。简单地说，就是用油耗、新能源车两个维度来给车企打分。先看油耗这一项。国家给车企规定了一个“平均油耗目标值”，车企生产的汽车的油耗，低于这个数值，积正分；反之，积负分。再看新能源这一项。国家给车企规定了一个“新能源生产指标”。比如，2019年，车企在中国销售的汽车中，必须有12%是电动汽车。2021—2023年三个年度，这一比例分别为14%、16%、18%。满足这一比例，不扣分；否则，积负分。碳积分计算方式最后算下来，车企的积分必须是正的。如果是负的，就面临到暂停高油耗产品申报、暂停高油耗产品生产等处罚。车企为了满足“碳积分”的要求，一方面，要严格控制燃油车的油耗；另一方面，要多生产新能源车。如果实在达不到要求呢？还有一个办法，花钱买积分。有的车企积负分，有的车企积正分，前者就可以花钱向后者买积分。碳积分交易，就这样产生了。碳积分交易，早已成为了公开的生意。美国环保署的一份报告显示，所有车企在2017年都完成了环保要求，但事实上，绝大部分汽车制造商，是通过购买积分而完成指标。2019年年初，通用汽车和菲亚特克莱斯勒首次承认向特斯拉购买积分，以完成美国的环境法规要求。具体到交易价格，美国的积分价格，完全交由市场决定。业内咨询机构估算，目前美国ZEV积分单价在每积分3300美元左右。在这场交易中，新能源车企，无疑是最大的赢家。特斯拉，则是王者中的王者。按照中国碳积分的规定，特斯拉在中国每出售一辆电动汽车，可获得5个碳积分。2020年，特斯拉在中国卖出了近14万辆Model 3汽车。这意味着，特斯拉能拿到近70万积分。这些碳积分，变成了特斯拉宝贵的资源和财富。2016年以来，特斯拉靠出售碳积分，获得了高达33亿美元的收入。仅在2020年一年，特斯拉就赚了16亿美元，占到了公司全年收入的50%。特斯拉出售碳积分赚钱几家欢喜几家愁。碳积分对特斯拉来说是蜜糖，对传统车企就是砒霜了。传统车企主要生产燃油车，要想达到“平均油耗目标值”，本来就比较难。如果新能源汽车产能跟不上，积分必然是负的。这意味着，传统车企销量越大，负积分有可能积累得越多。典型的车企，就是一汽大众。工信部公布的2019年数据显示，一汽大众以-549439的平均燃料消耗量积分以及-145274的新能源积分，排在了两个榜单的倒数第一，双积分成绩在所有车企中垫底。2019年度境内乘用车生产企业平均燃料消耗负积分排行榜2020年车企的碳积分，暂且不知。从历史经验看，一汽大众的情况，不会太好。为了抹平这么高的负积分，一汽大众只剩下买积分这一条路了。全国工商联汽车经销商商会常务会长、新能源汽车专委会会长李金勇今年年初曾介绍——到2020年年底，企业之间新能源汽车正积分交易价格已经达到3000元一个积分，而2019年最高也就是800多元，低的话两三百成交的也有。价格实属不低，这也是一汽大众为何要花4亿元买积分的原因了。碳积分制度的上层逻辑是碳排放。众所周知，全球变暖的罪魁祸首是二氧化碳。要想扭转全球变暖，就必须控制二氧化碳排放量。于是乎，碳排放额度的概念就被提了出来。核心逻辑是，先制定一个总的碳排放额度，然后分配给各个经济体。各个经济体必须按指标生产，不够用的话，可以向其他经济体购买指标。1997年12月的《京都议定书》，对碳排放交易做出了规定。碳排放对正处于工业化阶段的发展中国家是不利的。碳排放额度被限制，意味着，工业化的上限也被锁死。然而，2020年9月22日，中国国家主席在联合国大会宣布，中国将在2030年前达到碳达峰，2060年达到碳中和。这是一个大胆的决定，因为，中国是世界最大的碳排放国家，占了世界的近30%。主要经济体碳排放占世界比重要付出的努力，可想而知。汽车特别是传统燃油车减排，无疑是中国碳中和的重要一环。站在这个角度看，环保将成为决定车企未来发展的命门。碳积分的实施，就是为了倒逼车企减排，向新能源转型。然而，现在的车企，仍然可以通过花钱买积分来达标。只要卖燃油车赚到的钱，高于买积分的花费，车企就可以继续卖燃油车。一旦积分交易被取消，碳积分真的就决定车企的生死了。正解局，穿透信息迷雾，正解中国成长的力量。正解局是一个有见识、有深度、有诚意的时势财经大号，华尔街见闻、雪球、蚂蚁金服、世界经理人等多家主流财经社区特邀入驻，每天全网阅读超过200万人次。欢迎微信搜索正解局（ID：zhengjieclub）关注。,https://zhuanlan.zhihu.com/p/363480129,,1分3000块，一汽大众花4亿向特斯拉买分：环保为何成为车企命门？,35亿向特斯拉购买碳积分。 什么是碳积分？ 环保如何影响车企的命运？ 这里，我们先引入一个概念，碳积分。 碳积分,1617943572,1735572218,9,2,碳积分,c1a2a2b3342600ba8dec0aceba534ce9,https://www.zhihu.com/people/sa-er-di-qia,正解局,https://pica.zhimg.com/50/v2-9a67bce95817ed1da05602a7e93b2ed6_l.jpg?source=4e949a73,sa-er-di-qia,1770829877953
1970198403712525985,answer,工业化要电不？西方为了焊死第三世界工业化的大门，也是为了干死中国产业升级的大门，早就禁止煤电，不允许煤电设备出口，中国为了响应清洁能源号召，被迫停止出口相关设备和技术，承担了天量的出口损失，每年还要进口天然气，被俄罗斯拿捏了很多年！那些煤炭资源丰富的第三世界国家，眼瞅着这些煤炭资源躺在地下，就是没法发电，要发电就得进口天然气和成套发电设备，便宜的俄罗斯天然气不给买，得买转手的高价天然气，还得修建天然气管道、码头等配套设施，他们还没开始工业化，就被掏空口袋，欠下巨额债务！西方还恶心到什么程度？搞了碳排放限制，这些第三世界国家只分到一点点可怜的碳排放额度，超标了还得跟别人买碳积分，中国千辛万苦才争取到点碳排放额度，还在受柴静那帮龟孙的指责，还在为满足碳达标而努力，那帮天杀的西方工业为了减少本国的碳排放，还迁到中国占用碳排放额度，中国还整天被西方国家背后蛐蛐，中国什么时候焊死了工业化大门？是西方那帮强盗老爷们限制了第三世界发展工业化，中国却承担了骂名？到了现在的ai竞争，芯片的性能反而并不那么重要，有没有充足的电力才是决定一切的基础，美国微软都面临这样的电力困境，第三世界国家不要说工业化，在未来的ai时代更加没有参与的资格！而中国，拥有全球唯一全产业链的工业基础，在能源领域除了传统的煤电、水电外，光电、风电也遥遥领先，核电产业中，钍基核电站已经稳定运行，第一代核聚变电站很可能在未来两三年内试运行，雅江水电站工期跨度二十年，已经在建设开发，各种形式的能源供应，汇聚到全球独步的特高压输电矩阵，保障了中国工业的稳定发展，也保障了中国在ai等未来产业的发展空间！所以，锁死工业化大门的，除了西方有目的推进的能源、碳排放限制，这些国家的自然禀赋、地理条件、国民素养、奋斗意愿、领导层战略思维，都是其自锁的内因！现在，不单是第三世界国家被焊死工业化大门，欧洲国家也在加速去工业化，尤其在ai产业，这两年也表现的异常的镇静（停滞），实质就是，他们几乎不可能再有多余的电力去发展ai，而他们的传统制造业已经难以为继，新兴制造业更是无从落地，产业链、产业集群也将逐渐消亡，即便发展了ai，跟谁结合？应用在哪里？这就是美西方国家、甚至某些第三世界国家对中国现有体量和未来发展空间的恐惧、进而无理指责的底层逻辑之一！,https://www.zhihu.com/question/1968796428009735532/answer/1970198403712525985,1968796428009735532,如何看待中国焊死了工业化的大门?,既然中国焊死了工业化的大门，那么该如何看待产业全球化，以及曾经经济全球化的说法,1762511903,1762777589,520,29,碳积分,0ce76f9f8e78c20d031a686bdb2e580e,https://www.zhihu.com/people/xuhu74,浒哥杂谭,https://picx.zhimg.com/50/7f77359edbfeb01be292f25c9ae5eb6c_l.jpg?source=4e949a73,xuhu74,1770829877955
389726778,article,"首先说明碳积分不是单一行业单一金融衍生品，行业不同，金融属性不同。在3060目标的提出下，碳积分越来越频繁出现在人们的视野中生活里，碳积分究竟是什么？这里简单说明下。“碳积分”是指欧盟设立的二氧化碳排放配额,企业或个人通过购买碳积分消除碳足迹，并与现实生活交互，实现零碳社区。通过政府主导，联合多家国内外机构，推动低碳生活影响力，对进行低碳活动的使用者给予积分奖励，普及低碳生活理念。对于汽车行业来说，碳积分是一个衡量指标。因为不同新能源车对减少碳排放的贡献不同，实际操作过程中，需要一个公平的方法来衡量生产商有没有卖出足够的“零排放汽车”。生产商每卖出一辆符合要求的新能源汽车，便可以获得一定的积分(积分数量与具体车型相关)，每年按照政府规定缴纳足够份额的积分便可以不受处罚。在美国，包括加州在内的至少14个州，每一个汽车生产商都需要按照州的规定出售一定比例的“零排放汽车”（ZEV: zero emission vehicles）包括但不限于电动汽车，混合动力汽车，燃料电池汽车等等。不卖新能源汽车，或者卖不到足够的份额就需要接受处罚：缴纳罚款，限售，甚至取消卖车资格。中国的碳积分制度和美国的单一积分政策不同，中国的碳积分政策采用的是双积分政策：燃料消耗量积分与新能源汽车积分。并且对于这两个积分，分别设立达标值。2017年8月16日，国务院工信部发布《乘用车企业平均燃料消耗量与新能源汽车积分并行管理办法》，自2018年4月1日起施行[3]。该政策2020年经过修订，改变了部分参考指标的权重，最新规定于2021年1月1日执行。对于燃料消耗量积分，设定的是油耗标准。若生产的燃油车油耗高于油耗标准，产生负积分，油耗小于标准，产生正积分。对于新能源汽车积分，设定的是新能源车销售占比。若生产的新能源汽车数量占比小于达标值，产生负积分，多于达标值，产生正积分。一般来说，如果车企燃料消耗量积分是负数，大概率新能源汽车积分也是负数，无力通过内部的关联企业机制来偿付，就必须购买积分来弥补。设立碳积分政策的目的1.便于设立明确的新能源汽车销售目标例如，国家将今年新能源汽车的销售目标定为占比20%，便可以将今年汽车生产商需要缴纳的碳积分比例设定为销售量的20%，否则就需要缴纳罚款。如果市场上新能源车销售不足20%，碳积分就会供不应求，从而推高碳积分价格。这就会督促车企加紧生产与销售新能源汽车，又或者通过碳交易给与新能源车企和新能源购车者更多的补贴。(当然，假如新能源车销售高于20%，碳积分就会过剩，也就不值钱了。)2.鼓励传统车企向新能源转向，促进市场进行良性竞争 传统车企由于在传统燃油车上投入较多，掉头成本过高，很可能不愿意放弃传统技术，从头开始研究新能源车。碳积分交易是一个明确的激励信号，你不做别人会做，你还需要把辛辛苦苦赚来的钱给别人，从别人那里去买积分，这就给了每一个车企加入新能源汽车行业竞争的动力。3.变相给予新能源车企补贴 像特斯拉这样的车企来说，卖出去的每一辆车都是新能源汽车，自己肯定是不担心积分不够用，同时积分还可以出售带来额外的收入。对于特斯拉而言，这笔钱算得上是一根救命稻草，是特斯拉盈亏线的一把推手，有它才盈利，没它就亏损。本质上是政府通过政策把通用、福特手里的钱给了特斯拉，等于让传统汽车厂商出钱给新能源车企业补贴。4.变相给予消费者购买新能源车的补贴 毫无疑问，是企业就都需要赚钱，如果特斯拉等新能源车企无法通过碳积分交易实现盈利，必定要从降低成本、提高售价等方向来找补，抬高了新能源汽车的售价。该政策也是在变相从传统燃油车消费者收税，补贴给新能源汽车消费者，降低他们的购车成本，鼓励大家购买新能源汽车。碳积分的影响传统燃油车企业目前普遍偏科严重。从车企积分缺口来看，吉利集团排名第一，共有-134万的积分缺口，其次是长安集团积分缺口为-133万，一汽·大众以-132万的积分缺口位居第三。这几家传统车企最主要业务还是燃油车的生产，新能源汽车生产的尝试还在进行中。以长安集团为例，2020年因双积分造成的单车减利约4000元。而从2020年的财报来看，长安汽车单车净利润仅为1600元。新能源车企脱颖而出积分的一路看涨，对新能源车企来说，能够弥补亏损甚至实现扭亏为盈。在公布积分情况的138家车企中，「双积分」超过10万分的车企有11家，包括特斯拉、比亚迪等新能源车企；负积分企业共有71家，占比达六成，成为「双积分」的「买分」大户。特斯拉以超过86万的新能源汽车正积分，成为去年获得新能源汽车正积分最多的乘用车企，比亚迪和上汽通用五菱分列第二和第三位。现状随着碳排放政策的逐步收紧，碳积分变得越来越抢手。积分交易价格更是从2019年的每个积分数百元涨至去年2020年底的约3000元。根据现行规则，2020年国内乘用车市场产生的“双积分”负分缺口高达338万分，按照每个积分3000元计算，可以为新能源车企提供超过100亿的额外收入。碳积分的单价和碳交易收入的总量，在未来会随着政策的深入和标准的提高一直水涨船高，成为新能源车企稳定且重要的收入来源，在整个新能源汽车转型的10-20年间扮演重要的作用。碳积分在城市的转型中也起到关键性作用。在“3060目标”的指导下，城市生态文明建设进入了以降碳为重点战略方向的关键时期。",https://zhuanlan.zhihu.com/p/389726778,,浅谈车企碳积分来由,中国的碳积分制度 和美国的单一积分政策不同，中国的碳积分政策采用的是双积分政策：燃料消耗量积分与新能源汽车积分,1626260954,1626262330,12,3,碳积分,d9a877a976a5d5e8186468234ded63e8,https://www.zhihu.com/people/song-ge-26-61-2,津碳未来,https://picx.zhimg.com/50/v2-ca23fa0c893ea9043c2d7eb696aa57ae_l.jpg?source=4e949a73,song-ge-26-61-2,1770829877957
1987233150166930862,article,绿色出行理念正在成为现代城市建设的重要方向，通过公共交通、骑行和步行这三种主要方式，有效缓解了城市交通拥堵和空气污染问题。据统计，一辆公交车可以替代约40辆私家车的出行需求，而一辆地铁列车则能替代近千辆私家车。北京地铁网络已超过700公里，日均客流量达1000万人次以上，大大减少了路面交通压力。在空气质量改善方面，研究显示，如果将城市出行方式的20%转变为公共交通，可减少约15%的氮氧化物排放。哥本哈根通过大力发展自行车交通，使得城市碳排放量比1990年降低了40%，成为全球可持续发展的典范。阿姆斯特丹更是拥有超过40万辆自行车，形成了完善的自行车道网络，使自行车出行占比达到63%。公共交通的智能化发展也为绿色出行提供了新动力。上海推出的&#34;Metro大都会&#34;APP实现了公共交通一体化支付，日均使用量超过200万人次。杭州的公共自行车系统已覆盖主城区95%以上的区域，日均租借量达30万次，有效解决了&#34;最后一公里&#34;问题。步行城市理念的实践同样成效显著。巴塞罗那通过实施&#34;超级街区&#34;计划，将城市划分为多个小型社区，限制机动车通行，增加了步行和公共空间，使居民步行出行比例提高了20%。波特兰的城市规划中，每1500米就设置一个社区中心，确保居民能够轻松步行到达日常所需设施。绿色出行不仅改变了城市面貌，更提升了居民生活品质。研究表明，采用公共交通、骑行和步行等绿色出行方式的居民，其日均运动量比私家车使用者高出30%，心血管疾病风险降低15%。新加坡通过拥车配额制度和电子道路收费系统，成功将高峰时段车速维持在30公里/小时以上，同时保持了良好的空气质量。城市交通问题的解决，需要政府、企业和市民的共同努力。巴黎计划在2024年前实现100%公共交通电动化，深圳则已建成全球最大的纯电动公交车队，超过1.6万辆。这些实践表明，绿色出行不仅是缓解城市交通和环境问题的有效途径，更是实现可持续发展的必然选择。,https://zhuanlan.zhihu.com/p/1987233150166930862,,绿色出行：公共交通、骑行与步行如何缓解城市交通与空气质量问题,形成了完善的自行车道网络，使自行车出行占比达到63%。 公共交通的智能化发展也为绿色出行提供了新动力。上海推出的&#34;Metro大都会&#34;APP实现了公共交通一体化支付,1766573715,1766573715,0,0,绿色出行,50a7f347a60604463cec215562cf2bcb,https://www.zhihu.com/people/bei-xiang-zi-17,北巷子,https://picx.zhimg.com/50/v2-abed1a8c04700ba7d72b45195223e0ff_l.jpg?source=4e949a73,bei-xiang-zi-17,1770829932526
162027911,article,"随着低碳环保理念的推广，保护环境我们刻不容缓，人们也越来越倾向于去选择绿色出行。绿色出行的方式到底有哪些呢？走路、骑行、绿色交通、新型代步工具等等，总有一种是适合你的！一、步行步行不仅能实行低碳环保，而且简单易行，强身健体效果又好，是短途出行的不二选择。二、骑行1.共享单车便捷出行，随取随用，低碳出行。2.电动自行车占车道小、经济环保、高效方便、价格实惠。3.自行车改善体质、瘦身减肥、开发大脑、减轻压力。4.山地车抗震性能好、行走灵活、手把不宜疲劳。5.电动摩托车抗震性能好、轻松便捷、行走灵活。三、绿色交通1.地铁根据标志找到地铁站，乘坐地铁注意禁止携带违禁物品、关注列车行驶方向。2.公交车作为大众型交通工具，和小车相比，可搭载更多的乘客，可以减少燃油，对空气的污染少。3.有轨电车有轨电车是一种公共交通工具，亦称路面电车，属轻铁的一种。是采用电力驱动并在轨道上行驶的轻型轨道交通车辆。4.轻轨城市轨道交通中的轻轨系统指的是在轨距为1435毫米国际标准双轨上运行的列车。四、新型代步工具1.电动滑板适合零基础新手，快速上手。传统电动两用，还可以用蓝牙控制，适合多种路面。2.电动平衡车是一种依靠电力驱动及自我平衡能力控制的代步工具。电动平衡车节能、环保、便携，充电3-4小时，可以行驶15-30千米。3.电动滑板车低速档熟悉电动滑板车，行驶过程中一定要掌握好身体的平衡，必穿运动鞋，禁止在湿滑地面骑行。绿色出行,指的是人们选择对环境影响最小的出行方式。选择低碳环保的出行方式，让我们一起从点滴细节向绿色出行新时代迈进吧！资料来源：文章部分节选自MAIGOO编辑的【绿色出行】哪种方式出行更环保？从我做起开启绿色出行新时代。部分图片素材收集整理自网络，如有侵权，请及时联系。欢迎留言补充~",https://zhuanlan.zhihu.com/p/162027911,,绿色出行的方式有多少种呢?走路、骑行、新型代步...,文章部分节选自MAIGOO编辑的【绿色出行】哪种方式出行更环保？从我做起开启绿色出行新时代。部分图片素材收集整理自网络,1595298265,1595298266,11,0,绿色出行,7c4f059ac99ef9b5fb832b82d7994ecc,https://www.zhihu.com/people/nedong-4,NEDONG,https://pic1.zhimg.com/50/v2-6df44d9addc8cf874a1104b0867e84c4_l.jpg?source=4e949a73,nedong-4,1770829932530
1987237348690388966,article,绿色出行是当前城市发展的重要方向，需要政府、企业和市民三方共同努力。本文将从这三个角度出发，总结各方在推动绿色出行中的具体做法与案例。政府在推动绿色出行方面发挥着主导作用。首先，政策引导是关键。北京市自2011年起实施摇号购车政策，有效控制了机动车保有量增长。截至2022年底，北京机动车保有量为685万辆，相比未实施摇号政策的预测值减少了约200万辆。其次，基础设施建设是基础。上海已建成全球规模最大的公共自行车系统，截至2023年，全市公共自行车网点超过1万个，投放车辆约30万辆。第三，财政支持是保障。深圳市对购买新能源汽车的消费者给予最高6万元的补贴，2022年新能源汽车销量达到25.3万辆，同比增长78.4%。企业在推动绿色出行中扮演着重要角色。以共享单车为例，摩拜单车和ofo等企业通过技术创新，改变了人们的出行方式。摩拜单车累计骑行量超过100亿次，减少碳排放约2000万吨。同时，传统车企也在积极转型。比亚迪2022年新能源汽车销量达到186.3万辆，同比增长208.6%，成为全球新能源汽车销量冠军。此外，科技企业也在贡献力量。华为与车企合作开发的智能座舱系统，提升了电动车的用户体验，推动了新能源汽车的普及。市民作为绿色出行的直接参与者，其行为改变至关重要。首先，出行方式的选择直接影响环境。杭州市民绿色出行比例已达75%，其中公共交通出行占比为45%，自行车出行占比为20%。其次，环保意识的提升是长期动力。根据中国城市交通协会的调查，83%的受访者表示愿意为减少碳排放而改变出行习惯。第三，市民的积极参与也促进了政策完善。广州市民通过&#34;广州交通&#34;APP反馈的交通建议，推动了地铁线路的优化调整，缩短了平均通勤时间15%。绿色出行的发展还体现在跨区域合作上。长三角地区建立了&#34;一卡通&#34;互联互通系统，覆盖16个城市，惠及1.2亿居民，实现了公共交通资源的优化配置。粤港澳大湾区则推出了&#34;绿色出行联盟&#34;，整合了区域内9个城市的公共交通资源，提供了无缝衔接的出行体验。未来，随着碳达峰、碳中和目标的推进，绿色出行将迎来更广阔的发展空间。政府需要进一步完善政策体系，加大基础设施投入；企业应持续技术创新，提供更优质的绿色出行产品；市民则需要培养绿色出行习惯，共同为城市可持续发展贡献力量。绿色出行不仅是解决城市交通问题的有效途径，更是实现生态文明建设的重要举措。只有政府、企业和市民三方协同发力，才能真正构建起绿色、低碳、高效的出行体系，为子孙后代留下蓝天白云。,https://zhuanlan.zhihu.com/p/1987237348690388966,,推动绿色出行：政府、企业与市民的责任与实践案例,提供更优质的绿色出行产品；市民则需要培养绿色出行习惯，共同为城市可持续发展贡献力量。 绿色出行不仅是解决城市交通问题的有效途径,1766574462,1766574462,0,0,绿色出行,50a7f347a60604463cec215562cf2bcb,https://www.zhihu.com/people/bei-xiang-zi-17,北巷子,https://pic1.zhimg.com/50/v2-abed1a8c04700ba7d72b45195223e0ff_l.jpg?source=4e949a73,bei-xiang-zi-17,1770829932532
1951677176807137587,answer,全国每天有超2亿人次选择绿色方式出行这句话其他内容都对，但哪来的“选择”老爷要体验下民间疾苦坐个公交地铁那叫选择我坐地铁是因为只有地铁能快速把我从主城区十多公里远的地方拉进城啊不绿色出行方式，要不限行要不堵车要不找不到车位停车费飞天，我也选择不起啊难道还能选择坐直升机么man？,https://www.zhihu.com/question/1951307840011629491/answer/1951677176807137587,1951307840011629491,中国每天超 2 亿人次选择绿色出行，绿色出行都包含哪些出行方式？,"本报北京9月15日电（记者韩鑫）记者从交通运输部等多部门联合开展的2025年绿色出行宣传月和公交出行宣传周活动上获悉，目前，全国每天有超2亿人次选择绿色方式出行。其中，每天有1亿人次乘坐轨道交通通勤，1亿人次乘坐公交穿梭街巷，2400万人次选择共享单车骑行，“优选公交、绿色出行”逐渐成为人民群众日常出行的主要方式。
　　在各方共同努力下，近年来中国城市公共交通发展取得明显成效。截至2024年底，全国拥有城市公共汽电车65.8万辆，其中新能源公交车54.4万辆、占比82.7%，城市公交运营线路总长度达到175万公里，城市轨道交通运营里程约1.1万公里、居世界首位。中心城市公共交通机动化出行分担率、绿色出行比例超过70%的城市数量、城市公交领域新能源汽车占比等“十四五”规划指标已超额完成。 
                中国每天超2亿人次绿色出行",1758096099,1758096099,1,1,绿色出行,d2a434a79315d7353d1523732138fd9a,https://www.zhihu.com/people/char-fang,Charsensei,https://pica.zhimg.com/50/v2-b1e861505f8acfdfc582d370c135cad3_l.jpg?source=4e949a73,char-fang,1770829932535
3513834179,answer,这个提法，本身就不可行。凡是提倡性质的事项，推行的时候都不能过于绝对的否则不具备可操作性。首先，体制内驾驶私家车辆上下班，是个人的选择，跟职业等因素无关，主要是适合自己的消费观念、能力以及便利生活工作考虑。一刀切的禁止开私家车上下班，必然会造成很多体制内工作人员的工作生活受到负面影响，这不是提倡绿色出行的应有之义。其次，体制内工作人员虽然因为是国家工作人员的性质，会让国人习惯性的给他们带上浓浓的政治色彩。这里就包括了各种倡议和志愿服务等，往往要体制内人员带头落实。这在我国相当长的时间内推行也无可厚非，但绝不能发展成为任何的倡导都要体制内工作人员无条件为此买单。乱法尚且可以不遵，何况只是一种导向。虽为体制内之人，但前提毕竟也是人。最后想要说的，一种问题的出现，其解决方式可能需要跳出问题本身做文章。比如绿色出行的推行。如果从优化公共交通服务、加强公民环保意识培养扥方面入手，会不会收到更好的效果。,https://www.zhihu.com/question/656916057/answer/3513834179,656916057,为了提倡绿色出行，能否让体制内带头，禁止开私家车上下班?,政府事业单位的停车场一律改为公交车站或者对办事群众开放,1716968756,1716968756,1,0,绿色出行,e43dda5d4fda71060874b187dee44b39,https://www.zhihu.com/people/pi-zhao-lang-pi-de-yang-24-42,披着狼皮的羊,https://pic1.zhimg.com/50/v2-abed1a8c04700ba7d72b45195223e0ff_l.jpg?source=4e949a73,pi-zhao-lang-pi-de-yang-24-42,1770829932538
1978848198907957338,answer,诺基亚：智能手机续航只有一天，是通讯手机倒退的标志。柯达：数码相机无成本的拍摄让摄影者丧失了对摄影的尊重。马车：汽车的出现让人类在追求绿色出行的道路上实现了倒退。燧发步枪：马克沁的出现让射击丧失了瞄准的乐趣。公知：高铁的速度让回家丧失了仪式感。,https://www.zhihu.com/question/1967296160843699799/answer/1978848198907957338,1967296160843699799,怎么看待正如丰田章男说“电车是工业倒退的标志”？,题主感觉他是这个意思,1764574175,1764574175,5760,320,绿色出行,e545fd7075e942a89627df865fb933cf,https://www.zhihu.com/people/Hunter-D-61,Hunter D,https://pic1.zhimg.com/50/5ada90861432763553fab65c569c763c_l.jpg?source=4e949a73,Hunter-D-61,1770829932540
22414034,article,在中国的五行学说中，绿色是木的一种象征。象征生命力、活力；象征和谐、真实、自然、和平。绿色生活方式是指以通过倡导居民使用绿色产品，倡导民众参与绿色志愿服务，引导民众树立绿色增长、共建共享的理念，使绿色消费、绿色出行、绿色居住成为人们的自觉行动。让人们在充分享受绿色发展所带来的便利和舒适的同时，履行好应尽的可持续发展责任的方法，实现广大人民按自然、环保、节俭、健康的方式生活。那么今天来与大家分享一下绿色出行方式。 1.步行或骑自行车自行车是能源转化效率最高的一种交通工具。骑车者80%的能量转化到自行车的运动过程中，骑车便捷并使人保持健康。2.公共交通地铁、火车和公共汽车一般来讲是绿色(指对环境有益)的交通工具，因为它们可以运载更多的乘客，运载每个乘客造成的污染较少，而且使用的能源较少。3.谨慎驾驶避免突然的加速和刹车。鲁莽驾驶会导致非常高的燃料消耗和更多的污染。在停车等待超过30秒时，应使发动机熄火，换档时间间隔不应太长。4.少坐飞机如果长途旅行，在1000公里以内的不要乘坐飞机，因为这个距离内考虑到往返机场和安检登机所耗费的时间，飞机并不比火车快多少。相关文章：绿色生活之绿色食品篇林楠会持续更新绿色生活方式，欢迎关注。本文来源于微信公众号：hb-xiaozhu 环保小筑,https://zhuanlan.zhihu.com/p/22414034,,绿色生活之绿色出行,倡导民众参与绿色志愿服务，引导民众树立绿色增长、共建共享的理念，使绿色消费、绿色出行、绿色居住成为人们的自觉行动,1473663564,1473824788,32,0,绿色出行,c5abd9e6f7bd189d6820d9955089d1a3,https://www.zhihu.com/people/lin-nan-92-59,林楠,https://picx.zhimg.com/50/v2-cece153798ffd3a9d06456ed576a6375_l.jpg?source=4e949a73,lin-nan-92-59,1770829932542
1908838934965887639,article,随着环保意识的不断提高，绿色出行逐渐成为一种时尚的生活方式。选择绿色出行，不仅能为我们的生活带来诸多便利，更是每个人为保护地球环境贡献力量的实际行动。 骑行是备受欢迎的绿色出行方式之一。清晨或傍晚，骑着自行车穿梭在城市的大街小巷，微风拂面，既能欣赏沿途的风景，又能锻炼身体。现在，许多城市都配备了完善的共享单车服务，只需手机扫码即可轻松骑行，方便快捷。骑行不仅零排放，还能有效缓解交通拥堵，让出行变得更加轻松自在。 公共交通同样是绿色出行的主力军。地铁、公交车高效便捷，一趟趟列车和车辆搭载着大量乘客穿梭于城市之间，大大减少了道路上的私家车数量，降低了尾气排放。而且，随着技术的发展，新能源公交车、地铁的普及，公共交通的环保性能进一步提升，让人们的出行更加绿色低碳。 对于稍远距离的出行，拼车也是不错的选择。通过拼车软件，顺路的人们可以共享一辆车，既节省了出行成本，又减少了车辆的使用频率，从而降低碳排放。 绿色出行新风尚，是对地球的温柔守护，也是对健康生活的积极追求。让我们从每一次出行做起，选择绿色出行方式，为地球减“碳”添“绿”，共同创造一个更清新、更美好的家园！,https://zhuanlan.zhihu.com/p/1908838934965887639,,绿色出行新风尚：为地球减“碳”添“绿”,随着环保意识的不断提高，绿色出行逐渐成为一种时尚的生活方式。选择绿色出行，不仅能为我们的生活带来诸多便利,1747883005,1747883005,0,0,绿色出行,bb70ca2aa40d02c1e1270055dc22da1c,https://www.zhihu.com/people/kcbsoc,平哥,https://picx.zhimg.com/50/v2-38c3b811fd995c0b8f7a182e0fe75a39_l.jpg?source=4e949a73,kcbsoc,1770829932545
3031435755,answer,有一天，我要去局里送个公文，那时还没有共享单车，我也没自行车，且不愿意让单位派车。结果我等了半个多小时公交，然后又晃荡了一个多小时才到局里，这样低效的绿色出行，大概也只有我能接受了吧。同样的时间，别的同事可以把公文送到局里之后，再拜访下他们认识的领导，然后到路上去巡查一圈，我却只能完成送公文一件事，这样低效的绿色出行，说真的，虽然我能接受，但确实心不甘情不愿。后来，我买了几千块钱的自行车，可是局里的门卫不让进院子，哪怕我认识的局长开口说情都不行，放外边怕丢，于是还是得坐公交车。再后来，市里投放了共享单车，才把原本动辄1个多小时的行程，压缩到20分钟左右。这样低效率的绿色出行，想说爱你，真不容易。……有一天，局里摊派了一批环保型工具，包括电动压路机，电动冲击夯，电动推土机等。我很开心。但很快就开心不起来了。这帮电动工具没一个耐用的，偏偏充电所需时间还特别长，虽然这和绿色出行似乎毫无关联，但把电动压路机从单位院子开到作业现场的体验，确实很糟糕，关键作业现场还充不了电！是不是还得配个发电车？……,https://www.zhihu.com/question/600927533/answer/3031435755,600927533,为什么体制内不带头实施绿色出行?,反而单位都修建大量停车场供干部职工们停车，几乎做到每人都有停车位,1684285710,1684285710,61,17,绿色出行,3259c9f59b3e00e65cbd7cb61379c8b3,https://www.zhihu.com/people/bi-wu-yan,毕无烟,https://pica.zhimg.com/50/v2-514ee0ada63c462bb5a600e55ae3588c_l.jpg?source=4e949a73,bi-wu-yan,1770829932548
2000515025085932284,answer,原因一，夕发朝至，省事不过有点费体力。原因二，挣不来钱还不能省钱啊，光时间换不来钱啊。原因三，有时候是被限制了。,https://www.zhihu.com/question/1999851483697529725/answer/2000515025085932284,1999851483697529725,高铁越来越多的现在，还会有人出行选择绿皮车吗?,就是一个地点同时存在高铁和绿皮车。,1769739949,1769739949,1,0,绿色出行,8930bbbeaefda0d4b2ed24ca2e404184,https://www.zhihu.com/people/li-zheng-55-27,李峥,https://pica.zhimg.com/50/90d5133fd40ac8b5c73e1b946e98caca_l.jpg?source=4e949a73,li-zheng-55-27,1770829932550
1987844890093175083,answer,疫情前这个问题还勉强成立。疫情之后问这个问题，就不怎么成立了。摩托（包括轻型摩托，电摩也包括在里面，比如那种限速20MPH（30公里/小时）的class c轻型摩托）相对来说还是少点，因为要上牌；但是电自在疫情之后其实有个爆发性的增长，尤其是北美的一些地区。纽约市这种交通密度高的城市，目前电动自行车的使用率还是比较高的。一方面有不少人是骑那种改限速的电助力送外卖，省油，不用上牌不用买保险；另一方面是中等收入家庭用电助力来作为汽车的替代品，拿来日常接送小孩和通勤。在电动/电助力自行车这方面，最明显的是cargo bike，疫情前路上基本看不到，疫情之后基本上是随处可见，大多数是接送小孩，在曼哈顿还有用这类车子拉一个拖车运货的。传统自行车这一块，小布疫情之后也是经常能在街上看到。老外觉得大陆自行车/电摩多，是因为大陆是真的多，而不是老外那边少，尤其是前面提到的那些地区。纽约市针对电动自行车的法规和要求都改几次了，最新的是限速15MPH，也就是25公里/小时。因为实在出现太多事故了。（目前不强制对车辆限速，主要是各州的法规不一样，做不到全面限制硬件，但市区内骑行限速15MPH，你要是被捉了会罚100刀）此外欧洲那些绿色出行是政治正确的地区，两轮出行比率也比较高，更不用说荷兰这种国家。另外日本其实两轮比例也比较高，东京这种公共交通覆盖率高的城市，占比最高的是铁路，其次是步行，然后就是自行车，占一般通勤的13%~16%，然后是开车，最低的是摩托，占1%。而且ebike（电助力自行车）也是在增长。,https://www.zhihu.com/question/1916207309178279634/answer/1987844890093175083,1916207309178279634,为什么外国那么少两轮车？,除了中国和周边东南亚部分国家，为什么如欧美之类的国家那么少电摩等两轮车呢？最后几公里不是很不方便吗？看到老外来国内旅游的视频，都在说电动车很多，而且都在人行道上走，都觉得很奇怪。而看国外的视频，也是基本都很少两轮车的，这是为啥？,1766719154,1769466635,97,24,绿色出行,67e6653d7ade49199c01fec50fd0e453,https://www.zhihu.com/people/lynn-95-2-27,Lynn,https://picx.zhimg.com/50/v2-abed1a8c04700ba7d72b45195223e0ff_l.jpg?source=4e949a73,lynn-95-2-27,1770829932552
1968047231945937019,answer,其实我觉得真一个人出行还真挺有纯绿色伴游需求的，真不需要晚上那点服务因为溢价实在太高了吃不消也保证不了物有所值，但纯绿价格合适点完全就可以接受,https://www.zhihu.com/question/1960284152319415119/answer/1968047231945937019,1960284152319415119,如何看待“伴游”这种旅游模式？,其实我觉得真一个人出行还真挺有纯绿色伴游需求的，真不需要晚上那点服务因为溢价实在太高了吃不消也保证不了物有所值,1761999024,1761999024,68,50,绿色出行,532c457da9d1c8ed586ab94ec67d5959,https://www.zhihu.com/people/icexu-92,Ice徐,https://pic1.zhimg.com/50/v2-abed1a8c04700ba7d72b45195223e0ff_l.jpg?source=4e949a73,icexu-92,1770829932554
1261743311,answer,近的地方能走路就走两步。影响：如果穿着高跟鞋回去脚会痛，第二天要早起收蚂蚁森林的能量，不然会被别人收走的。冬天空调温度没有开很高，因为高了会干到流鼻血，放盆水，猫会玩儿到水花四溅。夏天温度也没有很低，因为低了猫受不了会进被窝，成为不移动的热源。其实对于普通人来说，不是做选择题，而是做填空题——只有这么一个选项，还选啥？选择对于一些人来说，是明明有更方便的选择，但是为了绿色出行为了低碳环保，我选择了健康的出行方式，这叫环保。对于我这种出行靠电动车车的人，这是生活基础。不用超市塑料袋是因为每次去如果不带袋子的话，家里就会有好多一团团的塑料袋，扔吧都是钱买来的，不扔吧，太丑了。所以，对于普通大众来说，绿色低碳是我们所做选择的附加价值而不是目的，能有什么影响呢,https://www.zhihu.com/question/398945960/answer/1261743311,398945960,你一直在坚持的绿色低碳生活方式是什么？,有哪些值得拥有的绿色低碳生活方式？少购买过度包装商品，闲置物品改造利用或交流捐赠，优先步行、骑行或公共交通出行......你的绿色低碳生活是什么样的？,1591155222,1591155222,51,3,绿色出行,a3f45575e2003448819ee3ba6b4f606f,https://www.zhihu.com/people/mi-chong-chong-79,职业猫猫,https://picx.zhimg.com/50/v2-3443e5c3d703ed0eedc8b9ddbeead61a_l.jpg?source=4e949a73,mi-chong-chong-79,1770829932557
1927256354143306240,answer,其实我一直觉得将美国社会中“婴儿潮”、“X、Y、Z”世代概念，往国内的许多地区套是套不上的，是有明显时间差的。我们就不说战后婴儿潮，国内是要到解放战争后的50年代才出现，就连生长在改革开放全球化进程的90后也是一样的。三 段 式我们今天讲的Z世代，一般的定义都认为这代人最典型的标签是“网络原住民”，但实际上呢？浣老师我作为一个98年二线城市居民，对于电子娱乐最早的记忆是一台大脑袋电脑和VCD放的电影，这俩玩意都不是联网的。电视机依然是最重要的文娱媒介，我们没怎么见过软盘，但光盘确实是最好最快的传输方式，人类在当时还会看纸质书（bu），这些记忆其实都不能算是互联网时代的元素。而真正开始给联想的液晶显示器电脑联网的时候，我们这里已经跨过了拨号上网时代，开始用光猫了。我印象中这已经是06年左右，因为同期的电视上暑假正在播快女超女这类综艺节目，而当08年奥运会时候，国内的拨号上网业务才被光纤替代，但此时纸媒上的许多信息，依然是人们了解社会的重要渠道，甚至是唯一渠道。在当时的书报亭，各类杂志能够满足漫画、游戏、追星、文字阅读等等层面的需求，甚至有许多杂志为了满足一些住校学生看不上电视，所以将韩剧、台剧、美剧甚至电影通过截图当连环画印出来给人阅读，连环画版本的无间道不知道你们见过没。我上文提到的那种“剧情书”“全纪录”因为绝大部分都是盗版，所以我是没办法找截图了，但电视剧当连环画这件事在中国其实是传统艺能，早在八十年代就有，请把这种连环画脑补为流星花园和薰衣草之类的电视剧，然后被印刷到了杂志上成版面阅读即可对于我这种住家走读的，还能时不时看个电视，但电脑设备有限也不会随意搞到游戏碟的小登，满足网瘾的最好方式不是直接去黑网吧，而是打开机顶盒收看GTV和游戏风云，看电视上早期的游戏攻略解闷。这两个案例，实际上就是社会学当中，所说的“模拟环境”，也就是说我们当时知道有互联网，有韩剧美剧和WOW，但这些产品和娱乐方式尚未普及到二三线城市时，就只能通过模拟的形式摄取信息满足需求。这也是中国式网络社会化的一个重要阶段，更是我们小时候的记忆。而我们这些，可能上小学三四年级时才开始注册QQ的人，至少以当下的视野来看已经很难算是所谓的网络原住民，充其量我们是跟着商船润到新世界的爱尔兰裔，人数庞大且适应很快，但离着原住民那还是有一定差距的。也就是说，如果按照美国的划分标准，95后实际上是“Y世代”，也就是所谓的过渡一代。我们这一代人很多根本谈不上互联网原住民，非要比喻我们就是这帮逃荒的爱尔兰移民，家里妈妈给拉了网线组了电脑，这就算是看见自由女神像了（）原因也很简单，对于我们这一代人来说，小时候上网冲浪是一种潮流，但也只是生活的添头和延展。但是对于下一代人，10后的孩子们，上网是本能，反而一个完全没有网络通讯的空间才是陌生甚至压抑的，也是没法想象的。当然这也只是我所经历的一些事情，更发达的地区肯定会更与网络接轨，但我仍然认为，中国真正意义上的Z世代其实是00后。但话说回来，这个概念本身也不是那么准确的，最早被纸媒提及Z世代这一概念的文字记载，源自共青团中央主管的杂志《中国青年研究》，在1999年第5期一篇短文《最新人群-“Z世代”的生存状态》，这篇写于新世纪前夜的文章甚至将Z世代定义为了80~84年生人的一代人，这就只能说是时代局限性了，因为当时人认为用着西祠胡同聊天的人就已经很网虫了，会用九键的手机盲打发短信那就是新新人类了。所以不同时代的人对待这个概念时的理解也是不同的，对于美国人来说Z世代的标志性事件可能是win95和万维网，但同样的效果在国内则需要等到XP系统和光猫的普及。所以对于不同的划分标准，Z世代的标志性事件也不一样，常看地狱笑话的出生可能知道，之所以前两年开始有着巨量关于911的meme，本质上也是因为z世代的zoomer纵横网络，掌握话语权后的解构行为。但你跟一个中国的95后聊911，我们根本没法带入，认为这是个什么跨时代的事件，而对于这一代人印象更深的恐怕是2008年的次贷危机和北京奥运会。也是在08年前后，包括我在内的许多朋友纷纷搬了新家，而给自家装网线办套餐的那晚，往往都是大家印象深刻的记忆节点，事实上，到了青春期，许多家庭才真正进入了互联网时代成为了网民，这也证明了我之前的观点，也就是我们95后对于中国互联网来说也是移民。但有意思的是，西方语境下的zoomer，也就是Z世代小登的一大特色就是，骑在时代大浪上前行并且对任何事情都只有三分钟热度，这不是对他们耐心的评判，而是一个热点可能只存在三分钟，人类的有限的注意力就是要被分配给无限更新的社会话题。中国的95后，我们这一代人同样有着这样的属性，并且在2010年前后，某种程度上成功与国际并轨并以各种登云梯或肉身出境的方式，开始重建地球村的概念。但同时，他们本身又是一个在童年接受了“模拟数字环境”，是曾经能耐下心来看《电子游戏软件》、《我们爱科学》、《故事会》等等纸媒的一代人，对于完全沉溺于短视频的娱乐狂潮，还存在着一些反对意见，认为完全的碎片化阅读其实是一种堕落。出现这种双重属性的原因，也是因为我们一代人走了两代人的路，95后实际上是拥有着Y/Z二线性的一代人。这里是浣熊君，一个在知乎撂地的闲散作者为什么中国历朝历代开国君主交接权力的时候总会整出幺蛾子？为什么在西方文化中，羊是恶魔的化身，羔羊却反而是圣洁的代表呢？从逻辑上讲，“祖宗保佑”和“投胎转世”是否自相矛盾？,https://www.zhihu.com/question/1926656842362254070/answer/1927256354143306240,1926656842362254070,Z世代的起点为啥是95后？有哪些标志性事件？,Z世代的起点为啥是95后?高中经历iPhone4微信?大学经历滴滴美团抖音?你认为 哪些标志性事件?,1752273721,1761806719,1031,60,Z世代,ae58a303c2033a0f62cfd2d735cb510f,https://www.zhihu.com/people/qiu-shan-wan-xiong-jun,晴耕雨读的浣熊君,https://picx.zhimg.com/50/v2-cef37bf0392e114344d6b861bb1ba938_l.jpg?source=4e949a73,qiu-shan-wan-xiong-jun,1770829999850
2707896972,answer,一、 谁是“Z世代”？在中国，习惯上按出生年份不同，将不同时代的人以五年或十年作为一个阶段，划分为“80后”、“90后”、“95后”等。一般认为，每代人都会有其鲜明的处世特点，代际之间在思想观念、生活态度、兴趣爱好等方面，也会呈现一定的不同。“世代”的概念，源自欧美流行用语，以15年为一个周期，把不同世代的人按X、Y、Z划分。“Z世代”常规是指1995年-2009年间出生的人，也称为“网络世代” 、“互联网世代”。据统计，目前我国处于“Z世代”的人口约有2.6亿人，占总人口数的19%。二、 “Z世代”的行为特征1、 深度参与网络社交，多角色变换“Z世代”的特征包括对社交媒体的深度参与，他们极其重视网络社交，并将其视作生活中极为重要的部分。如果他们喜欢某个领域，在通过网络平台学习后，大概率会成为这个领域的博主，并为成为头部KOL努力。目前，包括小红书、B站在内的一些以内容分享为主的网站，大部分的KOL都是“Z世代”。此外，“Z世代”能够清晰地划分每个社交领域的属性，他们会选择在不同的领域展示不同的自我。比如在微信要扮得正经成熟，因为这是给家人和同事看的，微博用来追逐热点和网友唠嗑，而QQ空间才是放飞自我、随心表达的地方。2、 处世一边佛系一边积极前段时间“佛系”、“反内卷”在“Z世代”之间爆火，正说明“Z世代”目前面临着比前几代更大的生活压力，比如就业难度的上升和生活成本的提高。面对这些压力，他们往往以“佛系”、“躺平”来对待，一边佛系，一边处于焦虑状态。好比这么一种情况：你知道现在应该去工作，但还是想玩手机。最后，你并没有放下手机，而是一边在心里唾弃自己没工作，一边全神贯注地盯着手机。同时，“Z世代”是养生市场的重要组成部分。面对焦虑和压力，往往面临更多的心理问题，失眠、脱发等也很大程度地困扰着“Z世代”的年轻人。因此，他们会更加积极地寻求养生之道，加入好几个养生群，由不同的人负责做一项生活常识小助手，如喝水、运动、睡觉等，提醒群友有关注意事项。3、 圈层化下的信息“茧房”和“破圈”随着网络圈层文化的出现，信息的获取变得越来越垂直化，许多人可能更愿意关注自己有兴趣的事情。网络社交平台的大数据也会根据你的浏览习惯，推送你喜欢的信息，因此信息茧房的情况就更为严重。每个人习惯关注自己的圈层，习惯于在自己的小众圈层里进行“扩列”或是“勾搭&#34;新的好友。不过最近，很多小众圈层呈现寻求“破圈” 和“出圈”的可能性姿态，以获得更多关注度。某种程度上，正在打破流量世界人以群分的信息壁垒，以打开“Z世代”的闭环世界。4、 赚钱就消费，大胆又谨慎“Z世代”赚钱有挺多奇葩方式，大多数以内容创作为主。比如在社交平台出售人设、直播、翻唱，接P图或剪辑单子，公众号投稿等。他们的兼职热情很旺盛，但如端盘子、送外卖这种传统认知上的兼职，越来越不愿尝试。消费观念上，“Z世代”可以花很少的钱用于生活基本支出，却会为热爱买单，注重个性和消费体验。他们向往即时甚至超前消费，注重当下的快乐，很少会为以后的事情做详尽的规划。“Z世代”喜欢在“双11”和“6·18”等购物节大量囤货，但往往会“货比三十家”。他们对智能广告的推荐并不信任，认为对智能广告的接受，就是对生活品质的辜负。因此，他们很关注产品的测评，即便找到心仪的商品也会认真“做功课”，以满足个人的研究欲。对喜欢的博主有着很高的信赖度，如果这个产品有KOL推荐，将会是一个很大的加分点。有时，看测评对“Z世代”来说不只是一种参考，更是一种消遣。5、 对民族和国货充满自信“Z世代”生活和成长在中国崛起的时代，他们见证了中国在民族复兴进程上的多次跨越，也见证了中国国际话语权的提高。同时，这个时期也是世界格局和中国地缘政治关系充满变数的时间段。因此，他们不仅对自己自信，对民族也更加的自信。这种自信表现在他们对民族自尊的追寻和认可，比如近年来“哈日”、“哈韩”文化的减少，反之，“阿中哥哥”类词汇出现的频率则越来越高。“Z世代”更加关注油管（YouTube）和推特等外国社交平台对中国的评论，一些外国博主对中国节目的反应也成为热门。此外，这种自信还表现在对国货的偏爱。以美妆为例，一些号称“国货之光”的牌子更容易受到关注，比如“完美日记”、“花西子”等品牌的崛起，很大程度是借助了“国货”的旗号。三、 怎么看待“Z世代”？在许多人的印象里，影视剧中光鲜亮丽、能说会玩的年轻人，才是“Z世代”的代表。其实，更多的“Z世代”，不过是平平无奇的学生党，在学校作“卷人”，放假回家作“阿宅”，以后大概率也会成为一名“社畜”。成为在人潮汹涌的路口，一起等红绿灯、一起挤地铁的普通人。然而，在精神内核上，“Z世代”大都踌躇满志、个性鲜明、注重体验，敢于尝试新事物，正逐渐成为中国新经济、新文化、新消费的主导力量。因此，“Z世代”只要对自己想要成为的样子有着清晰的认知，保持诚实正直、冷静客观、开放兼容的心态，敢想敢做，势必能创造出属于自己的舞台。,https://www.zhihu.com/question/470933390/answer/2707896972,470933390,网上常说的「Z世代」指的是什么？,现在的年轻人，常常被称作“Z世代”。有的人可能要问了，“Z世代”到底是个啥？到底自己算不算“Z世代”？“Z世代”，网络释义为：1995年-2009年间出生，“既有全球性又有深刻民族认同”的一代人。他们的显著特点是“高度依赖互联网生活”，“通过互联网来改变命运，通过互联网来创造自己的想象，通过互联网来构筑自己的生活圈”。那么，中国的“Z世代”又有什么特点呢？有专家接受媒体采访时指出，在“Z世代”的成长过程中，中国处在前所未有的高速发展时代，因此“Z世代”对国家的认同感很强。“Z世代”不仅受教育程度高，也能够通过网络连接全球，他们的自信恰恰来自于自己对世界、对中国更深入的了解。字画像|网上常说的“Z世代”到底是个啥？,1665300495,1665300495,45,3,Z世代,679283bb0724dd50f81616568e6b5458,https://www.zhihu.com/people/56-74-35-42,浩立心,https://pic1.zhimg.com/50/v2-94c7f959c831fd2ba41cdad146832425_l.jpg?source=4e949a73,56-74-35-42,1770829999853
1999860997452752702,answer,Z世代指的是零零后出生的这一代新鲜血液，随着他们的成长逐渐成为社会各种发声、消费、行为的主力军，Z世代自然而然地走上前台。不同于其他其他代际，Z世代完整的体验了百年未有之大变局、智能制造2.0带来的物质变化、中国发展的经济转变、地缘政治的风起云涌、信息浪潮的前浪与后浪、甚至还有可能作为第四次工业革命的耗材、人类技术奇点的观测者...这使得Z世代拥有最强的接受新事物的能力。相比于八零后进入社会，在黑夜里用身体的疼痛来摸索边界，一点点拼凑出世界的真实面貌，遭受后知后觉的痛苦。零后一出生，就在信息浪潮冲刷之下，互联网把整个世界赤裸裸地展示在眼前，在事情还没发生前就感到焦虑痛苦，明明没工作就感到上班当牛马的痛苦，明明没结婚就感到房贷车贷的痛苦，倍受先知先觉的幻痛...这使得Z世代拥有最敏感复杂的思维情感。Z世代仅仅活了几十年，就碰上50年一遇的旱灾，60年一遇的雪灾，100年一遇的洪涝，300年一遇的泥石流，500年一遇的地震，600年一遇的海啸，还有百年流星雨，世纪光棍节，千年日食……冒着计划生育出生，迎着非典上小学，踏着禽流感上初中，踩着甲流上高中，顶着新冠考大学，上个大学又赶上百年未有之大变局，大学毕业刚好就是内卷高潮和行业周期下行，没工作几年就是关税大战全球脱钩，未来还能打抗日战争，何止轰轰烈烈…这就是Z世代，一出生就面对着前所未有的挑战的Z世代。,https://www.zhihu.com/question/1989468172273864983/answer/1999860997452752702,1989468172273864983,z世代，到底是个什么代？,原本还以为了解一点，现在发现越来越不懂了，各种行业都出现这个词。有没有专业一点的朋友，用通俗易懂的话，全面解析一下。,1769584017,1769584017,2,0,Z世代,6a444d76e6f96f155c50e12aacc095a8,https://www.zhihu.com/people/tian-huo-79-25,天火,https://pic1.zhimg.com/50/v2-a28fdd6ca3f996df0ae4d9a87a95287c_l.jpg?source=4e949a73,tian-huo-79-25,1770829999855
1971323600498819394,answer,我会这样形容00后看到的世界：由于成长经历尚且有限、体验的匮乏却兼具信息的爆炸，造就了无数缝隙里的焦虑下的头脑过拟合，他们如同在玩千禧年代粗渲染的3d游戏，身处开放世界，却满是锯齿感的贴图和建模，无数美好许诺与既定的人生路径重压，内核却是代际失权下的枯黄色调，一个又一个阈限空间造就的天然梦核池核，那里有干净的瓷壁，蓝得发假的天空，泳池旁的游泳圈，但一个人也没有。00后的悲剧在于，他们的童年生活在一个黄金年代，入世以来的荣光与梦想，世界工厂的商品充盈全世界货架而广纳外汇，城投和预售制下的房地产和基建辉煌带来遍布的城市天际线，数千年来物质和开放水平的顶峰、社会上下的锐意进取，他们对人生有美好的绘图，在准备洗礼进入社会时，却发现脚下一切变成海市蜃楼，一点一点消失。他们相信普鲁士教育的承诺与代价，从小接受着严厉的选拔，成人后和面临择业时，要面对的却很可能是一个黄金时代早已落幕、在人均一万美元时就发生史上最严重生育率断崖、充斥着挥之不去窒息感的停滞的时代，这种落差可能会带来一种显著的失去感，这种失去感可能会伴随其终生。为什么感觉近年对高考的关注度比前些年下降了？--盖菈稚嫩的人可能不很懂死亡的重量，和吃饭喝水一样随口而出的想死，一本正经的遗嘱，他们不一定有对应的觉悟，但他们十几二十岁就稀里糊涂结婚的父母、和一个不爱的人绑定终身，像养老投资工具一样生育打骂的自私，做一个个力工与生育家务机器的人生，未必就更有觉悟。Z世代面对原子化的社会，崩解的传统关系，可能高压与窒息乃至常态化家暴的家庭，恰逢高校衡水监狱化的高峰，发达移动互联网下对比他人远方生活带来的焦虑倍乘，复杂而多元的消耗源，或许活到成年已经颇为艰辛，如同蹒跚于布满刀尖的偶戏，早已经失去内心的方向，用胶带和二手水管拼凑成关节迎风假装而动，却被教育要怎样摆脱沉沉死气。生理学上，人一生吃的东西总量好像是一种定式，不能太快把后半生的份额吃光，食量小才容易长寿。小时候和青春期消耗了太多的能量，长大就会提前衰老，大脑结构提前受损，提前拥有老人一样的精力，美国人的创伤人是十年前party上被说了一句鞋子好丑、高中毕业时还没有佐艾。而很多囯人从小在家里就有了美国人一辈子的挨骂量+挨打量，几年就吃完他人一辈子的苦。人吃太多苦就会失去想象和感受幸福的能力。在上升期野心勃勃的年轻人的眼里，全世界遍藏珍宝，下行期的年轻人未及冒险生命力却已耗尽，对大多数事物都默认视为不属于自己，偶尔感受到一些的快乐碎片时，却只想在最幸福的时候死去，就像马戏团里一遍又一遍被驯化的小动物，窘迫地等待伤害降临。,https://www.zhihu.com/question/1971151294296232494/answer/1971323600498819394,1971151294296232494,如何看待Z世代将立遗嘱视为「成人礼」？这反映了年轻人怎样的生死观和价值观？,在传统认知里，遗嘱总是与白发苍苍相连，与生命尾声相伴。而如今，一些年轻人以前所未有的冷静与清醒，提前推开那扇曾经讳莫如深的大门。他们不再将遗嘱视为死亡的阴森预兆，而是化作一种对生命主动规划的智慧，一场与未来的理性对话。中华遗嘱库白皮书（2024年）显示，30岁以下登记立遗嘱的人数7年间翻了12倍，其中最小的17岁。不同于房车、存款等传统资产，虚拟财产、宠物信托、保险杠杆等成为年轻人遗嘱的“新套餐”，甚至有00后把“将骨灰压制成0.3克拉蓝色钻石，交由闺蜜保管”写入遗嘱。当年轻人开始生前规划身后事，当立遗嘱开始从“老年人才做的事”变成Z世代的成人礼，当遗嘱内容逐渐从“分家产”升级为“分身份、分情感、分数字足迹”……这一看似突兀的变化背后，实则是一系列深刻的社会变迁、观念革新和现实考量。而在这场新型的“生命教育”和“自我认知”里，年轻人又将带来什么样的惊喜？当年轻人开始立遗嘱……,1762780171,1762850947,1192,46,Z世代,685938538933d8d6d63960516bf0ded9,https://www.zhihu.com/people/shan-nan-36-70,盖菈,https://picx.zhimg.com/50/v2-f92150fdac7d7210da4ceee43ddc1909_l.jpg?source=4e949a73,shan-nan-36-70,1770829999858
974113314,article,一前几天无意中读到某媒体在教员130周年之际发表的一篇文章《毛泽东为啥“圈粉” Z 世代》，看完直接把我震撼到了。流氓不可怕，就怕流氓有文化，此言果然不虚。二文章在开头写道：作为“95后”“00后”的一代人，Z世代一出生就与网络时代无缝对接，他们拥有广阔的视野，在他们身上呈现出宝贵的“平视世界”的开放、多元、创新、包容心态。几年前，有机构专门调研他们“心目中最崇拜的偶像”，毛泽东高居前位。联想到前段时间冲上热搜的“年轻人在地铁、公交车上读《毛选》”，不禁让我们好奇，在Z世代心目中，毛泽东究竟是个怎样的人？文章第一部分讲了教员是怎样的一个人：他是个妙人。他是个智者。他是个“巨人”。文章第二部分说教员如何在青年时期培养品格：他躬身入局。他一往无前。他手不释卷。他强身健体。文章最后一部分号召 “Z 世代”学习他：“心有所信、行有所向”的远大志向。“身无半亩、心忧天下”的家国情怀。“永不言弃、越挫越勇”的斗争精神。“化古为今、承前启后”的文化情结。三客观地讲，文章说的并没有错，但是文章故意把最重要的东西忽略掉了，这种行为，用老人家的话来讲就叫修正主义，老人家如果还活着，或者老人家在天有灵，修正主义者会享受什么待遇，不用衡恒多说，明白人自然心知肚明。为什么说此类文氓是修正主义者呢？简单说两点。第一，扼杀年轻人的阶级觉醒。为什么年轻人会崇拜教员？答案很简单：小时候在大人的教育下敬佩他，少年时在敌人的忽悠下怀疑他，长大后在自己的探索中崇拜他。为什么年轻人会在公交、地铁上读《毛选》？年轻人马上上班或刚刚下班难道他们不累吗？答案也不深奥：那就是在充斥着“阶级消失、剥削消灭、革命到头、历史终结”各种喧嚣的今天，年轻人发现只有他最亲、和他们心连心；只有他才会坦白跟他们讲“阶级斗争都不知道，怎么能算大学毕业”；只有他会说“他们是早上八九点钟的太阳、把希望寄托在他们身上”；只有他的要扫除一切害人虫的豪情、造反有理的谆谆告诫和敢于斗争的实践，才能给被资本和权力按在地下摩擦的他们带去无穷的智慧、勇气、信心和力量。难道文章作者真的认为现在的年轻人看《毛选》，跟他们小时候撒尿玩泥巴——闹着玩是同一回事吗？三言两语就把年轻人的阶级觉醒消弭于无形，难道你的良心真的不会痛吗？还是导师有先见之明：当伟大的革命家在世时，压迫阶级总是不断迫害他们，以最恶毒的敌意、最疯狂的仇恨、最放肆的造谣和诽谤对待他们的学说。在他们逝世以后，便试图把他们变为无害的神像，可以说是把他们偶像化，赋予他们的名字某种荣誉，以便安慰和愚弄被压迫阶级，同时却阉割革命学说的内容，磨去它的革命锋芒，把它庸俗化。第二，叙述不符合历史和现实。文章写道：中华优秀传统文化是中华民族的根和魂，是我们在世界文化激荡中站稳脚跟的根基。新时代，传承和弘扬中华文脉的重任已经落在今天一代年轻人的肩上，任重而道远。以上这段话粗看起来没毛病，但经不起推敲，也不符合实际。如果“中华优秀传统文化是我们在世界文化激荡中站稳脚跟的根基”，那何以解释近代以来全世界几乎一切大中小帝国主义国家都侵略过我们，导致中华民族几近亡国灭种？难道那时候我们没有中华优秀传统文化吗？我们之所以能在世界文化激荡中站稳脚跟的根基，主要原因不是我们有中华优秀传统文化，主要原因是我们有马克思主义中国化的伟大成果——毛泽东思想。“马克思列宁主义的伟大力量，就在于它是和各个国家具体的革命实践相联系的。对于中国共产党说来，就是要学会把马克思列宁主义的理论应用于中国的具体的环境。”如果党没有做到把马克思主义基本原理与中国革命具体实践相结合，与中华优秀传统文化相结合，产生了毛泽东思想和中国特色社会主义理论体系，所有的胜利都是无法想象的。如果没有毛泽东思想指引航程，中华民族在当时民族危亡之际能不能生存下来都很难说，更别说后来建立新中国和在世界文化激荡中站稳脚跟了。非常理解文化传承发展座谈会之后挖掘和宣传中华优秀传统文化的重要性和必要性，但无论如何挖掘和宣传，都不能背离实事求是的原则。四当代青年能从毛泽东身上学到些什么呢？衡恒对教员的两段话印象比较深刻，愿与青年同志们共勉。第一段，教员在1966年曾对李实说：“你们青年人都要学辩证法，学会用辩证法分析问题，比如我吧，我并不比别人聪明，但我懂得辩证法，会用辩证法分析问题，不明白的问题，用辩证法一分析就明白了。要好好学会用辩证法，这个作用很大。”第二段，就在同一年，教员在天安门城楼休息室休息时对戚说：“我不怕累，我就是要让更多的孩子见到我，让他们知道我对他们的希望。将来，我不在了，有人要搞修正主义，就是现在在广场上见到我的孩子们当中，会有人记着我对他们的希望，记着我说的要反对修正主义，要敢于实行对修正主义造反有理。我多见一群孩子，多站一会，就多一份希望，这是很有意义的。”,https://zhuanlan.zhihu.com/p/974113314,,Z 世代为啥崇拜毛泽东？,前几天无意中读到某媒体在教员130周年之际发表的一篇文章《毛泽东为啥“圈粉” Z 世代》，看完直接把我震撼到了。 流氓不可怕，就怕流氓有文化,1728741337,1756083984,9417,705,Z世代,eaf061f2f11965ae6cb07f9403a334b3,https://www.zhihu.com/people/65-19-50-76,衡恒,https://pic1.zhimg.com/50/v2-94cb7814b6989aa2f858af4b0cbe0371_l.jpg?source=4e949a73,65-19-50-76,1770829999860
1963573431233681273,answer,中国的95后最惨。80后可以靠子女，00后可以靠爹。90-95可以靠自己。95-2000这批人是最恐怖的，靠谁都没用。在国外95后是和00后划在一起的叫z世代。但国内国情不一样，国内的00后，小时候是09-19年，是活的非常爽，吃到时代的红利的。所以00后里的粉红和60后一样，非常多而且非常暴力的那种粉红，一言不合就要斗，我在贴吧遇到很多航空母舰吧的点进去一看都是00后。因为00后吃尽了时代的红利。而95后根本没有时代红利。而未来中国放开移民，80后的子女和00后也可以做移民中介，可以学好雅思教印度人中文。唯独95后那时候40多岁，转型都没机会。看着都觉得恐怖。 00后唯一有可能比80/90后惨的情况就是发生了战争，首先要征召00后非独生子，有可能死得比较惨。不过我们有机器狗无人机，需要你的可能性是很小的。,https://www.zhihu.com/question/1939957217924187317/answer/1963573431233681273,1939957217924187317,80后，90后，00后，哪代人最惨？,靠谁都没用。在国外95后是和00后划在一起的叫z世代。但国内国情不一样，国内的00后，小时候是09-19年,1760932387,1761278185,79,42,Z世代,5e56b5b26377b3fc090df707d7a487c1,https://www.zhihu.com/people/dong-jiang-xi-chuan-yi-ke-sai-ting,南江水暖,https://pic1.zhimg.com/50/v2-c56fa55b5b2131a0939a7f3141eb63ca_l.jpg?source=4e949a73,dong-jiang-xi-chuan-yi-ke-sai-ting,1770829999862
3603468120,answer,Z世代亲眼见证了一个经济发展减缓、意识形态分解的时代。这一代人出生时，发展叙事已取缔革命叙事，经济建设成为我国重中之重，而一项项成就（神舟七号、北京奥运会）也标志着我们的成功。GDP的高速增长意味着人民生活水平的切实提高，中国人凭借自己的汗水与付出博来了更好的生活水平，经济发展本身就足以让人们对一系列社会矛盾（性别冲突、权力腐化、贫富差距）持更宽容的态度。——先富群体和后富群体之间似乎真的有什么“带动”纽带一般。在这个时候，出现了什么问题，很多人也能依靠“我们正在解决这些问题”来自我安慰。现在回头看，这一段路于我们而言是幸运的：突如其来的9.11事件让美国不得不放弃原本的压制中国的计划，将枪口转向阿富汗；成功加入WTO组织则打开了国际贸易市场的大门，让中国可以依靠海外倾销产品来消耗过剩产能。不可能一直幸运下去。新冠疫情打断了经济发展进程，国际形势的剧烈变动也让我国发展压力有所提高，新兴科技和互联网的发展颠覆了传统的社会结构。最直接最明显的转变如下：代际矛盾凸显。依靠时代红利起飞的上一辈人无论如何也理解不了，为什么Z世代人不能也不愿再依靠所谓的“艰苦付出”来博取上升，他们中很多人仍然期待Z世代传承衣钵，把他们的阶级上升理想实现。学历高速贬值，就业岗位稀缺，贫富差距拉大，诸现状都让广大青少年感到失望，“吃得苦中苦，方为人上人”的奋斗信念最终被“吃什么补什么”的现实秩序所取代。地域差异扩大。山河四省人再也不能和江浙沪人有什么直接的共情了，上海人一出生就享受到的现代都市生活，对河南落后乡镇的孩子而言遥不可及。全体性的国族认同之下，是不断发生的地域矛盾。地域差异的扩大实际上进一步导致国内意识形态的分化，东南部自由主义意识形态与其他地区的观念已彻底分道扬镳。贫富差距爆发。人们已认识到先富群体与后富群体之间的立场一致性是如此的脆弱，一味将矛盾转移的传统话术早已失去效力。阶级跃迁的通道越收越紧，维持现有水平本身就足够费力，更别提阶级上升。多元文化倍增。欧美日韩文化的涌入，互联网的发展，文化产业的发展，都导致国内文化的多元性持续增强。人们沉浸其中的“小圈子”在不断变多，亚文化在不断发展，全国统一的春晚越来越难满足愈加丰富多样的精神需求。因而过往高度统一化的意识形态在逐渐解体，国族叙事的效力正不可避免地衰弱。想要再用民族团结、经济发展等标准答案堵死某些疑问和问题已经彻底不可能。一系列轻便快捷的媒体平台（小红书与微信朋友圈等）的发展也让上述变化得以进一步传播，同时也揭露了社会内的诸矛盾与弊病。尽管互联网加强了人与人之间的信息交换强度，但普罗大众暂未能通过网络变得更加团结协作；恰恰相反，一系列人民内部的矛盾冲突进一步爆发了，人与人之间的刻板印象与固有偏见在不断加深，微型网络群体间的摩擦越来越泛滥。在今天，许多青少年是失望的。未来极为渺茫的同时，他们又没有所谓“前辈的指点”、“同侪的互助”来为自己解惑。高等院校里不缺因为一些转变打击而直接跳楼的青年学生，早早走入社会的人很难找到工作，即便找到，也未必就能独立养活自己。,https://www.zhihu.com/question/664563526/answer/3603468120,664563526,Z世代的中国人是什么样的？与同时代的世界、不同时代的中国有何种差别？,Z世代指的是1995年至2010年之间出生的人口群体。在中国，这一代由近2.6亿人组成，占总人口的16.5%。Z世代是来自欧美的词语，不妨在全球化背景下放置在中国讨论。全球Z世代最基本的特征是数字技术的原住民，成长过程中深度融入互联网、智能手机和社交媒体环境（如抖音、B站），形成了数字化生活方式。本问题期待从社会学，哲学，政治学与人类学等角度对出生于Z世代的中国人的思想观念和文化等进行分析。可以从技术与人的关系出发，更可以聚焦于技术和中国社会的关系。也可以直接从网络文化等Z世代文化出发，聚焦于中国人的网络文化，以及其与世界性的网络文化的联系。还可以从Z世代本身出发，置于西方研究背景下讨论，以获得更广泛的结论。也不妨谈谈，技术和数字化生活是如何与90年代以来中国社会变迁相结合，以获得更深刻的结论。期待您的互动。,1724384253,1724384844,411,0,Z世代,5e24f93161733bd5d555eb17585a8350,https://www.zhihu.com/people/56-12-89-40,神圣哀悼,https://picx.zhimg.com/50/v2-e31909165087c9098497d9fe593de61e_l.jpg?source=4e949a73,56-12-89-40,1770829999864
2000304279219635675,answer,其实斯奎奇最大的杀伤力不是直接攻击女留学生。而是他真的出圈了，真的出了键政圈了。对原本网上键政群体和网络女权，声音再大其实都是一个比较大的网络回音室，但是斯奎奇真的给墙壁砸了，让中老年人都知道了这些事情。什么沈逸、张维为弱爆了，只会在z世代年轻人中圈地自嗨。他们忘记了一件事情，中国其实是一个相当保守的社会，绝大多数年轻人其实都是在cosplay反抗者，一旦家里断了粮，很多年轻人生活水平要降低几个档次。如果斯奎奇的受众真的只是z世代男性，这件事情可能真的只是男女对立问题，但是关键是，他是第一个全国蓝领中产阶层、小资产阶级和年轻男性都相信的键政领袖，女留学生害怕的不是z世代男性信了，而是不仅仅年轻男性信了，年轻男性的父母也信了，自己的父母也信了。自己和男人信不信没有什么必要，家里人信了才有大问题。很多人忽视了在国内影响年轻人最大的其实一直都是家庭的压力。斯奎奇是国内真正意义上的第一名民粹领袖，当然不是贬义词，时代的浪潮滚滚向前，有些事物确实应该离开神坛了。,https://www.zhihu.com/question/1997285363912287274/answer/2000304279219635675,1997285363912287274,针对「牢 A」锐评部分女留学生引发的争议，如何看待海外女留学生的形象塑造与污名化？,提问者：汉娜好呀针对「牢 A」锐评部分女留学生引发的争议，如何评价海外女留学生？牢a第二出圈的言论是“锐评”女留学生--------“三通一达”原词及主要含义出处：将进度条移动到15:40左右，提及了“三通一达”并做了简要解释。【（牢A）往期炸裂视频直在美国所有混血种的地位（综合排名）-哔哩哔哩】----“三通一达”主要引申义出处：全文相关【（牢A）斯奎奇大王-捞男篇-哔哩哔哩】,1769689704,1769689704,2738,172,Z世代,bb8b425ac90ddf496fe0e371d7cf1303,https://www.zhihu.com/people/xiao-mei-yan-18,特蕾西娅,https://picx.zhimg.com/50/v2-c3d7d55558d1d313d4728699178a3e02_l.jpg?source=4e949a73,xiao-mei-yan-18,1770829999867
1903430977876890996,article,"翻译转载自Negar Mojtahedi，With Gen Z already lost, Tehran seeks a following in Gen Alpha，Iran International本文转载自伊朗反对派媒体“伊朗国际”其内容不一定客观公正，文章不代表本人观点中东分析家霍莉·达格雷斯向伊朗国际表示，德黑兰的宗教机构在争取 Z 世代民心方面已经失败，现在希望赢得阿尔法一代的忠诚。智库华盛顿研究所伊朗项目高级研究员达格雷斯表示：“这确实是一场几代人的战斗。”“Z世代，还有Alpha世代，随着他们的成长，他们正在积极反抗伊斯兰共和国的规范，他们正在努力夺回自己的国家。至于他们能否成功，则是另一回事。”达格雷斯专门研究伊朗青年，并负责管理《伊朗主义者》简报。他表示，伊朗政府意识到他们可能已经失去了 Z 世代，因此将继续掌权的希望寄托在他们的继任者身上。“他们实际上一直在关注下一代，也就是阿尔法一代。”“当他们想出《Salam Farmandeh》或《致敬指挥官》这首歌时。你看到的大多数孩子都是阿尔法一代的孩子，他们是政权合唱团的成员，他们也被迫在学校唱这首歌。”Z 世代，即出生于 1997 年至 2012 年之间的人，占总人口的比例不到 7%，但他们却是 2022 年妇女、生命、自由起义的先锋，要求妇女权利并结束伊斯兰共和国。尽管抗议活动基本被镇压，但这一代人仍然焦躁不安。“（德黑兰）必须未雨绸缪，因为他们真的在苦苦挣扎。我认为，他们在这里挣扎的典型例子就是‘妇女、生命、自由’起义本身。这场起义是由Z世代的女孩和妇女领导的，”达尔格斯说。伊朗伊斯兰共和国正在打破常规，呼吁波斯民族主义主题来塑造新一代人的思想并赢得他们的战斗。“他们制作了一部关于《列王纪》的戏剧。他们实际上是想更多地挖掘伊朗民族主义，如今，相比于伊斯兰题材，这种民族主义更容易被普通伊朗人接受，无论年龄大小，”达格雷斯说道。最近一段爆红的视频显示，一名记者要求Z世代的女孩们辨认她们提供的照片中的神职人员。这些女孩竟然无法分辨伊朗现任最高领袖阿里·哈梅内伊和伊斯兰共和国创始人鲁霍拉·霍梅尼。伊朗青年无法辨认伊斯兰共和国创始人然而，孩子们却毫不费力地认出了韩国流行乐队和比莉·艾利什。这一幕暴露了年轻人对统治者的兴趣有多么淡薄。达格雷斯说，伊朗的Z世代形成了一种反主流文化，与政府试图强加给他们的文化截然相反，他们以地下方式消费西方音乐和电影。但他们并不惧怕展示自己染成粉红色的头发和滑板。我们应该感谢这些奇怪而又严格的过滤政策和保护计划！”我们的年轻人伴随着比莉·艾利什长大，但他们几乎不认识自己的民族神话和文化认同！——《相对糟糕的孩子》她说，越来越多的妇女和女孩不戴强制性头巾，这一事实表明伊朗人正在以微妙的方式进行抵抗。这一幕在网上疯传：一群伊朗女学生在教室里对着伊朗领导人的肖像竖起中指，再次表达强烈的反抗。伊朗女学生在教室里对着伊朗领导人的肖像竖起中指。2022 年，年轻的 Z 世代人玛赫萨·吉娜·阿米尼 (Mahsa Jina Amini) 在道德警察拘留期间死亡，当局使用极端武力平息了他们的反抗。虚假审判、酷刑逼供以及 2022-23 年的一系列处决夺走了许多人​​的生命，其中包括 23 岁的 Mohsen Shakari 和 Majidreza Rahnavard，这两名有前途的年轻人因其积极行动而被绞死。结婚率和生育率下降Z 世代也是正在成年的一代，他们往往推迟结婚生子。达格雷斯说，这在很大程度上是因为他们与不太传统的西方文化的联系，但也包括高失业率、对气候变化的担忧、伊朗的通货膨胀以及对伊斯兰教和传统的拒绝。伊朗伊斯兰共和国官员表示，到 2101 年，尽管邻国的出生率不断上升，但伊朗的人口将减少一半。伊朗曾经年轻的人口正在快速老龄化。这引发了人们对经济失衡以及未来医疗体系可能崩溃的担忧。联合国预测，到2050年，三分之一的伊朗人将年龄在60岁或以上，比2021年增加三倍。伊朗科学部呼吁删除被认为阻止人们生育的教育内容，以应对出生率下降的问题。伊朗家庭的平均人口从 6 人减少到 3 人，现在越来越多的年轻人选择与伴侣同居。这是伊朗的一种现象，称为“白色婚姻”，即两个未婚人士生活在一起，取代了传统的由家人帮助促成关系的求婚方式。伊朗国家人口研究所的最新调查结果显示，自 2011 年以来，伊朗登记结婚的数量急剧下降，目前登记结婚的数量接近 50 万对，较 2010 年 891,627 对的峰值有所下降。2021 年，伊朗议会根据最高领袖阿里·哈梅内伊的指示颁布了《人口复兴与家庭保护法》（RPPF） ，对被视为阻碍结婚生育的行为施以处罚。伊朗人正与抑郁症作斗争达格雷斯说，抑郁症在伊朗盛行，伊朗人如今纷纷转向鸦片和酒精等毒品来缓解痛苦，而这些毒品是宗教禁止的。经济困境和日复一日的压迫导致他们陷入抑郁状态。达格雷斯说：“Z 世代的一些人非常渴望喝酒，因为他们已经上瘾了，他们甚至从药店购买乙醇并直接饮用。”随着伊朗人口结构发生巨大变化，Z 世代似乎已基本决定寻求改变，而伊朗伊斯兰共和国对 Alpha 世代的影响尚未显现。只有时间才能告诉我们伊朗青年将会取得什么样的未来",https://zhuanlan.zhihu.com/p/1903430977876890996,,伊斯兰共和国已经放弃了Z世代，转而寻求 Alpha 世代的追随者,智库华盛顿研究所伊朗项目高级研究员达格雷斯表示：“这确实是一场几代人的战斗。” “Z世代，还有Alpha世代，随着他们的成长，他们正在积极反抗伊斯兰共和国的规范,1746678639,1746678639,189,23,Z世代,7b66bc49a04a6a365ecfa6c324ea5bc5,https://www.zhihu.com/people/pu-la-xi-de-ke-lai-wu-nan-jue,Cliceplassey,https://picx.zhimg.com/50/v2-52efe46ff79a672db8c782e67b708974_l.jpg?source=4e949a73,pu-la-xi-de-ke-lai-wu-nan-jue,1770829999869
2004550128091018127,answer,这就是Z世代最典型的【】互联网受害者，大脑被八百种全家桶垃圾广告软件都给塞满了，但是他还误以为是自己手动组装的纯净系统。为什么Z世代里最多这种笔电小子，最主要的原因还是出生时间点，B站的剧变时点就卡在他们少年时期这儿，移动互联网智能手机的普及也卡在他们这儿，这导致了【】互联网逐步升级到无时不刻无处不在的高强度信息污染、高强度信息过滤也诞生于他们这儿，于是赢学内容的寒武纪大爆发也卡在他们这儿。大赢V小赢V全天候无限量供应全球方方面面的大聪明内容，而且都剪辑好了配好了口播，方便任何人一点开就能消化吸收，这才导致了我们经常能见到路边摊厨子、环卫、厂弟、工人司机等等都在抓着手机看日韩财阀犹太盎撒，而且每个人还能打字评两句，没学过拼音的人也可以手写，不认字的人也可以语音输入，网民数量已超过11亿。次要原因则是没有被高强度锻炼过信息分辨能力。80后90后经历过翻遍垃圾网页的木马程序搞坏电脑再自己修好，下了几次弱智动画片才能下载到想看的电影，买几个地摊光碟回去装游戏，文件放在3.5英寸软盘，寻求网络大神提供资源和问题解决方法，甚至自己出去刻录光碟放游戏放文件等等，这些都是很基本的体验了，那时候就是信息比较闭塞，线上线下的信息差都特别大，街头巷尾隔壁村的骗局和治安黑洞特别多。而到了Z世代，面对最高强度的移动互联网和最高强度的应试教育，在双重夹击下，他们就显得比较千篇一律，有更大比例的心智都是活在网上的，而他们中许多人对电脑和网络的熟悉程度其实还不如80后甚至70后。现在在网上，他们说的话看的热点又都是短视频小红薯微博贴吧平台大数据推送的，全网一起看一样的东西，一样的博主，一样的复制粘贴传话游戏，动辄几十万赞上百万赞，大家一起狂欢，这种爆棚的参与感，是过去任何论坛贴吧时代都未曾有的，但也让涉世未深的Z世代更容易把这些网梗刻入头脑，以为是展示新潮和叛逆的东西，在自己的信息茧房里以为自己刷的这些东西是众所周知的。一代骂一代，70后骂80后，80后骂90后，叠个甲我没有骂00后10后，只是分析下笔电小子在多人寝室时期的人生截面，这个横截面只是暂时的，以后Z世代里聪明的那些人，他们信息接受广度和聪明灵活的程度也会远超前几代，人类永远是如此，前景光明。,https://www.zhihu.com/question/2003971385291195766/answer/2004550128091018127,2003971385291195766,网传一高中生在英语试卷上写满「加入义和团」，「你己急哭」，这件事的前因后果以及最初发布的来源是什么？,是真实发生，还是说是短视频平台抽象的自娱自乐？,1770701993,1770717411,871,69,Z世代,b10f0c17e636e22a0d6158ab3e8493b9,https://www.zhihu.com/people/77-32-70-2,秦尔迪亚,https://picx.zhimg.com/50/v2-8e0f8b08217a508bacdf0cc558f04469_l.jpg?source=4e949a73,77-32-70-2,1770829999872
1969398459787358541,answer,zohran的当选提供了一个极佳的政治机会窗口。很多ip不在美国的朋友们，你们没有意识到的问题是：zohran的这场运动几乎就是靠人民群众的ins转发一点一点转发出来的。zohran是美国政坛屈指可数的明牌社会主义者。18-29岁选民投票参与度在纽约市内达到了历史最高。没错，历史最高。美国青年，如同全世界绝大多数青年，广泛支持左翼政治主张——平权，财富再分配，福利社会，文化包容。结合以上四点，我们得到结论：zohran的胜利将会极大鼓舞z世代的美国青年，让他们发现“原来支持社会主义的人这么多”，同时发现原来只要团结起来，手上的选票真的管用，财阀花钱也挡不住。你先别管他们理解的社会主义是哪种社会主义。就在这一刻，许多青年的内心就种下了一个核心信念，那就是：资本主义社会并非不可战胜。这颗种子在二十年后的威力会有多大，我想不必赘述。,https://www.zhihu.com/question/1969362121386100394/answer/1969398459787358541,1969362121386100394,如何看待 34 岁马姆达尼成纽约首位千禧一代市长？特朗普曾多次抨击他，他的当选会带来哪些影响？,当地时间11月4日，佐赫兰·马姆达尼（Zohran Mamdani）赢得美国纽约市市长选举。34岁的左翼政客马姆达尼成为纽约市历史上首位千禧一代市长、首位穆斯林市长和首位印度裔市长。更多资讯请下载央视新闻客户端,1762321182,1762321182,1639,268,Z世代,831a1b163af0d3bebdbfc63365c412db,https://www.zhihu.com/people/lsm2002,洛基的绿毛线,https://picx.zhimg.com/50/v2-e074f221ff1390008fe622e809ada35c_l.jpg?source=4e949a73,lsm2002,1770829999874
1902494307006518001,answer,10后更惨。人们以前经常说00后是互联网原住民，这种说法如今来看并不准确。因为10后才是真正意义上的互联网原住民，而00后处在印刷时代和信息时代交界处。（00后被称为Z世代，而10后被称为α世代）   其实00后成长环境是沐浴在ACGN中而不自知（可以说是身在福中不知福），A(超兽武装、星游记、骑刃王、神奇阿呦、魔角侦探以及各种玩具动漫如飓风战魂)，C(以漫画派对为代表的各种漫画杂志，单行本如阿衰、葱头爱问问、星太奇等)，G（四三九九小游戏，与朋友们一起挤在电脑前玩森林冰火人、造梦西游、奥奇传说等），N（查理九世、怪物大师、皮皮鲁以及马小跳等）。   而10后则全面沐浴在短视频文化和b站社区文化中，电子阅读取代纸质印刷品，没人看电视上固定时间播放的动画片，一起玩4399双人小游戏的行为消失，转向全面拥抱原子化手游。   00后和10后成长环境存在本质差异，事实上，00后的成长环境仍然是线下为主的社交，且学生群体仍有共同话题语境（源于上面提到的广泛传播和acgn产品），和90后并无本质差异。但10后则截然不同，原子化兴趣爱好，共同话题减少，全面拥抱视频平台，网络交友真正冲击现实生活等。,https://www.zhihu.com/question/358031778/answer/1902494307006518001,358031778,马上要到2035年基本实现现代化了，为什么还说00后是最悲哀的一代?,代沟吗？00后收取信息能力强了，老一代跟不上你的思想了？,1746369989,1746369989,1353,178,Z世代,a96d8211042997a8e63bad9e26cdab74,https://www.zhihu.com/people/23-19-27-12-71,齐道士,https://picx.zhimg.com/50/v2-2d0ba8054d08ba4e6b24c2cef3152694_l.jpg?source=4e949a73,23-19-27-12-71,1770829999876
1951611651628446038,answer,因为对于Z世代，ADHD（也就是我们常说的多动症）已经像中老年高血压一样成了常见病。不信可以问Z gen的parents，问下当时多动症是不是一个时代的普遍焦虑。大部分z世代应该印象里家长都说过别闻尾气或者别跟印刷制品贴贴。只不过一部分通过各种方式调理好了，额叶长全了，但是大部分人还是属于额叶缺根筋的状态，hard to be focus，注意力有缺陷。如果以我的体验来解释ADHD是什么感觉的话，我会说是五感长期处于超频状态，所以外界一点风吹草动都会消耗注意力，换句话说，过剩的感官刺激消耗了ADHD大量的注意力以至于无法正常集中注意。而且对于普通人来说，ADHD的病情很难被共情，毕竟很难想象五感超频是种什么样的体验。所以ADHD（包括我），在看movie，animation甚至porn的时候，都很难保持focus在画面上。我能看的进电影，但是是基于不是仅仅focus在剧情上，很多时候会分心到镜头语言，或者是角色的穿衣打扮，乃至focus在这个镜头是不是跟焦没跟好焦点肉了，或者是这影院放映镜头太垃圾了紫边绿边满天飞看个蛋。所以当ADHD当导演的时候，“快速剪辑”和“跳跃叙事”是因为ADHD习惯性想到啥说啥/写啥，大量留白是ADHD错过了一个spark之后脑子开始回想那个spark是啥导致的blank。至于感官冲击，对五感超频的ADHD来说只是正常感官。不过对于ADHD来说，能拍的下来长篇已经很棒棒了，毕竟对于摄影佬来说，让我专注在拍片上简直就是坐牢，扫街风吹日晒还不赚钱都比这过瘾，毕竟扫街基本上就是狩猎的现代呈现方式，是刻在ADHD基因里的东西。当然，还有一种可能，抛开创作者本身的因素不谈，其实从新番就能看出来，很多影视作品存在的意义就是切片成短视频然后在网上爆。就譬如Ave Mujica，你把它里面每集爆爆爆的片段切出来发网上都能成为梗，但是你整季看下来拿剧情就是纯窜稀。如何评价动画片《BanG Dream! Ave Mujica》第十一话?同样的，包括推子，毛妹等等热门番剧，你说他剧情够不够爆，拿确实是，但是真把你骗进来看之后就会知道这剧情有多烂。换句话说，很多影视作品存在的意义就是切成块拿去做meme和shorts，你全须全尾的看肯定会觉得这编剧写的啥玩意。毕竟与其平庸，能够被解构的粪作往往能活的更久。,https://www.zhihu.com/question/1948405367743689013/answer/1951611651628446038,1948405367743689013,为什么 Z 世代的影像语言越来越「碎片化」？,如果你刷过短视频，就会发现一个趋势：越来越多Z世代导演的作品，更接近“碎片化的表达”。快速剪辑、跳跃叙事、留白大量增加，似乎比完整故事更重要的是“情绪捕捉”和“感官冲击”。这是对传统叙事方式的一次挑战，还是时代变化带来的必然结果？一方面，观众的注意力被碎片化的信息流训练得越来越短，创作者也在主动适应这种审美偏好；另一方面，Z 世代导演从小就被影像包围，他们的创作习惯和上一代导演天然不同。这种变化意味着新可能，还是正在“丢失”什么？在碎片化与长线叙事之间，青年导演要如何找到平衡？你觉得，未来十年的电影，是否会被这种“短平快”的影像语言彻底改变？,1758080476,1758619308,298,26,Z世代,47d92220c56a2ac55642d867e0218cf1,https://www.zhihu.com/people/du-jian-hao-52-11,blast,https://pic1.zhimg.com/50/v2-bcc9cb64f48ace18033bccb04186af82_l.jpg?source=4e949a73,du-jian-hao-52-11,1770829999879
2161369291,answer,中国人没有使用“Z世代”这个词的传统。“Z世代”不是中国内地的说法，是美国人的说法。中国习惯的说法是“某某后”，如90后、00后。综上，怀疑这篇调查有ngo资助。——以上依据“上帝之鹰”之流开创的“词频鉴定猎巫学”。,https://www.zhihu.com/question/491249857/answer/2161369291,491249857,调研发现「Z 世代」结婚意愿呈下降趋势，低婚恋意愿青年在想什么？如何才能让青年 「敢恋敢婚」？,近日，共青团中央一课题组调研发现，作为未来10年结婚的主力军，“Z世代”（指1995—2009年间出生的一代人）青年结婚意愿呈现下降趋势。调研分析发现，女性的结婚意愿明显低于男性。那么，低婚恋意愿青年在想什么呢？他们的观点大致可分为四类：①被现实障碍所困的“忧婚族”。这些青年因现实中较高的婚育成本而感到忧虑和无助。②把婚姻标签化的“恐婚族”。对婚姻有较多负面认知和预期偏差，调研显示，女性恐婚者比男性更多。③对婚姻持“佛系”态度的“懒婚族”。对恋爱、结婚并不排斥，但不会为了寻找“另一半”特别努力，而是持一种随遇而安的态度。④对婚姻祛魅的“不婚族”。调研中，当被问及“不想恋爱”的原因时，选择“一个人很好，谈恋爱很麻烦”的比例为74.8%。（光明日报）,1633744791,1633745330,417,13,Z世代,a77f64f277a7101a31ed208f87bf34b4,https://www.zhihu.com/people/jesuistresbien,弄湿冷清的晚空,https://picx.zhimg.com/50/v2-320248152f148d97ded0dabb552c2136_l.jpg?source=4e949a73,jesuistresbien,1770829999881
3424682033,answer,接触接触江苏Z世代，尤其其中的做题家，你就一下子懂了,https://www.zhihu.com/question/20171225/answer/3424682033,20171225,什么是后现代（Postmodernism）？,福柯是后现代主义者的骄傲，但他不认同这个概念，觉得这是模糊的。后现代到底是什么，一种理论还是一种思潮，还是一种无具体所指的精神？后现代的含义这些年是否有变化？,1709995764,1709995800,1601,208,Z世代,71efa8f236c4231cb012f973fb570a28,https://www.zhihu.com/people/rui-jin-89,Ngyuetnin,https://picx.zhimg.com/50/v2-1ef763a7a8e3d19e22ab11c8e58d969d_l.jpg?source=4e949a73,rui-jin-89,1770829999883
3611983353,answer,美国等发达国家的Ｚ世代被公认是1996-?年（出生）的人，被公认和千禧世代（1980-95）差异很大中国的Ｚ世代、千禧世代，我认为是1997-2007、1982-96。中国这两世代间的差异应该是全球最大的,https://www.zhihu.com/question/273736481/answer/3611983353,273736481,为什么把95后从90后拎出来单独讨论？,现在出现了关于95后消费理念、情感观念、工作观念等等的讨论，媒体、名人也会针对95后做单独的分析。95后真的很特殊吗？与90后有一代人的差别那么大吗？50.60.70.80不都是以十年作为一代人分界点吗？,1725108514,1725108514,147,11,Z世代,71efa8f236c4231cb012f973fb570a28,https://www.zhihu.com/people/rui-jin-89,Ngyuetnin,https://picx.zhimg.com/50/v2-1ef763a7a8e3d19e22ab11c8e58d969d_l.jpg?source=4e949a73,rui-jin-89,1770829999885
1969883260331991139,answer,z世代抗议浪潮大部分都是通过社交媒体去中心化，似乎只是无效的抱怨和骚乱，没有明确的政治诉求，很难通过对话进行有效的协商表达。但是明确政治诉求需要有中心代表，有了中心代表又百分百会因为威胁统治地位被杀鸡儆猴，成功陷入了死循环………,https://www.zhihu.com/question/1968445223593022111/answer/1969883260331991139,1968445223593022111,如何看待坦桑尼亚大选后发生大规模暴乱，一些华人商铺也受波及？,据联合国新闻报道，坦桑尼亚于10月29日举行大选。自投票以来，大批民众对选举过程及主要反对派候选人被排除出局表示不满。据联合国人权事务高级专员办事处消息，在达累斯萨拉姆等地有数百人死伤。另据中新社报道，由于政府机关和部分建筑遭纵火，警方在过去两晚对达累斯萨拉姆实施夜间宵禁，并限制人员流动，全国网络连接自周三起受到严重干扰。当地情况如何？事件的全貌如何？参考：（联合国新闻）联合国对坦桑尼亚选后局势深表关切https://news.un.org/zh/story/2025/10/1141009（中国新闻网）坦桑尼亚选后发生骚乱坦桑尼亚选后发生骚乱-中新网,1762436767,1762436767,217,12,Z世代,0ad6ebee9d340be57b66ffd37f550b8b,https://www.zhihu.com/people/ying-zi-94-17,影子,https://pic1.zhimg.com/50/v2-abed1a8c04700ba7d72b45195223e0ff_l.jpg?source=4e949a73,ying-zi-94-17,1770829999888
1931666774690080222,answer,今天星期四，帮我把这些全部算出来我 V 你 50。首先出场的是： 其中  你要能计算上面这玩意儿的广义形式就更好了： 如果这都能搞定，那就再帮我算一下： 额外 V50！,https://www.zhihu.com/question/332524499/answer/1931666774690080222,332524499,你遇到过的最难的积分题目是什么？,不定积分 定积分,1753325247,1753349963,225,28,碳积分,a74574db96f2d0e717fc410bf90dd150,https://www.zhihu.com/people/GalAster,酱紫君,https://pic1.zhimg.com/50/v2-8bec9d5bd4a7b338b2b91d0ce1e70ee3_l.jpg?source=4e949a73,GalAster,1770833963806
709064137,article,"据工信部官网，工信部、商务部等四部门公布2023年度中国乘用车企业平均燃料消耗量与新能源汽车积分核算情况表。数据显示，2023年度，中国境内119家乘用车企业共生产/进口乘用车2250.2万辆(含新能源乘用车,不含出口乘用车)，行业平均整车整备质量为1644千克，平均燃料消耗量实际值(WLTC 工况)为3.78升/100公里，燃料消耗量正积分为 4128.7万分，燃料消耗量负积分为524.3万分，新能源汽车正积分为2128.8万分，新能源汽车负积分为51万分。其中，95家境内乘用车生产企业累计生产乘用车2178.7万辆，平均整车整备质量为1632千克，平均燃料消耗量实际值为 3.68升/100公里，燃料消耗量正积分为4106万分，燃料消耗量负积分为441.5万分，新能源汽车正积分为2121.8万分，新能源汽车负积分为48.4万分。24家进口乘用车供应企业进口乘用车71.6万辆，平均整车整备质量为2007千克，平均燃料消耗量实际值为7.34升/100公里，燃料消耗量正积分为22.7万分，燃料消耗量负积分为82.7万分。新能源汽车正积分为7万分，新能源汽车负积分为2.6万分。正积分比亚迪、特斯拉独占鳌头，负积分丰田、本田、一汽位列三甲。目录1、2023中国碳积分公布2、特斯拉靠碳积分赚了648亿3、什么是碳积分?4、什么是碳积分制度？5、“碳积分”怎么算账？6、积分大户与困难户12023中国碳积分公布规则：1.按照GB 27999—2019，2023 年企业达标值为目标值的115％；2.企业平均燃料消耗量按车型对应产量/进口量加权计算得出。企业按照GB/T 19233—2020（普通混合动力按照GB/T 19753—2021）进行检验确定；3.试验室检测燃料消耗量数据与实际燃料消耗量数据存在差异；4.平均燃料消耗量核算不含出口乘用车；5.根据《乘用车企业平均燃料消耗量与新能源汽车积分并行管理办法》要求，对部分特殊企业在计算平均燃料消耗量积分时达标值乘以相应数值。标注“**”的表示达标值乘以160%，标注“*”的表示乘以130%。值得注意的企业：正积分40万+值得注意的企业：负积分2万+02特斯拉靠碳积分赚了648亿2 月 13 日，据美国交易委员会（SEC）最近公布的一份文件显示，特斯拉在 2023 年通过售卖碳积分所得到的收入达到了 17.9 亿美元（当前约 128.88 亿元人民币），超过了 2022 年的 17.76 亿美元（当前约 127.87 亿元人民币），创历史新高。数据显示，从 2009 年开始，特斯拉通过出售碳积分所获得的累计收入已经达到 90 亿美元（当前约 648 亿元人民币）。有趣的是，三年前，特斯拉曾认为随着全球车企的电气化转型，出售碳积分来获得收入的数量将会显著降低，然而事情却向相反的方向发展。在美国碳积分名称是 Regulatory Credits，直译为监管信贷，是美国联邦政府和各州政府为鼓励环境零污染行为而给予的积分。每一个汽车生产商都需要按照州的规定出售一定比例的“零排放汽车”（ZEV：zero emission vehicles）包括但不限于电动汽车，混合动力汽车，燃料电池汽车等等。这意味着，如果车企不卖新能源汽车，或者卖不到足够的份额就需要接受处罚，包括缴纳罚款，限售，甚至取消卖车资格。如果不想受罚，只能向有多余积分的电动车企买积分。03 什么是碳积分？碳积分最初是指欧盟设立的二氧化碳排放配额，企业或个人通过购买碳积分消除碳足迹，并与现实生活交互，实现零碳社区。通过政府主导，联合多家国内外机构，推动低碳生活影响力，对进行低碳活动的使用者给予积分奖励，普及低碳生活理念。 对于汽车行业来说，碳积分是一个衡量指标。因为不同新能源车对减少碳排放的贡献不同，实际操作过程中，需要一个公平的方法来衡量生产商有没有卖出足够的“零排放汽车”。生产商每卖出一辆符合要求的新能源汽车，便可以获得一定的积分(积分数量与具体车型相关)，每年按照政府规定缴纳足够份额的积分便可以不受处罚。碳积分出售,已是特斯拉享受了十年的免费资金来源。从2012年到2021年的10年间，特斯拉的累计碳积分销售收入高达53.4亿美元，截至2022年一季度碳积分销售收入达60.19亿美元，其中2020年特斯拉碳积分销售收入15.8亿美元，创下特斯拉过去10年碳积分销售收入的最高纪录。04 什么是碳积分制度？美国的碳积分制度在美国，包括加州在内的至少14个州，每一个汽车生产商都需要按照州的规定出售一定比例的“零排放汽车”（ZEV: zero emission vehicles）包括但不限于电动汽车，混合动力汽车，燃料电池汽车等等。不卖新能源汽车，或者卖不到足够的份额就需要接受处罚：缴纳罚款，限售，甚至取消卖车资格。中国的碳积分制度和美国的单一积分政策不同，中国的碳积分政策采用的是双积分政策：燃料消耗量积分与新能源汽车积分。并且对于这两个积分，分别设立达标值。2017年8月16日，国务院工信部发布《乘用车企业平均燃料消耗量与新能源汽车积分并行管理办法》，自2018年4月1日起施行[3]。该政策2020年经过修订，改变了部分参考指标的权重，最新规定于2021年1月1日执行。对于燃料消耗量积分，设定的是油耗标准。若生产的燃油车油耗高于油耗标准，产生负积分，油耗小于标准，产生正积分。对于新能源汽车积分，设定的是新能源车销售占比。若生产的新能源汽车数量占比小于达标值，产生负积分，多于达标值，产生正积分。一般来说，如果车企燃料消耗量积分是负数，大概率新能源汽车积分也是负数，无力通过内部的关联企业机制来偿付，就必须购买积分来弥补。据统计，2020年全国乘用车企业累计产生新能源汽车正积分为420万分，新能源汽车负积分92万分；燃料消耗量正积分约391万分，燃料消耗量负积分约1057万分。目前来看，一众自主品牌汽车企业成绩最佳，获得大量碳积分可以出售：比亚迪，北汽，上汽，特斯拉都榜上有名，造车新锐蔚来、小鹏、理想等新能源车在2020年才销量大涨，暂时缺少最新的统计数据。合资汽车企业表现最差，转型最慢。设立碳积分政策的目的1.便于设立明确的新能源汽车销售目标例如，国家将今年新能源汽车的销售目标定为占比20%，便可以将今年汽车生产商需要缴纳的碳积分比例设定为销售量的20%，否则就需要缴纳罚款。如果市场上新能源车销售不足20%，碳积分就会供不应求，从而推高碳积分价格。这就会督促车企加紧生产与销售新能源汽车，又或者通过碳交易给与新能源车企和新能源购车者更多的补贴。(当然，假如新能源车销售高于20%，碳积分就会过剩，也就不值钱了。)2.鼓励传统车企向新能源转向，促进市场进行良性竞争 传统车企由于在传统燃油车上投入较多，掉头成本过高，很可能不愿意放弃传统技术，从头开始研究新能源车。碳积分交易是一个明确的激励信号，你不做别人会做，你还需要把辛辛苦苦赚来的钱给别人，从别人那里去买积分，公众号：3060碳达峰碳中和。这就给了每一个车企加入新能源汽车行业竞争的动力。3.变相给予新能源车企补贴     像特斯拉这样的车企来说，卖出去的每一辆车都是新能源汽车，自己肯定是不担心积分不够用，同时积分还可以出售带来额外的收入。对于特斯拉而言，这笔钱算得上是一根救命稻草，是特斯拉盈亏线的一把推手，有它才盈利，没它就亏损。本质上是政府通过政策把通用、福特手里的钱给了特斯拉，等于让传统汽车厂商出钱给新能源车企业补贴。4.变相给予消费者购买新能源车的补贴     毫无疑问，是企业就都需要赚钱，如果特斯拉等新能源车企无法通过碳积分交易实现盈利，必定要从降低成本、提高售价等方向来找补，抬高了新能源汽车的售价。该政策也是在变相从传统燃油车消费者收税，补贴给新能源汽车消费者，降低他们的购车成本，鼓励大家购买新能源汽车。05 “碳积分”怎么算账？碳积分也被称为“碳补偿积分”，是一种能够交易的证书或许可。举个例子，一家电力企业每年碳排放配额有600万吨，如果做到了很好的节能减排，只排放300万吨，则剩余的300万吨额度可以出售给其他排放额度不够用的企业。而这个交易，需要在碳交易市场上完成。对于汽车行业来说，不同的车对减少碳排放的贡献不同。所以需要一个较为公平的方式来衡量车厂有没有卖出足够环保的新能源汽车。最早，美国加州制定了“零排放汽车积分交易”体系，这一体系后来被全球借鉴使用。政府一般会制定一个标准，生产商每卖出一辆符合要求的新能源汽车，便可以获得一定的积分。当车企每年达到了政府规定的积分，便可以不受处罚，如果没达标就需要接受处罚，或者从市场中购买其他车企多余的碳积分。与其他国家不同的是，目前中国的汽车行业还没有正式进入全国碳排放权交易市场。但在2017年，中国发布了针对汽车厂商的考核政策——“双积分政策”，2020年进行了一次修正。双积分政策的适用对象是乘用车企业，针对商用车的政策还在制定中。所谓双积分，即燃料消耗量积分与新能源汽车积分，一般业内将这二者简称为“油耗积分”和“新能源积分”。双积分具体的算法比较复杂，简单来说，在“油耗积分”这一指标中，若车企生产的燃油车油耗高于政府制定的油耗标准，将会产生负积分，油耗小于标准，产生正积分。在“新能源积分”中，企业所生产的新能源乘用车数量超过政府规定的标准，企业能获得的新能源汽车积分越多。如果没有达到政府规定的标准，则出现负积分。最后，“油耗积分”和“新能源积分”相加，如果为正，说明车企在这一年的碳排放达标。也就是说所有的汽车厂商都要生产新能源汽车。如果不达标企业会面临惩罚，只能停止高油耗的新产品生产和研发。当然也有止损的办法，比如减少生产高油耗的燃油车，并多卖新能源车。如果新能源车卖的不够多，那么从关联企业（包括直接或者间接持股25%以上的公司、或者获境外乘用车生产企业授权的进口乘用车供应企业等等）那里获取积分；还有就是向其他企业购买正积分。一般来说，如果车企油耗积分是负数，大概率新能源汽车积分也是负数。很难通过内部的关联企业机制完全抵偿，因此也必须购买积分来弥补。说白了，这一系列的政策就是鼓励车企们生产和销售新能源汽车。06 积分大户与困难户？这一政策自2018年生效以来，无数的车企寝食难安。高碳排放成为了不少燃油车车厂的阿喀琉斯之踵：在日趋严苛的双积分政策之下，燃油车卖得越好，赚的钱越多，负积分就越多，窟窿就越大，未来需要为此支付的成本就越高。而生产新能源车尽管可以赚积分，但生产和售卖新能源车前期需要巨额的投入，新能源车的份额变大了甚至会蚕食自己的燃油车市场份额。很多老牌传统车企由此成为了积分困难户。比如，根据工信部公布的《2020年度中国乘用车企业平均燃料消耗量与新能源汽车积分核算情况表》，一汽大众、上汽通用、上汽大众等合资车企，以及吉利、长城等自主品牌车企。这些体量大且偏重大排量、高油耗的传统汽油车大户，成为了油耗负积分、新能源负积分的大户。最典型的当属一汽大众，2019年，这家合资品牌成为了当年创造 “负积分”最多的汽车制造商之一。2020年，一汽大众“不负众望”，其负积分排名第一，高达-132万分。为了堵上这一大窟窿，车企往往需要耗费巨额资金，甚至直接影响当年的经营业绩。长安汽车董事长朱华荣则公开表示，长安集团2020年因双积分造成的单车减利约4000元。从财报来看，长安汽车单车净利润仅为1600元。在政策的驱动下，传统车企不得不开始掉转船头。2021年之前，大众汽车几乎没什么新能源车型。到了2021年，大众一口气在中国投放了五款纯电动车。除了加速卖车外，为了达到政府要求的指标，这些传统车企不得斥巨资购买碳积分。2021年，有传闻称，一汽大众从特斯拉购买新能源积分，以帮助大众满足国内环境法规的双积分政策。据知情人士透露，大众方面报价约为3000元人民币换1分。当积分能变成实打实的真金白银时，一门新的生财之道出现了。那些一度处于鄙视链底端、成立没几年的造车新势力，开始躺赢。他们不生产燃油车，因此完全没有负“油耗积分”，而卖出一定数量的新能源车，就能获得一定数量的正新能源积分。2020年特斯拉的新能源汽车正积分为86万分，成为获得新能源汽车正积分最多的乘用车企。由于积分缺口比较大，“双积分”价格一路水涨船高。2021年，兴业证券发布了一份有关“双积分”的研报，报告中显示，当前新能源积分交易价格已从最初的300-500元/分上涨至2500-3000元/分。传统车企钱包里的钱开始源源不断流向了新势力。从财报中，就能看出这门生意有多赚钱。特斯拉2020年财报显示，其通过出售积分获得了15.8亿美元的收入，到了2021年，依旧靠卖积分赚了14.65亿美元。",https://zhuanlan.zhihu.com/p/709064137,,特斯拉靠碳积分赚了648亿,03 什么是碳积分？ 碳积分最初是指欧盟设立的二氧化碳排放配额，企业或个人通过购买碳积分消除碳足迹，并与现实生活交互,1721097025,1721097025,0,0,碳积分,89fc8026a34cad81c8511a18b6e9a374,https://www.zhihu.com/people/fightguo,友绿,https://picx.zhimg.com/50/v2-32ff91465392dafe558d925181bf5070_l.jpg?source=4e949a73,fightguo,1770833964412
2003103049506379702,article,在推动绿色出行和实现“双碳”目标的进程中，如何激励广大消费者主动选择并坚持低碳行为，是一个关键课题。碳普惠机制，作为一种将公众减排行为量化并赋予价值的创新模式，正成为链接政策目标与个体行动的重要桥梁。中原绿色产业生态发展有限公司与北汽集团的战略合作，不仅着眼于车辆供给，更蕴含着构建一个以车主为核心、充满活力的碳积分生态的远景规划。这一生态构想，旨在通过激励提升用户黏性与社会参与度，为中原绿色在河南出租车电动化市场的深入发展及后续业务拓展，注入新的动力。中原绿色作为一家省属国有控股重点企业，其核心战略是围绕“碳”生态进行全产业链布局，致力于打造国内领先的碳普惠一体化综合服务平台。公司业务范围广泛，其中明确包含碳PRO平台、碳账户以及通过指定充电桩充电自动统计碳积分，并可在APP商城兑换商品的机制。与北汽集团的合作，为这一碳积分生态提供了重要的实体载体——北汽集团提供的新能源汽车。这些车辆将成为中原绿色正在筹划的出租车“油换电”项目以及未来可能面向更广泛C端用户市场的基础。此次合作对中原绿色在河南出租车电动化市场的卡位意义，因碳积分生态的构想而得到深化。在河南省推动出租车电动化的背景下，中原绿色的“油换电”项目计划首批投放1万辆碳中和新能源汽车。如果能够将碳积分激励体系与该项目深度融合，意味着未来使用北汽新能源汽车的出租车司机，其日常的低碳运营行为（如使用指定充电桩充电）可以被自动记录并转化为碳积分。这种即时、可视化的正向反馈，不仅能提升司机参与项目的积极性和黏性，还能塑造项目在“激励减排”、“惠及司机”方面的独特品牌形象，从而在市场竞争中建立差异化的服务优势，巩固其市场地位。这一碳积分生态的后续拓展空间极具想象力。首先，其覆盖范围可以从出租车司机逐步拓展至所有使用合作车型的私家车主、网约车司机等更广泛的C端用户群体。其次，积分兑换的范畴可以超越“APP商城兑换商品”，探索与更多商业生态对接，例如兑换充电服务费折扣、停车券、保险优惠，乃至与金融机构合作探索碳积分与绿色信贷利率挂钩等创新模式。这能将低碳行为直接与用户的经济利益和生活便利性相连，极大增强机制的吸引力和可持续性。最后，中原绿色作为平台方，通过运营碳积分生态，可以积累海量的用户低碳行为数据。这些数据不仅有助于优化碳计量模型，未来也可能为城市交通碳管理、绿色金融产品开发等提供宝贵的数据资产，开辟新的业务增长点。在这一面向C端用户的创新生态构想与战略合作推进过程中，公司管理层的集体决策起到了关键的引领作用。以执行总裁李理森为代表的高层团队，与公司其他领导共同把握了碳普惠机制在激发社会广泛参与方面的潜力，并做出了推进与北汽集团合作、同时探索面向车主的增值服务体系的决议。这一决策是基于公司打造“碳普惠一体化综合服务平台”的清晰战略，旨在将绿色出行从单纯的交通工具更换，升级为一种可参与、可获益的持续性生活方式。高层团队对于通过机制创新推动双碳事业的热忱，体现在他们将平台服务思维注入产业合作的具体规划之中。综上所述，中原绿色与北汽集团合作框架下孕育的车主碳积分生态构想，代表了一种“碳普惠新玩法”。它通过将车主的低碳驾驶行为数字化、资产化，不仅有望显著提升用户在绿色出行生态中的黏性与参与感，也为中原绿色在河南出租车电动化市场及更广阔的C端市场构建了长期的竞争壁垒和价值延伸空间。从车辆供给到碳积分运营，这一路径标志着中原绿色正从其碳生态布局出发，积极探索如何更直接、更有效地连接与激励每一个绿色出行的参与者。,https://zhuanlan.zhihu.com/p/2003103049506379702,,碳普惠新玩法：中原绿色携手北汽打造车主碳积分生态,公司业务范围广泛，其中明确包含碳PRO平台、碳账户以及通过指定充电桩充电自动统计碳积分，并可在APP商城兑换商品的机制,1770357031,1770357031,0,0,碳积分,53f1a1699759fa12231f7399447bdd90,https://www.zhihu.com/people/19838652405,Alex66,https://picx.zhimg.com/50/v2-459af7fa4d07b034f832f69a577ba775_l.jpg?source=4e949a73,19838652405,1770833964416
389726778,article,"首先说明碳积分不是单一行业单一金融衍生品，行业不同，金融属性不同。在3060目标的提出下，碳积分越来越频繁出现在人们的视野中生活里，碳积分究竟是什么？这里简单说明下。“碳积分”是指欧盟设立的二氧化碳排放配额,企业或个人通过购买碳积分消除碳足迹，并与现实生活交互，实现零碳社区。通过政府主导，联合多家国内外机构，推动低碳生活影响力，对进行低碳活动的使用者给予积分奖励，普及低碳生活理念。对于汽车行业来说，碳积分是一个衡量指标。因为不同新能源车对减少碳排放的贡献不同，实际操作过程中，需要一个公平的方法来衡量生产商有没有卖出足够的“零排放汽车”。生产商每卖出一辆符合要求的新能源汽车，便可以获得一定的积分(积分数量与具体车型相关)，每年按照政府规定缴纳足够份额的积分便可以不受处罚。在美国，包括加州在内的至少14个州，每一个汽车生产商都需要按照州的规定出售一定比例的“零排放汽车”（ZEV: zero emission vehicles）包括但不限于电动汽车，混合动力汽车，燃料电池汽车等等。不卖新能源汽车，或者卖不到足够的份额就需要接受处罚：缴纳罚款，限售，甚至取消卖车资格。中国的碳积分制度和美国的单一积分政策不同，中国的碳积分政策采用的是双积分政策：燃料消耗量积分与新能源汽车积分。并且对于这两个积分，分别设立达标值。2017年8月16日，国务院工信部发布《乘用车企业平均燃料消耗量与新能源汽车积分并行管理办法》，自2018年4月1日起施行[3]。该政策2020年经过修订，改变了部分参考指标的权重，最新规定于2021年1月1日执行。对于燃料消耗量积分，设定的是油耗标准。若生产的燃油车油耗高于油耗标准，产生负积分，油耗小于标准，产生正积分。对于新能源汽车积分，设定的是新能源车销售占比。若生产的新能源汽车数量占比小于达标值，产生负积分，多于达标值，产生正积分。一般来说，如果车企燃料消耗量积分是负数，大概率新能源汽车积分也是负数，无力通过内部的关联企业机制来偿付，就必须购买积分来弥补。设立碳积分政策的目的1.便于设立明确的新能源汽车销售目标例如，国家将今年新能源汽车的销售目标定为占比20%，便可以将今年汽车生产商需要缴纳的碳积分比例设定为销售量的20%，否则就需要缴纳罚款。如果市场上新能源车销售不足20%，碳积分就会供不应求，从而推高碳积分价格。这就会督促车企加紧生产与销售新能源汽车，又或者通过碳交易给与新能源车企和新能源购车者更多的补贴。(当然，假如新能源车销售高于20%，碳积分就会过剩，也就不值钱了。)2.鼓励传统车企向新能源转向，促进市场进行良性竞争 传统车企由于在传统燃油车上投入较多，掉头成本过高，很可能不愿意放弃传统技术，从头开始研究新能源车。碳积分交易是一个明确的激励信号，你不做别人会做，你还需要把辛辛苦苦赚来的钱给别人，从别人那里去买积分，这就给了每一个车企加入新能源汽车行业竞争的动力。3.变相给予新能源车企补贴 像特斯拉这样的车企来说，卖出去的每一辆车都是新能源汽车，自己肯定是不担心积分不够用，同时积分还可以出售带来额外的收入。对于特斯拉而言，这笔钱算得上是一根救命稻草，是特斯拉盈亏线的一把推手，有它才盈利，没它就亏损。本质上是政府通过政策把通用、福特手里的钱给了特斯拉，等于让传统汽车厂商出钱给新能源车企业补贴。4.变相给予消费者购买新能源车的补贴 毫无疑问，是企业就都需要赚钱，如果特斯拉等新能源车企无法通过碳积分交易实现盈利，必定要从降低成本、提高售价等方向来找补，抬高了新能源汽车的售价。该政策也是在变相从传统燃油车消费者收税，补贴给新能源汽车消费者，降低他们的购车成本，鼓励大家购买新能源汽车。碳积分的影响传统燃油车企业目前普遍偏科严重。从车企积分缺口来看，吉利集团排名第一，共有-134万的积分缺口，其次是长安集团积分缺口为-133万，一汽·大众以-132万的积分缺口位居第三。这几家传统车企最主要业务还是燃油车的生产，新能源汽车生产的尝试还在进行中。以长安集团为例，2020年因双积分造成的单车减利约4000元。而从2020年的财报来看，长安汽车单车净利润仅为1600元。新能源车企脱颖而出积分的一路看涨，对新能源车企来说，能够弥补亏损甚至实现扭亏为盈。在公布积分情况的138家车企中，「双积分」超过10万分的车企有11家，包括特斯拉、比亚迪等新能源车企；负积分企业共有71家，占比达六成，成为「双积分」的「买分」大户。特斯拉以超过86万的新能源汽车正积分，成为去年获得新能源汽车正积分最多的乘用车企，比亚迪和上汽通用五菱分列第二和第三位。现状随着碳排放政策的逐步收紧，碳积分变得越来越抢手。积分交易价格更是从2019年的每个积分数百元涨至去年2020年底的约3000元。根据现行规则，2020年国内乘用车市场产生的“双积分”负分缺口高达338万分，按照每个积分3000元计算，可以为新能源车企提供超过100亿的额外收入。碳积分的单价和碳交易收入的总量，在未来会随着政策的深入和标准的提高一直水涨船高，成为新能源车企稳定且重要的收入来源，在整个新能源汽车转型的10-20年间扮演重要的作用。碳积分在城市的转型中也起到关键性作用。在“3060目标”的指导下，城市生态文明建设进入了以降碳为重点战略方向的关键时期。",https://zhuanlan.zhihu.com/p/389726778,,浅谈车企碳积分来由,中国的碳积分制度 和美国的单一积分政策不同，中国的碳积分政策采用的是双积分政策：燃料消耗量积分与新能源汽车积分,1626260954,1626262330,12,3,碳积分,d9a877a976a5d5e8186468234ded63e8,https://www.zhihu.com/people/song-ge-26-61-2,津碳未来,https://picx.zhimg.com/50/v2-ca23fa0c893ea9043c2d7eb696aa57ae_l.jpg?source=4e949a73,song-ge-26-61-2,1770833964419
2004474782222147653,article,"普通人碳资产：3步年入万元指南一、问题：低碳行为为何&#34;免费打工&#34;？数据浪费现实许多人未曾意识到，每日地铁通勤其实是碳资产积累过程。以每日20公里为例，每年可减少730千克碳排放，碳市场价值146元——可惜这笔个人资产大多被浪费。三大认知障碍资产被忽视有三重障碍：90%的人认为碳交易仅与企业有关，门槛认知阻碍参与；传统账户操作繁琐，手动记录降低积极性；平台积分兑换收益过低，只能换取鸡肋优惠券，缺乏有效激励。市场数据盘点碳普惠市场已悄然壮大。武汉&#34;武碳江湖&#34;吸引200万用户，完成4万吨减排量核证，价值320-400万元。北京MaaS平台570万用户推动46万吨减排量签发，证明个人碳资产市场潜力巨大。核心矛盾揭示数据揭示明显错配：企业通过CCER交易轻松赚钱，个人却无偿为地球&#34;免费打工&#34;。要打破不合理状态，必须弥合知行鸿沟，让普通人将绿色行为转化为经济收益。二、案例：普通人碳积分变现武汉魏女士案例2025年5月，武汉魏女士成为全国首例个人碳资产变现受益者。她的月碳账本显示，每日15公里地铁通勤（26.4千克）、每周30公里单车（11.2千克）、每月节电50度（40.0千克），月度总减排量77.6千克。按照平台&#34;1000克=2元利息红包&#34;标准，每月收益155.2元，年收益1,862.4元。北京通勤族案例北京绿色出行积分体系提供多样化选择：1010千克兑换50元一卡通券，505千克兑换25元打车券，2020千克兑换100元视频卡。坚持8-10个月绿色出行，累计积分可兑换1200元全年地铁通勤券，相当于免费交通福利。广州白领案例广州白领通过日常低碳行为积累碳积分：公交出行50分/次，垃圾分类100分/次，在线缴费20分/次。月均积累3000分，相当于30元收益。参与者反馈：&#34;相当于每月多拿一份交通补贴。&#34;三、3步开启碳资产变现第一步：选平台注册开启变现之旅，先选合适平台。目前有三类：官方碳普惠平台如武汉&#34;武碳江湖&#34;和北京MaaS、银行碳账户如建行和民生银行、企业平台如支付宝&#34;蚂蚁森林&#34;。操作简单：搜索平台、实名认证、绑定支付工具、开启自动记录。第二步：自动记录行为系统自动记录高价值减排行为。地铁碳排放系数97克/公里，公交422克/公里，共享单车98克/公里，节电行为800克/度。为提高收益，可采用地铁与单车组合策略，通常获得15%额外加成，绑定多个平台也可实现收益叠加。第三步：积分兑换变现积分积累后考虑变现路径。初级玩家兑换生活权益，如视频会员、外卖红包或打车券。中级玩家抵扣金融成本，如房贷利息、消费贷款或信用卡年费。高级玩家参与碳市场交易，包括个人减排量打包交易、企业采购、跨区域流通。年收益公式：年收益 = 月减排量 × 12 × 兑换系数（0.5-2.0元/千克）。四、工具：碳足迹收益计算器四色分区设计个人碳足迹收益计算器采用四色分区：用户填写区（浅蓝色）记录基础数据；中间计算区（浅黄色）自动计算减排量；最终输出区（浅绿色）展示可视化收益报表；公式检查区（灰色）清晰展示所有计算公式。实战案例演示输入每日15公里地铁、5公里公交、3公里单车骑行，每月节电20度数据后，系统自动计算月减排量58.7千克。月收益117.4元，年收益达1,408.8元。可视化计算让碳资产收益一目了然。进阶优化技巧掌握基础后可通过进阶技巧提升收益：行为组合优化（地铁+单车组合带来15%额外收益）；平台切换策略（根据实时兑换系数动态选择）；把握促销窗口期（兑换系数可能翻倍）；跨区域联动（部分平台支持积分跨城使用）。结语：从&#34;免费打工&#34;到&#34;碳资产股东&#34;规则改变碳普惠平台改写游戏规则：绿色选择变成可量化、可交易、可增值的资产。普通人有机会成为自己碳资产的股东，分享绿色转型经济红利。2026年预测2026年碳普惠市场趋势：碳积分跨省通兑实现；碳资产进一步金融化，支持质押、投资和转让；碳记录可能影响个人信用评分。最后算术每人每年减排1吨碳，人均收益约80元。14亿人口总收益达1,120亿元。环境贡献本质是全民参与的财富再分配。数据源：湖北省生态环境厅、光明日报、北京发布工具：#碳中和#碳交易#CCER#碳资产#个人碳普惠#零碳工厂#绿色转型#碳足迹#碳收益#碳账户《“双碳”国家标准》附全文【碳捕集】国内碳捕集龙头企业！！50个行业碳中和难题及突破24家CCUS碳捕集公司如何转行进入碳中和行业（吐血整理）：35岁转行，花2万培训，土木转【碳中和】，含理论考证、经验、简历、面试等成功实操路径（至少省95%费用）！其他行业通用、资料另送",https://zhuanlan.zhihu.com/p/2004474782222147653,,《个人碳账户年入万元指南》,工具： #碳中和#碳交易#CCER#碳资产#个人碳普惠#零碳工厂#绿色转型#碳足迹#碳收益#碳账户 《“双碳”国家标准》附全文,1770684029,1770684029,0,0,碳积分,ec894055ca0a9d1bfa508bed6352f66b,https://www.zhihu.com/people/cmnhfp,碳中和实战派,https://pica.zhimg.com/50/v2-39fd82a92bd4b9615fefa029dfd60459_l.jpg?source=4e949a73,cmnhfp,1770833964422
4436170587,article,根据特斯拉2024年第三季度的财报显示，碳积分收入达到7.39亿美元，同比增长33.4%，占其净利润（21.67亿美元）的近34%，对特斯拉的利润增长起到了关键作用。通过出售碳积分已获利数十亿美元自2009年起，特斯拉开始向其他汽车制造商出售碳排放积分，已获利数十亿美元。碳积分，也称为“监管信用”，是政府为促进环保而设立的一种政策手段，要求传统汽车制造商降低二氧化碳排放。对于无法达标的车企，可以通过向符合标准的企业购买碳积分来满足规定。因此，特斯拉通过销售这些碳积分帮助其他公司达标，同时获得可观的收入。在2021年，特斯拉的碳积分收入达到14.6亿美元，占其全年总收入的约3%。随着市场需求增加，这一数字在2023年增长至17.9亿美元，为公司创下历史新高。谁在购买特斯拉的碳积分？虽然特斯拉的碳积分买家的详细信息未公开，但克莱斯勒（现隶属于Stellantis）已被确认是一个大买家，截至2022年，克莱斯勒购买了价值24亿美元的碳积分。此外，据报道，2019年至2021年期间，另一位买家购买了约20亿欧元的欧洲和美国碳积分。中国也是特斯拉碳积分销售的重要市场。报告表明，大众汽车和一汽集团的一家合资企业可能从特斯拉购买了碳积分，或为特斯拉在2021年赚取了约3.9亿美元。尽管特斯拉依靠碳积分获得了可观的收入，但随着全球零排放和销量目标的逐步实现，未来可能会减少对特斯拉碳积分的需求。尤其在中国和亚太地区，比亚迪等汽车制造商可能会削弱特斯拉的碳积分主导地位。,https://zhuanlan.zhihu.com/p/4436170587,,特斯拉：碳积分卖了7.39亿美元，占净利润的34%,通过出售碳积分已获利数十亿美元 自2009年起，特斯拉开始向其他汽车制造商出售碳排放积分，已获利数十亿美元,1730436956,1730436956,0,0,碳积分,5a77cd31eed49e3c5cbe27297c31e475,https://www.zhihu.com/people/xingrumeng,中科联化研究院,https://pic1.zhimg.com/50/v2-c3abf0e99c24d992a78e9d8711b53821_l.jpg?source=4e949a73,xingrumeng,1770833964426
1973395738429001733,article,祝大家下个月（2026年1月）天天开心！要新年了高兴一下，写六题这个专栏大家看个乐就行~搞积让我枯燥的学习生活增添了点乐趣~我听到了『搞积』的回响Problem-1 Sol: 观察这个式子结构应该想到用组合积分法！ 知乎编辑器一坨史，直接上图片：知乎编辑器一坨史，直接上图片Problem-2 Sol: 我们来研究其递推关系：   设  ，构建上半圆围道，挖去原点：所以，根据  :  估计大圆弧上的积分贡献： 利用小圆弧引理，可以求出小圆弧上的积分： 所以，  也即：  所以 Problem-3 最困难的一个（捂脸~Sol:这个重积分还是有一些背景[1]的先对  做一个平移： 注意到平面上的两个点  之间的欧式距离为： 而被积函数中剩下的部分  正是面积微元相信聪明的读者早就有了这个意识：这是一个概率问题！设想这样一个概率问题：两个随机点在单位圆盘内的平均距离的期望在单位圆盘内均匀（在极坐标下）取点  ，则概率密度分别为  和  那么联合密度为  则所求期望即为：  那么本题的积分就是  引用一下这个回答：怎样计算圆内任意两点间距离的期望值？ 得到：   因此， Problem-4复数的力量还是很强大的Sol: 代入特殊值：  化简得到： Problem-5 其中  为  哎，特殊函数大杂烩的破计算题罢了~Sol: 根据伯努利多项式的  展开：  根据  的魏尔斯特拉斯无穷乘积：  证明在我这篇早期的文章里：polygamma function详细教程——第一期两边取对数得到：  所以， 各个部分计算下：   合并起来，就是： 题源：https://pan.baidu.com/s/1Xy74Xzhd6RqCP0SdyeGlPw?pwd=jyhk\提取码: jyhk,https://zhuanlan.zhihu.com/p/1973395738429001733,,2025#December~积分题合集,根据 : 估计大圆弧上的积分贡献： 利用小圆弧引理，可以求出小圆弧上的积分： 所以， 也即： 所以 Problem-3,1766815263,1766815302,96,5,碳积分,61a1e765b3ee2b8a220f8133818d5bc6,https://www.zhihu.com/people/eumenides-87-5,Tear,https://pic1.zhimg.com/50/v2-3d8c8820c136107915428b2a0e4e498c_l.jpg?source=4e949a73,eumenides-87-5,1770833964429
561018045,article,什么是碳交易，我们个人该如何参与呢？ 21年7月16日啊，全国碳排放权交易市场在上海环境能源交易所正式启动，全球最大的碳交易市场诞生了。那经过数据显示啊， 21年运行114个交易日，成交量是1.79亿吨，成交额是76·6亿元。当前碳交易已经形成了全国的统一市场，那么大家呢，应该也就非常关心啊，作为个人该如何去参与这个市场呢？首先我们先来聊聊什么是碳交易啊。在全球气候变暖的背景下，无论是以欧美为首的发达国家，还是以中国为首的发展中国家，都要考虑应对气候变化该如何去减排，以及如何制定适合本国国情的目标。那在京都协议书中啊，各个经济体呢，都设定了自己的减排目标。我国也表示啊，要在2030年达到泰达峰， 2060年实现碳中和，那在这30年间要将碳排放变为零，就需要给全国的各个行业，各个企业的碳排放指标设定一定的额度。那么在这个期间啊，有的企业呢，会通过技术革新降低自己的碳排放，这样一来就会有富余的指标，而有的企业在短期内的科研水平啊，可能无法达到比较高的水平，而且还需要啊兼顾经济效应，那么它就需要更多的碳排放指标，这样啊，就形成了碳交易市场，碳排放需求方可以向碳排放富余方购买指标。这样的一个机制呢，也会鼓励企业进行技术更新。现在我们再来跟大家说说它的价格形成机制，它其实和商品价格的原理啊是一样的，都是看供求关系，供大于求，价格下降，供小于求，价格上升。也就是说，如果市场上的碳排放的指标啊比较充裕，那么它的需求就会比较少，价格就会下跌。反之，如果碳指标比较紧张，供给的企业呢就会减少，需求方就会增加，它的价格呢也会上升。从理论上来讲啊，它的价格是有一个上限的，当企业购买碳指标以及其他各方所耗费的成本总和啊高于了销售产品的价格，那么产品的收益就会变成零，也就没有必要再购买碳指标了。最后，我们来讲讲作为个人应该如何参与到这个市场里。根据之前在北京，上海，重庆等九地的碳交易试点情况，可以了解到，碳交易和股票交易其实是类似的，个人参与到碳交易啊，需要先提出碳排放交易申请，经过审核，开户，签约等一系列的流程后，就可以通过网上交易的客户端和手机app进行交易。未来呢，个人参与碳交易的方式啊，还会继续完善，可能会出现通过公募基金进行它的主动管理，或者是etf等方式向个人投资者开放，在公共平台之外呢，也可能会涌现更多的碳交易产品，共同去推动碳交易市场的发展。这是交易所获取碳权的方法，那么有没有可能免费获取谈积分呢？朋友们下面可要听好了，我们普通人居然可以免费获得碳积分，这是一个天大的好消息，所以你一定要仔细认真的了解清楚。首先我们用微信识别下面二维码进入小程序后大家可以看到里面都是我们生活当中所必须用到的生活用品，诶诶欸，不要以为是在给大家推荐商品哦，这里的商品都是大家平时网购所购买的生活用品，重点来了，我们在其他平台买商品的时候，我们是不是只能获得我们购买的商品，但是在这里买，我们就可以获得商家赠送给我们的碳积分。这才是我今天给大家推荐这个平台的原因。碳排放权的重要性大家都知道了。既然这里能免费获得，我想我们没有利用拒绝吧。好了，今我们就分享到这里，我们下期再见。,https://zhuanlan.zhihu.com/p/561018045,,碳中和碳达峰这么火爆，那么普通人怎么免费获取碳积分呢？,而且还需要啊兼顾经济效应，那么它就需要更多的碳排放指标，这样啊，就形成了碳交易市场，碳排放需求方可以向碳排放富余方购买指标。这样的一个机制呢,1662221571,1662221571,1,0,碳积分,9f8392dd91a1c76d642598b515468c2d,https://www.zhihu.com/people/peng-jing-nuo,彭壹恒,https://picx.zhimg.com/50/v2-c19fd312a1a53d201b66cf6115708c22_l.jpg?source=4e949a73,peng-jing-nuo,1770833964432
1957939261,answer,其实没有个人碳资源，这些小程序的主要目的，是鼓励个人进行一些减碳行为，包括使用公共交通等措施。该这么理解吧，这些小程序不是用来搜集所谓的“碳资源”，而是用来当作公益广告，培养公民的低碳意识。另一方面，小程序也要盈利的嘛，你获取的碳积分，可以获得一些小商品的优惠啥的，你在app里看到的一些商品可以用碳积分折价的商品，就相当于小程序已经做了广告，用碳积分折价可能是比其他渠道便宜一点，但是他卖产品，怎么都不会亏的嘛。总的来说，个人没啥“碳资源”，个人应该有的，是低碳意识。,https://www.zhihu.com/question/466702507/answer/1957939261,466702507,微信里面的那些碳积分小程序，收集的个人碳资源都去哪了？,小程序也要盈利的嘛，你获取的碳积分，可以获得一些小商品的优惠啥的，你在app里看到的一些商品可以用碳积分折价的商品，就相当于小程序已经做了广告,1624505539,1624505539,0,0,碳积分,bce1a87a477568b5b935e64e5d381339,https://www.zhihu.com/people/xu-hao-cheng-35-4,Corange零碳计划,https://pic1.zhimg.com/50/v2-88a778373a119f4b813403c404d4f388_l.jpg?source=4e949a73,xu-hao-cheng-35-4,1770833964435
1916611535121413913,answer,洋人搞了个碳排放额度的分配，并实施交易制度，本想卖点碳排放权给中国。没想到中国人搞台账的水平是世界一流的，这么多年不仅没收到一分钱，洋人自己的企业还要花钱向中国购买碳排放权。。。,https://www.zhihu.com/question/15376440843/answer/1916611535121413913,15376440843,有什么“本意是坏的，但给执行好了的”事情?,例如对某国的技术封锁后，反而让他加速突破了。,1749735798,1749735798,2868,96,碳积分,225042f9f3425aa2b912f23526aef79e,https://www.zhihu.com/people/latadaoren,数学,https://pic1.zhimg.com/50/v2-1f59956807c9edb117ecd86185cf79c3_l.jpg?source=4e949a73,latadaoren,1770833964438
2651977321,answer,未来排碳权会成为一个稀缺的商品吗？答案是必然的，在说到这个话题之前，我们先了解两个名词：碳中和、碳积分什么是碳中和：任何国家发展必然离不开石油，石油的燃烧自然就会带动碳排放，而碳中和，就是用用其他方式减少碳排放，从而中和抵消掉发展必须的碳排放。碳中和这个词从1997年诞生到现在，已经成为了全球国家都放在首要位置的目标，而碳中和的本质，就是降低碳排放。既然已经是全球国家的首要目标了，自然碳排放是非常重要的属性，排碳权也会成为各国争相夺取的资源之一，随之而生的，就是碳积分。什么是碳积分：准确来说，碳积分其实叫做碳排放配额，这是欧盟提出来的词汇，它规定了不同企业不同的排放标准额度。众所周知的，二氧化碳排放会产生温室效应污染地球环境，碳积分用来限制那些二氧化碳排放量巨大的企业；而另一种加强新能源发展的企业，则是用碳积分来奖赏他们。假设一个企业规定每年排放100吨碳，它当年达到120吨碳，这超标的20吨就要从那些积分多的企业中购买，用来抵消超标的罚款。不要小看罚款，当年大众造假尾气排放，就是为了躲避这些，最终却依然落得300亿欧元罚款损失。大众罚款，那么最大受益者是谁？无疑是特斯拉。从2010年开始，特斯拉就向通用汽车、菲亚特克莱斯勒等汽车制造商，出售碳积分获利。而2020年，特斯拉净利润为7.21亿美元，其中出售碳积分的营业收入为15.8亿美元，也就是说出过没有这碳积分的收入，2020年的特斯拉依然是亏损的。也正是靠着这个，2020年特斯拉全年涨幅超7倍，一举超过全球市值第一的丰田汽车。顺便一提的是，遭到罚款的大众，也向特斯拉购买了碳积分，报价是3000元/分。不过随着碳积分交易的逐渐扩大，碳积分交易的价格也从2020年的2000元/分，降低到了21年的1000元/分。价格的下跌，必然会放开碳积分的交易市场，届时普通老百姓也能够参与进来。至于排碳权，则成了大型企业甚至国家争相竞争的重要属性之一，我们老百姓看看就好。,https://www.zhihu.com/question/550549470/answer/2651977321,550549470,如果碳交易落地，买家和卖家分别会是谁？,有说法说“未来排碳权会成为一个稀缺的商品”，那么碳交易的商业模式会是怎样的？买家和卖家都有谁？消费者会受什么影响？,1661830806,1661830806,5,0,碳积分,db2a25583c3adea12f51048fe369f54c,https://www.zhihu.com/people/LHLplayZH,刘三姐,https://picx.zhimg.com/50/v2-c6ad7d58d4aa3c10e6141fd412a7e741_l.jpg?source=4e949a73,LHLplayZH,1770833964441
1999619759478691109,answer,Glasser 主定理定理： 设  是一个在实轴上可积（或使积分收敛）的函数。对于任意实数 ，有以下恒等式成立：其中  是任意两两不同的实数。最常用特例：N=1 的情形简单推论（令 ）：,https://www.zhihu.com/question/4211360316/answer/1999619759478691109,4211360316,可以介绍一个你认为的精妙的积分方法吗？,除分部和换元外的一些巧妙方法,1769526501,1769526501,33,0,碳积分,9c8b6a78a88d34ab1a48de2b56f1ba56,https://www.zhihu.com/people/zhou-yuan-bing-44,12 周袁兵,https://picx.zhimg.com/50/v2-7b9515656d99a7ce5c59e89283f6c28d_l.jpg?source=4e949a73,zhou-yuan-bing-44,1770833964444
534727847,article,从特斯拉公布的公开财报中可以看到，2012年到2022年一季度碳积分销售收入达60.19亿美元！那么，提问：特斯拉出售的“碳积分”到底是什么呢？怎么计算呢？答：为了促进快速碳中和，新能源车是一项非常重要的手段，但并不是每个车企都有能力生产“零排放汽车”，那么我们就需要一个公平的方法来衡量汽车生产商有没有卖出足够的“零排放汽车”，这便是“碳积分”。生产商每卖出一辆符合要求的新能源汽车，便可以获得一定的正积分(积分数量与具体车型相关)，每卖出一辆燃料汽车就会得到一定的负积分，每年按照规定向政府缴纳足够份额的正积分便可以不受处罚。没有办法通过出售新能源车获取足够积分的生产商，便可以从有多余积分的生产商那里购买购买，双方按照市场交易规则自行约定价格，交易积分。1、美国的碳积分政策：在美国碳积分名称是Regulatory Credits，直译为监管信贷，是美国联邦政府和各州政府为鼓励环境零污染行为而给予的积分。包括加州在内的至少14个州，每一个汽车生产商都需要按照州的规定出售一定比例的“零排放汽车”（ZEV: zero emission vehicles）包括但不限于电动汽车，混合动力汽车，燃料电池汽车等等。不卖新能源汽车，或者卖不到足够的份额就需要接受处罚：缴纳罚款，限售，甚至取消卖车资格。2、中国的碳积分：双积分政策，燃料消耗量积分与新能源汽车积分，对于这两个积分，分别设立达标值，达到产生正积分，未达到产生负积分。正积分可以保留/销售，负积分必须按年度清零，否则会影响下一年度销售甚至取消资格。在中国，特斯拉、比亚迪、上汽等都拥有大量碳积分可出售。举个例子，2020年一汽大众就欠下了132万个负积分。据知情人士透露，大众方面为了满足国内环境法规的双积分政策，以3000元/分的单价向特斯拉购买了积分。这也就意味着，一汽大众单单是补齐2020年在碳积分上欠下的大窟窿就花费了近40亿元。,https://zhuanlan.zhihu.com/p/534727847,,特斯拉出售的碳积分到底是什么？怎么计算的？,甚至取消卖车资格。 2、中国的碳积分：双积分政策，燃料消耗量积分与新能源汽车积分，对于这两个积分，分别设立达标值，达到产生正积分,1656380763,1656380763,7,0,碳积分,04b27bb789b6a9f912395f9f09a11434,https://www.zhihu.com/people/xing-xing-shu-ju-planet-data,行星数据Planet Data,https://pic1.zhimg.com/50/v2-4e8ddfbf7ffdb9f5d14373baecf914f5_l.jpg?source=4e949a73,xing-xing-shu-ju-planet-data,1770833964446
3167892096,answer,现在还没有针对个人退出碳积分服务，不过腾讯已经推出小程序做试点了 ，名字叫做“低碳星球”。在低碳星球，我们可以通过腾讯乘车码、腾讯地图乘坐公交、地铁，或是通过微信运动累计步数，来积累成长值和碳积分。不过这里面的碳积分目前只有两个用途：1、换地铁兑换券2、腾讯会员。300的积分换7天的腾讯视频vip。如果是护士或者经常要出去办事的人，经常开这个程序走路，白p下会员还是不错的。还有一个叫做碳碳星球，里面能积分换书。,https://www.zhihu.com/question/617476509/answer/3167892096,617476509,如何计算未来生育一个小孩需要多少碳积分？,或是通过微信运动累计步数，来积累成长值和碳积分。 不过这里面的碳积分目前只有两个用途： 1、换地铁兑换券,1692159935,1692159935,0,0,碳积分,d8a72c3b99d5c05ff899be597e5e0d7b,https://www.zhihu.com/people/chu-yiyi-11,初一一,https://pica.zhimg.com/50/v2-2ec92652cc3522f83a3ecc7abeef0a98_l.jpg?source=4e949a73,chu-yiyi-11,1770833964450
551505858,article,碳账户是包含碳排放数据采集、碳核算、碳排放等级评价和场景应用等功能在内的碳减排支持体系。通过建立个人碳账户对个人碳减排赋予价值，能够提高公众对碳排放的认知与参与度，通过普遍的绿色低碳生活实践助力“双碳”目标实现。8月8日，阿里巴巴正式发布“88碳账户”。据了解，这是国内第一个多场景、覆盖超10亿人的消费者碳账户体系。阿里巴巴集团ESG和双碳业务部总经理杨灵叶介绍，“88碳账户”是阿里巴巴用产品设计方式“助力生态15年减碳15亿吨”的重要实践，有利于引导和激励用户在日常生活中随手减碳，推动低碳生活成为一种自觉。多种激励鼓励用户减碳减碳，已成为社会共识，但如何将其融入人们的日常生活是主要难点。88碳账户以“1+N”母子账户的形式呈现，汇集了用户在饿了么、菜鸟、闲鱼、天猫等平台上产生的减碳量，同时以激励方式鼓励用户践行低碳生活方式。目前，88碳账户已接入菜鸟、闲鱼、饿了么、天猫等app的碳积分，涵盖用户吃、穿、用等生活场景，帮助用户更清晰地记录并了解自己的碳足迹地图及减碳成果。用户点餐时不选用一次性餐具、在菜鸟驿站回收快递纸箱等低碳减排行为将生成碳积分，在各app端子账户进行沉淀并汇集到母账户，实现低碳行为可知可感。同时，用户积累的碳积分具有后续的实用价值，如用户可在88碳账户上捐赠相应碳积分以兑换无门槛现金红包，也可以兑换由低碳友好商家提供的低碳商品折扣，或在各子账户的商城兑换专属服务。此外，88碳账户结合“碳宝”虚拟形象打造了荣誉体系，用户可通过积累碳积分解锁拟人化数字勋章，获得减碳成就。,https://zhuanlan.zhihu.com/p/551505858,,阿里首次推出个人碳账户，个人碳账户可以做什么呢？碳积分有什么作用？,碳账户是包含碳排放数据采集、碳核算、碳排放等级评价和场景应用等功能在内的碳减排支持体系。通过建立个人碳账户对个人碳减排赋予价值,1660010165,1660010165,1,0,碳积分,12b72c67a456cf5e7bd1731b3e94bd40,https://www.zhihu.com/people/tan-zhong-he-lao-niu,碳中和老牛,https://pica.zhimg.com/50/v2-a9398b54e46ca94028b913857cf589ba_l.jpg?source=4e949a73,tan-zhong-he-lao-niu,1770833964452
437736676,article,战友们有几个被骗的，我被骗了20万，远离高回报投资，都是骗人的，天上不会掉馅饼！醒醒吧！！！,https://zhuanlan.zhihu.com/p/437736676,,红讯岳松、阳天资本沈立阳10倍牛股、碳积分交易诈骗,战友们有几个被骗的，我被骗了20万，远离高回报投资，都是骗人的，天上不会掉馅饼！醒醒吧！！！,1637835113,1637835113,10,82,碳积分,428d571c2494d944e439502fccdcf48b,https://www.zhihu.com/people/hou-ya-qi-47,侯亚齐,https://picx.zhimg.com/50/v2-abed1a8c04700ba7d72b45195223e0ff_l.jpg?source=4e949a73,hou-ya-qi-47,1770833964454
1917597677597734176,article,Problem:  “我听到了『搞积』的回响”在开始之前，我们先做一些准备工作：通过倍角公式，我们可得： 令其中的  ，得到： OK，我们开始吧： 通过画一个直角三角形，我们容易得到： 所以， 此时，令  可得： 就差这个红色积分了，这个积分也是有名字的：  下面开始计算：首先我们有：   我们先对积分  做一个“升维”：关键一步就在于此！！注意到：  证明：考虑二重积分  ：换元：  所以，  进一步得到： 接下来直接令  ，并对  积分：即   如此一来，我们就有:直接上图片，公式太长了最终，我们得到了这个积分的解析解：  Perfect!下期预告：,https://zhuanlan.zhihu.com/p/1917597677597734176,,Coxeter型积分（1）,就差这个红色积分了，这个积分也是有名字的： 下面开始计算： 首先我们有： 我们先对积分 做一个“升维”,1750078752,1750756265,217,18,碳积分,61a1e765b3ee2b8a220f8133818d5bc6,https://www.zhihu.com/people/eumenides-87-5,Tear,https://picx.zhimg.com/50/v2-3d8c8820c136107915428b2a0e4e498c_l.jpg?source=4e949a73,eumenides-87-5,1770833964456
3454208867,answer,节俭的近义词：抠门。前夫就是个典型。一家三口出去吃饭，超过四十块钱，能哔哔咧咧半天，说太贵了，不划算，不如买一斤面条（2.2元）回去煮。出去吃饭，基本就是一碗面，不够就两碗，三碗是不可能的，因为吃不完，剩了也是浪费。孩子永远吃不到她喜欢吃的食物，就生气，生气也没用，次数多了，孩子都不愿意和他出去吃饭，然后他就抱怨：请你们出去吃好吃的，你们都不去！我们也是，太不赏脸了！偶尔去一次西餐厅，只点一份铁板牛排意面，然后从超市买一兜馒头和鸡蛋带进去，意面上来后，赶紧打鸡蛋上去，趁热煎煎，就着馒头吃饱。节俭吗？节俭！他外出，一般自带水，如果忘记带水了，就算渴死，也不会买水喝，必须坚持到家才喝。如果带着孩子，也不可能给孩子买水喝。饮料，就更不用说了，美其名曰垃圾食品，危害健康。出行，五个公交站以内，必须步行，超过五站，坐公交，地铁都不在考虑范围内，打车更是不可能的。这出行够环保吧？纯绿色！主打一个耗时！穷人的时间最不值钱了。他使用的毛巾，熟悉的人，知道那是毛巾，不熟的人，还以为是渔网剪下来一角，不成流苏状，绝不会扔掉。内裤，全都穿成镂空，主打一个透气凉快。理发，找遍大街小巷，专门挑10块钱快剪店，在一堆老头子和小学生当中排队等候推头发，连洗剪吹都嫌弃浪费钱。会过日子吧？节俭朴素！洗衣服的水，绝对不超过一盆水。机洗的话，脱水不能超过两分钟，超过的话，就骂骂咧咧费电费机器费衣服。省下来的钱呢？没见过。问他要钱，比要他命还难。要命犯法，我只能自给自足。有一天，他跟我炫耀他双十一买的衣服，全都是名牌，几百上千一件的。我随口说：也给我买一件呗。他不假思索地说：想要自己买！双十二，他再次向我炫耀他买的鞋子袜子多贵多上档次。我不再接茬。春节刚过，他就提出离婚，并隔三差五玩消失。很快，我发现他出省的高铁购票记录、在目的城市的打车轨迹，以及在目的地的就餐住宿记录，全都是在高档餐饮店和高档酒店。平常不让买肉，说吃肉伤身体，吃素健康。就算快饿晕了，也不会点外卖，说外卖不健康。可是和情人在一起，吃饭全都是烤肉烤鱼和各种名小吃，甚至还点外卖送到酒店吃。更惊掉下巴的是，情趣用品和计生用品五六百地买，毫不手软。想不到吧？这个人节俭吗？对自己节俭得很，对老婆孩子抠门得很，对情人，却出手大方，阔绰得很！,https://www.zhihu.com/question/301201332/answer/3454208867,301201332,一个人可以节俭到什么程度？,昨天换袜子，发现居然都是8年前上学时候买的，一包，十块钱八双那种休闲袜子，换了洗，洗了换，我居然可以节俭到如此！遥想当年，我中午买顿饭，晚上自己煲小米粥配一元一包的榨菜，一天花费不超过十元。就这么过来了！,1712208155,1712208155,405,254,绿色出行,3c0e6d5f521bb3240a5988a82f2064c2,https://www.zhihu.com/people/bu-cai-92-84,沙漠里的鱼,https://picx.zhimg.com/50/v2-624d50ad223f12372ba49f403217ed80_l.jpg?source=4e949a73,bu-cai-92-84,1770834038218
2000515025085932284,answer,原因一，夕发朝至，省事不过有点费体力。原因二，挣不来钱还不能省钱啊，光时间换不来钱啊。原因三，有时候是被限制了。,https://www.zhihu.com/question/1999851483697529725/answer/2000515025085932284,1999851483697529725,高铁越来越多的现在，还会有人出行选择绿皮车吗?,就是一个地点同时存在高铁和绿皮车。,1769739949,1769739949,1,0,绿色出行,8930bbbeaefda0d4b2ed24ca2e404184,https://www.zhihu.com/people/li-zheng-55-27,李峥,https://picx.zhimg.com/50/90d5133fd40ac8b5c73e1b946e98caca_l.jpg?source=4e949a73,li-zheng-55-27,1770834038221
1908838934965887639,article,随着环保意识的不断提高，绿色出行逐渐成为一种时尚的生活方式。选择绿色出行，不仅能为我们的生活带来诸多便利，更是每个人为保护地球环境贡献力量的实际行动。 骑行是备受欢迎的绿色出行方式之一。清晨或傍晚，骑着自行车穿梭在城市的大街小巷，微风拂面，既能欣赏沿途的风景，又能锻炼身体。现在，许多城市都配备了完善的共享单车服务，只需手机扫码即可轻松骑行，方便快捷。骑行不仅零排放，还能有效缓解交通拥堵，让出行变得更加轻松自在。 公共交通同样是绿色出行的主力军。地铁、公交车高效便捷，一趟趟列车和车辆搭载着大量乘客穿梭于城市之间，大大减少了道路上的私家车数量，降低了尾气排放。而且，随着技术的发展，新能源公交车、地铁的普及，公共交通的环保性能进一步提升，让人们的出行更加绿色低碳。 对于稍远距离的出行，拼车也是不错的选择。通过拼车软件，顺路的人们可以共享一辆车，既节省了出行成本，又减少了车辆的使用频率，从而降低碳排放。 绿色出行新风尚，是对地球的温柔守护，也是对健康生活的积极追求。让我们从每一次出行做起，选择绿色出行方式，为地球减“碳”添“绿”，共同创造一个更清新、更美好的家园！,https://zhuanlan.zhihu.com/p/1908838934965887639,,绿色出行新风尚：为地球减“碳”添“绿”,随着环保意识的不断提高，绿色出行逐渐成为一种时尚的生活方式。选择绿色出行，不仅能为我们的生活带来诸多便利,1747883005,1747883005,0,0,绿色出行,bb70ca2aa40d02c1e1270055dc22da1c,https://www.zhihu.com/people/kcbsoc,平哥,https://pica.zhimg.com/50/v2-38c3b811fd995c0b8f7a182e0fe75a39_l.jpg?source=4e949a73,kcbsoc,1770834038223
30410475,article,低碳生活已成为了现如今社会的一种潮流形势，每个人的环保观念也逐渐加深，低碳环保，绿色出行也成为了许多人的生活态度，共享单车的兴起，更是让环保这个观念在人们心中根深蒂固，也让许多的环保工作可以顺利进行。绿色出行是指采取相对环保的出行方式，通过碳减排和碳中和实现环境资源的可持续利用和交通的可持续发展。汽车工业的发展为人类带来了快捷和方便，但同时，汽车的发展也引起了能源消耗和空气污染。所以，大家出门尽量使用环保便捷的代步工具，例如：自行车或公交车。尽量减少汽车尾气对空气的污染。只要是能降低自己出行中的能耗和污染，就叫做绿色出行、低碳出行、文明出行。,https://zhuanlan.zhihu.com/p/30410475,,低碳环保，绿色出行,尽量减少汽车尾气对空气的污染。 只要是能降低自己出行中的能耗和污染，就叫做绿色出行、低碳出行、文明出行。,1508833944,1508833944,23,0,绿色出行,c1e4c2cf9c06c9c5782549eebb931f68,https://www.zhihu.com/people/bei-ma-te-ju-ye-chen,贝玛特-聚业宸,https://picx.zhimg.com/50/v2-abed1a8c04700ba7d72b45195223e0ff_l.jpg?source=4e949a73,bei-ma-te-ju-ye-chen,1770834038225
579698385,article,每年5月12日是世界环境日，保护环境是我们每个人义不容辞的责任。如今，全球各地都在倡导绿色出行，绿色发展的理念已深入人心。作为新时代的青少年，要自觉承担起保护环境的责任。让绿色出行成为我们生活中必不可少的一部分。同时，我们要注意节约能源和水资源。加强环境保护已刻不容缓且迫在眉睫！为了让更多的人能环保节能，提倡绿色出行。我们一起来讨论一下，到底该如何做才能实现你所期望的呢？让我们一起来看看吧！一、出行的必要性现在，由于人们对环境的过度依赖，使环境问题变得越来越严重，越来越严峻。我们生存的环境已成为一个世界问题也是一个国家的一个问题。据统计每年有8000万人死于交通事故，世界每年有500多万人死于气候灾害。地球上的生命每天都在减少。我们应该知道，我们每天呼吸空气和水是人类生存的重要条件。而在今天我国的空气质量中存在很大的问题：全国空气质量优良天数仅为30天左右; PM2.5平均浓度为48微克/立方米; PM2.5平均浓度每升高一个百分点是导致“十一五”期间我国PM10平均浓度升高4倍多；每升高一个单位面积上所排放的二氧化碳就增加10倍多；城市平均气温比空气质量优良天数低3~4℃......空气质量就这样一天天地变差……所以说我们每天都必须要呼吸新鲜空气才能生存下去么？二、对环境的影响地球的生命与生存都离不开地球生态系统就像一个大“超市”，为地球的生命提供各种所需的氧气、营养物质和各种营养元素。然而，由于人类活动的不断发展、工业化程度的不断提高，不断破坏生态环境、加剧气候变暖、污染水源等一系列问题也随之而来。当生态系统遭到破坏后，将对人类的生存和发展产生重大影响。人类是自然生态系统中最大的一类动物；是生态系统中最大的一种生物（约占整个生物体总量60%);它所生存、繁殖并相互依存、共生、共存及相互转化；它能够适应和调节气候变化等环境变化所产生的各种影响。人类社会若不采取有效措施进行保护行动与生态系统平衡被破坏后必然会造成严重后果。三、绿色出行现在，由于人们的生活水平越来越高，所以交通的便捷越来越重要。然而人们却忘记了交通不仅是一种方便快捷又低碳环保的方式，同时也是衡量一个国家和地区社会文明程度的标志之一。美国是世界上第一个将节能减排和绿色交通纳入国家政策和法律范围的国家。在发达国家拥有公交系统，公共交通在很大程度上为人们提供了便利。但我国却存在交通拥堵、空气污染严重、交通事故频发等问题。而我们作为青少年则应该积极行动起来。从我做起，从小事做起。,https://zhuanlan.zhihu.com/p/579698385,,绿色出行的重要性,保护环境是我们每个人义不容辞的责任。如今，全球各地都在倡导绿色出行，绿色发展的理念已深入人心。作为新时代的青少年，要自觉承担起保护环境的责任,1667370962,1667370962,1,0,绿色出行,5a09c46394cddc620ac14b94ba6719f4,https://www.zhihu.com/people/ji-hong-jia-47,淹没长河,https://picx.zhimg.com/50/v2-89b8810c167bbdebeff4f3fa33792780_l.jpg?source=4e949a73,ji-hong-jia-47,1770834038228
1642022572,answer,现状是绿色不了，我今天外出必须开烧油的车。上海绿牌只对本地户口有效，像我这种外来人口，只能拼命烧油了，对不起了哈，上海！,https://www.zhihu.com/question/435123988/answer/1642022572,435123988,你如何看待目前绿色出行现状？2021年，你对深化中国城市绿色出行有哪些建议？,现状是绿色不了，我今天外出必须开烧油的车。 上海绿牌只对本地户口有效，像我这种外来人口，只能拼命烧油了,1608721762,1608721762,1,0,绿色出行,7c347adefe290c1a0a3141823b743c5f,https://www.zhihu.com/people/superdullwolf,超级大笨狼,https://pic1.zhimg.com/50/v2-3fa05fde93481f3c8bbad346bab60306_l.jpg?source=4e949a73,superdullwolf,1770834038233
652681389,article,近年来，随着经济社会的快速发展和人民生活水平的不断提高，机动车保有量持续快速增长，城市交通承受着难以负载的压力，交通拥堵、空气污染。特别是在全球能源需求紧张，经济危机日益蔓延的背景下，节能、减排、环保已经成为科学发展的新理念。“发展低碳经济、倡导低碳生活、建设低碳城市”是市委市政府提出的发展目标，走低碳之路，建低碳城市，是我们的共同责任。作为有理想、勇担当的新时期青年，理应积极响应党委政府号召，勇于承担保护环境的历史重任。在此，我们向青年朋友发出如下倡议：一、争做低碳出行文明交通的宣传者我们倡议广大青年朋友通过各种形式认真学习掌握、广泛宣传低碳生活知识，提高低碳意识，树立低碳理念，倡导低碳生活;积极向群众和亲朋好友宣传开展“低碳健康出行，文明和谐交通”的意义，宣传健康、环保的出行方式，带动更多人自觉参与到“低碳出行，文明交通”行动中来，人人争做倡导绿色交通、文明交通、爱护环境的宣传者、传播者、践行者，让我们的家园多一丝绿色，多一路畅通，多一点文明，多一些健康。二、争做低碳出行文明交通的倡导者我们倡议广大青年朋友充分认识驾驶汽车出行可能带来的环境问题和交通拥堵问题，倡导“能走不骑，能骑不坐，能坐不开”的出行理念。倡导“购车族”尽量选择低油耗、低排放、低污染、更环保的汽车;倡导“有车族”每周一天主动放弃使用小汽车，尽可能采取乘坐公交车、骑自行车或步行等低碳绿色的出行方式。三、争做低碳出行文明交通的践行者我们倡议广大青年朋友带头乘坐公共交通工具，或选择“拼车”结伴而行，或选用自行车、步行等绿色出行方式上下班，尽量减少摩托车、小汽车的使用。特别要把步行和骑自行车出行作为缓解交通压力、促进节能减排、保护环境、强身健体的有效行动。大力倡导机动车礼让斑马线、按序排队通行、有序停放、文明使用车灯、行人非机动车各行其道、行人非机动车过街遵守交通信号等文明交通行为，共同创造安全、畅通、文明、和谐的道路交通环境。建设生态文明，是关系人民福祉、关乎民族未来的长远大计。为了我们共同的家园，让我们行动起来，用爱心去关注环境的变化，用热情去传播环保的理念，用行动肩负起环保重任。让天更蓝，水更清，地更绿，让我们的城市更美丽。,https://zhuanlan.zhihu.com/p/652681389,,低碳生活绿色出行,积极向群众和亲朋好友宣传开展“低碳健康出行，文明和谐交通”的意义，宣传健康、环保的出行方式，带动更多人自觉参与到“低碳出行，文明交通”行动中来,1693143867,1693143867,0,0,绿色出行,ccbe4e2b1376094e07b8f07d16723a41,https://www.zhihu.com/people/feng-qiao-qiao-31-48,橙子,https://pic1.zhimg.com/50/v2-defe06d4dace255948e51fc01c5940c9_l.jpg?source=4e949a73,feng-qiao-qiao-31-48,1770834038236
3579614407,answer,目前有一辆油车，已经开了9万公里，前一段时间有感于油价上涨，想换新能源，降低一下用车成本。跟老婆探讨了一下，老婆问了我一句，你为啥不买辆电驴？于是我去买了辆2399的绿源电动自行车（车标跟洗浴王几乎一样），50公里续航，最高表显时速25（实际30的样子），每天上下班骑，单程8公里，骑差不多20分钟。偶尔去菜场去超市什么的也直接电驴一溜烟儿就走了。你别说，还挺香，能耗成本直接干到几乎为0。不过遇到下雨天或者周末出去玩，还是要开车才行。油车+电驴，这才是未来啊,https://www.zhihu.com/question/620118718/answer/3579614407,620118718,未来的大趋势到底是油车还是电车？,本人买过两辆油车，没有开过电车，但是坐过，现在在超一线城市，纠结接下来买车到底油车还是电车？国货哪个品牌值得买？懂行的朋友给支支招。,1722416777,1722417163,4581,1192,绿色出行,b9e1f7386da98c79f46c05018cd97cb3,https://www.zhihu.com/people/jin-da-yi-6,堰归来,https://picx.zhimg.com/50/v2-ac069f2b131a3a00009a4a5e2fde1628_l.jpg?source=4e949a73,jin-da-yi-6,1770834038239
1851719387,answer,节约能源，减少污染，有益于健康、兼顾效率，降低自己出行中的能耗和污染，大家可以更多地选择公共交通，比如地铁，共享单车，一辆公共汽车占地空间是小汽车的三倍，但是在出行高峰时期的载人量确是小汽车的十倍至几十倍，建议单位多选择通勤车接送员工，驾校也可选用通勤车接送学员，这样可以更多更有效地享受汽车给人们带来的便利和好处，也能更好地节约能耗和减排，共同建设美好的家园，绿水青山才是金山银山。,https://www.zhihu.com/question/456255377/answer/1851719387,456255377,如何做到绿色出行？,节约能源，减少污染，有益于健康、兼顾效率，降低自己出行中的能耗和污染，大家可以更多地选择公共交通，比如地铁,1619229962,1619229962,1,0,绿色出行,3212e9cc5f663c87a4dc36f9ad2349c5,https://www.zhihu.com/people/13886867733,老张说车,https://picx.zhimg.com/50/v2-649dd128eb04537ca57254678756220e_l.jpg?source=4e949a73,13886867733,1770834038242
1998872667827232790,answer,自己一个人出差的时候，返程如果没有什么急事，我一般不走高速，让高德给我推荐不走高速的路，然后一路简单了解下沿途的风景人文,https://www.zhihu.com/question/1897959255778231029/answer/1998872667827232790,1897959255778231029,你的低成本爱好是什么？,自己一个人出差的时候，返程如果没有什么急事，我一般不走高速，让高德给我推荐不走高速的路，然后一路简单了解下沿途的风景人文,1769348381,1769348381,5,0,绿色出行,647479452d3a257339bfbfe5c9b67a03,https://www.zhihu.com/people/li-zhi-hong-huang,FluxK,https://picx.zhimg.com/50/v2-268b97469f152751078147fc1d1b897a_l.jpg?source=4e949a73,li-zhi-hong-huang,1770834038244
2004961104158269967,article,"从甲地到乙地可坐飞机、火车、汽车，从乙地到丙地可坐飞机、火车、汽车、轮船，某人从甲地到丙地可有几种走法。#include &lt;stdio.h&gt;
#include &lt;stdlib.h&gt;

int main()
{
    int i, j;
    char *str1[3] = { &#34;飞机&#34;, &#34;火车&#34;, &#34;汽车&#34; };
    char *str2[4] = { &#34;-飞机&#34;, &#34;-火车&#34;, &#34;-汽车&#34;, &#34;-轮船&#34; };
    for(i=0; i&lt;3; i++)
      for(j=0; j&lt;4; j++)
      {
         printf(&#34;%s%s  &#34;,str1[i], str2[j]);
         if(j==3)
           printf(&#34;\n&#34;);
      }
    getchar();
    return 0;   
}输出结果：飞机-飞机  飞机-火车  飞机-汽车  飞机-轮船  火车-飞机  火车-火车  火车-汽车  火车-轮船  汽车-飞机  汽车-火车  汽车-汽车  汽车-轮船",https://zhuanlan.zhihu.com/p/2004961104158269967,,有多少种出行方式,从甲地到乙地可坐飞机、火车、汽车，从乙地到丙地可坐飞机、火车、汽车、轮船，某人从甲地到丙地可有几种走法,1770800296,1770800296,0,0,绿色出行,cb3e2f2c05930616176d3218ea2dfe2b,https://www.zhihu.com/people/byf12345,付出爱,https://pica.zhimg.com/50/v2-006bdcbd77ef7916f595dc83aac10659_l.jpg?source=4e949a73,byf12345,1770834038247
657205473,article,绿色出行是当今社会的一个重要议题。面对着日益严重的环境污染和气候变化问题，我们需要采取行动来保护我们的地球。绿色出行是一种可持续的交通方式，可以减少污染、节约能源、改善健康，并为全球气候变化做出贡献。因此，绿色出行是我们共同的责任和义务。然而，在我们的社会中，仍有许多人没有意识到绿色出行的重要性。他们过度依赖私家车，忽视了公共交通工具、自行车和步行等可持续的出行方式。这不仅增加了空气污染和交通拥堵，还对人们的健康造成了负面影响。因此，我们需要采取措施来鼓励更多人选择绿色出行。为了解决上述问题，我们可以采取以下措施：使用公共交通工具：公共交通工具是绿色出行的重要方式之一。我们可以尽可能地利用地铁、公交车、轻轨等公共交通工具来减少车辆尾气排放。此外，政府可以加大对公共交通设施的投入，提高其覆盖面和便捷性，从而吸引更多人使用公共交通工具。骑自行车：骑自行车是一种非常环保的出行方式。它可以锻炼身体，提高健康水平，同时减少车辆尾气排放。然而，自行车的出行范围有限，通常只适用于短途出行。因此，我们可以在城市中建设更多的自行车道和停车设施，鼓励更多人选择骑自行车。步行：步行是一种零排放的出行方式。它可以锻炼身体，提高健康水平，同时减少车辆尾气排放。但是，步行需要较长时间才能到达较远的地方，因此只适用于短途出行。我们可以鼓励人们步行上下班或购物，或者在城市中建设更多的步行道和休闲设施，吸引更多人选择步行。根据上述问题陈述和解决方案，我们可以提出以下建议：优先选择公共交通工具：在城市出行中，尽可能选择公共交通工具而不是私家车。这不仅可以减少车辆尾气排放，还可以减少交通拥堵和事故风险。逐渐推广自行车出行：在城市中建设更多的自行车道和停车设施，鼓励更多人选择骑自行车。这不仅可以减少车辆尾气排放，还可以改善身体健康。提倡步行：在短途出行中，尽可能选择步行而不是开车。这不仅可以减少车辆尾气排放，还可以改善身体健康。同时，在城市中建设更多的步行道和休闲设施，吸引更多人选择步行。加强宣传教育：通过媒体、宣传资料和学校教育等多种渠道，加强宣传教育，提高公众对绿色出行的重要性的认识和支持。提供优惠政策：政府可以提供一定的优惠政策，如免费停车、减免路费等，来鼓励更多人选择绿色出行。总之，绿色出行是我们共同的责任和义务。通过采取上述措施和行动，我们可以减少污染、节约能源、改善健康，并为全球气候变化做出贡献。让我们共同努力，推动绿色出行成为一种新的生活方式和社会风尚。以上倡导绿色出行范文供您参考。根据实际需要，可以进行适当的修改和调整。更多内容关注评论哟~,https://zhuanlan.zhihu.com/p/657205473,,关于倡导绿色出行范文,并为全球气候变化做出贡献。因此，绿色出行是我们共同的责任和义务。 然而，在我们的社会中，仍有许多人没有意识到绿色出行的重要性,1695115245,1695115245,2,0,绿色出行,2e1da4ffd37d901bd5cb89924ba885e6,https://www.zhihu.com/people/vip-33-32,公文有道VIP,https://picx.zhimg.com/50/v2-f9a3ade9bb98b15df1dbc05fb051e4b3_l.jpg?source=4e949a73,vip-33-32,1770834038249
363299667,answer,2014年APEC会议期间北京实施单双号限行，排放污染物总量大幅下降，其中，氮氧化物减排44%，颗粒物减排58%，挥发性有机污染物减排49%。从上面这组数据看来，绿色出行带来的环保效益明显且极为可观，所以还要大大鼓励大家绿色出行。,https://www.zhihu.com/question/55722979/answer/363299667,55722979,绿色出行的环保效益究竟有多大？,如何估计绿色出行的环境效益？,1523351938,1523351939,6,0,绿色出行,c8fa5c869b8413367919dec40b8da5dd,https://www.zhihu.com/people/bei-jing-huan-jing-jiao-yi-suo,北京环境交易所,https://pic1.zhimg.com/50/v2-08922d3d27b941fa07133ccebeeddcb0_l.jpg?source=4e949a73,bei-jing-huan-jing-jiao-yi-suo,1770834038252
1987129433849606564,answer,如果去掉那几千万台绿牌营运车（广汽埃安Y、埃安S、比亚迪秦plus）等等网约车出租车，绿牌车占有率远不足50%。,https://www.zhihu.com/question/1983823373470560638/answer/1987129433849606564,1983823373470560638,2025年下半年，为什么电车淘汰油车的声音小了很多？,如果去掉那几千万台绿牌营运车（广汽埃安Y、埃安S、比亚迪秦plus）等等网约车出租车，绿牌车占有率远不足50%,1766548576,1766548576,7,15,绿色出行,e56e514950191253c97af7f3c7345ac4,https://www.zhihu.com/people/jdjfjfjjfjg,tktkkgjf,https://pic1.zhimg.com/50/v2-25ac7c0d6225fc37e7f4419d75895b22_l.jpg?source=4e949a73,jdjfjfjjfjg,1770834038255
405922966,article,对比传统汽柴油车，电动车和氢燃料电池车有感。备注：维修维护成本，购置税费等暂不考虑。,https://zhuanlan.zhihu.com/p/405922966,,什么才是真正的绿色交通出行,对比传统汽柴油车，电动车和氢燃料电池车有感。备注：维修维护成本，购置税费等暂不考虑。,1630507047,1630507047,1,1,绿色出行,7c5a043ab74d536413f2cc09a387ef06,https://www.zhihu.com/people/metal-hoo,whzp2008,https://picx.zhimg.com/50/v2-988befad1cf908191c3b8b0ff7b5c671_l.jpg?source=4e949a73,metal-hoo,1770834038257
1963638309990429472,answer,去掉那些无谓的绿化隔离带吧，尤其是机动车和非机动车道间的隔离带，每当右转的时候，冒着多大的风险啊，根本看不见非机动车道上的电瓶车啊。,https://www.zhihu.com/question/1924404906988643332/answer/1963638309990429472,1924404906988643332,中国的城市是否存在绿化过度的现象？,很多道路是宁愿挡住人行道也要种树，一些00年代10年代建设的街区也存在行道树遮天蔽日的现象，还有很多绿化带缺少维护变成丢烟头和垃圾的地方。四车道种绿化我可以理解，为什么二车道这种狭窄的地方也要种高大的行道树？,1760947855,1760947855,12,0,绿色出行,f8227ae6df92de9f00dc7cfe8f0e4085,https://www.zhihu.com/people/ba-li-tu-ren-2,八里土人,https://picx.zhimg.com/50/v2-ee49468c3960d92522b6ef2e3deb9e8f_l.jpg?source=4e949a73,ba-li-tu-ren-2,1770834038260
617530417,article,题图 海口公交构建了“骨干线+接驳线为主体、多样线为补充”的新线网模式。（资料图片）　　最近，福州、武汉、郑州、海口、苏州、青岛等地纷纷推出绿色出行方案，内容涵盖读书打卡、碳普惠体系、乘车优惠、公交线网优化等，吸引乘客选择绿色出行。　　近年来，伴随着碳达峰碳中和工作的推进，绿色出行的政策制度不断完善，党中央、国务院连续印发《交通强国建设纲要》《国家综合立体交通网规划纲要》《“十四五”现代综合交通运输体系发展规划》等，均对加快构建绿色交通运输发展体系作出了部署安排。　　“交通运输部也制定印发了《推进交通运输生态文明建设实施方案》《关于全面深入推进绿色交通发展的意见》《绿色交通“十四五”发展规划》等，加快绿色交通运输制度体系建设。”交通运输部政策研究室新闻宣传处处长马国栋介绍，2019年交通运输部等12部门和单位联合印发《绿色出行行动计划（2019—2022年）》，从构建完善综合运输服务网络、大力提升公共交通服务品质、优化慢行交通系统服务等方面作出部署。　　“经过多年发展，我国绿色出行的政策制度不断健全，公共交通和慢行交通等城市绿色出行基础设施逐步完善，绿色出行服务品质显著提高，绿色出行理念深入人心。”交通运输部科学研究院城市交通与轨道交通研究中心总工程师陈徐梅说。　　虽然取得了可喜的进展，但要实现碳达峰碳中和目标，绿色出行还需要进一步深化，形成长效机制，持续为公众带来更加绿色、低碳的出行体验。陈徐梅表示，城市要建立绿色出行长效机制，提升绿色出行覆盖面。让公众改变行为模式和生活方式，需要政府、企业和市场形成合力。　　众多企业此前已纷纷涉足绿色出行。亚洲基础设施投资银行资深投资专家杨红亮在近日举办的“2023年绿色出行政企对话会”上介绍，亚投行通过发放贷款，资助了多个绿色、低碳公共交通项目，在一些城市建设了集指挥调度、信号控制、交通监控、车辆管理、信息发布于一体的城市智能交通管理系统，帮助企业转型升级。　　一些互联网平台也通过技术支持为公共交通企业提供服务。“2017年，支付宝依托‘双离线二维码’支付技术，研发支付宝乘车码产品，提升公众出行效率和体验，同时帮助出行企业降低运营成本、提升智能化运营能力。”蚂蚁集团公共出行事业部总经理万鹏介绍，2018年起支付宝设计和研发了出行客流分析及预测引擎、智能排班引擎等具备算法核心能力的产品，截至目前与全国超过70家公交企业开展了合作。　　面向未来，企业对推动绿色出行信心十足。万鹏表示，支付宝将更加广泛地动员社会各界共同参与绿色出行，通过有趣好玩的乘车码皮肤等方式吸引更多年轻用户选择绿色出行。　　中国国际航空股份有限公司商务委员会市场营销部总经理那娜表示，国航将建立健全节能环保管理体系，构建绿色低碳循环运营模式，将飞机的节能减排作为降低碳排放的核心工作，持续引进高效能机型，促进燃油效率进一步提升。　　“未来的绿色出行，应该是更高服务品质、更有文化底蕴、更加协作共享的绿色出行。”马国栋表示，随着绿色交通运输体系不断完善，文明交通绿色出行理念日益普及，政府、企业、公众等共建共创共享绿色出行体系的步伐将不断加快。 （经济日报记者 齐 慧）,https://zhuanlan.zhihu.com/p/617530417,,绿色出行日益普及,“经过多年发展，我国绿色出行的政策制度不断健全，公共交通和慢行交通等城市绿色出行基础设施逐步完善，绿色出行服务品质显著提高,1679959248,1679959248,1,0,绿色出行,0322ed9e2d14ba5e51a02667cf012ab0,https://www.zhihu.com/people/jing-ji-ri-bao-xin-wen-ke-hu-duan,经济日报新闻客户端,https://pica.zhimg.com/50/v2-86b84f37b4defcc22eb7cfb998a9102c_l.jpg?source=4e949a73,jing-ji-ri-bao-xin-wen-ke-hu-duan,1770834038262
1969073517678027977,answer,个人可通过各类低碳行为积累碳减排量，转化为碳积分并兑换实际价值   实际案例：武汉市民通过践行 11 种绿色生活方式，积累的碳减排量可按 &#34;1000 克减排量 = 2 元&#34; 标准兑换利息红包，直接抵扣按揭贷款、消费贷款利息，一个家庭年收益可达 800-1200 元。,https://www.zhihu.com/question/1961392243484111986/answer/1969073517678027977,1961392243484111986,碳积分怎么挣钱?,注册了湖北的网站，看的懵懵的，也没看到哪里能买，哪里能卖啊？跟股票也不一样啊,1762243710,1762243710,0,0,碳积分,e7c98728211618b96ce7a34bb5601a92,https://www.zhihu.com/people/23-35-77-75-6,绿色矿山,https://pic1.zhimg.com/50/v2-6015bb908edba35975e4c15bd8f4202c_l.jpg?source=4e949a73,23-35-77-75-6,1770834265100
3376615462,answer,目前碳积分（carbon credit）只存在于企业端。个人端没有统一的积分机制。就像你在阿迪达斯的会员积分，跟你在nike的会员积分，不是互联互通的。就算互联互通了（比如大家统一认可你消费1元可以获得10分、100分可以抵1元），短时间内也不支持用户跟用户交易、用户跟企业的交易。目前这个事情有三个不同的组织在做：1. 创新创业企业：一些主打绿色低碳的小公司；2. 大的互联网公司：蚂蚁森林；3. 地方zf，例如广东的粤省事、上海的一网通。要想实现题目里面说的个人攒碳积分卖给需要碳积分的大企业（例如还在卖燃油车的传统车企），需要官方出面构建全国统一大市场。,https://www.zhihu.com/question/454076891/answer/3376615462,454076891,碳积分可以自由交易，那么未来个人可以挣积分卖给车企吗？,据路透社近日报道，一汽-大众已向特斯拉中国购买了新能源汽车正积分，出价约为3000元/分，目前双方已经达成协议。既然企业富余积分可以交易，那么未来个人可以同样挣碳积分卖给企业吗？,1706240201,1706240376,1,0,碳积分,e6f6030d0b16c54198a01adf8bc7c146,https://www.zhihu.com/people/canotfind_,GoeCycle,https://pic1.zhimg.com/50/v2-69ad8cce40cfa12c54a1106491d956c3_l.jpg?source=4e949a73,canotfind_,1770834265725
29683478170,article,碳积分：汽车行业的绿色货币在了解特斯拉的 “碳暴利” 之前，我们先来认识一下碳积分。碳积分，也称为 “碳补偿积分” ，简单来说，是一种衡量和交易碳排放的单位。政府或相关机构会为汽车企业设定一个碳排放的限额，如果企业的碳排放量低于这个限额，就可以获得碳积分；反之，如果超过了这个限额，就需要购买碳积分来抵消超出部分的碳排放。碳积分制度的出现，旨在推动汽车行业节能减排，促进新能源汽车的发展。在传统燃油汽车占主导的时代，汽车尾气排放是大气污染的重要来源之一，也是碳排放的大户。为了应对气候变化，减少温室气体排放，各国政府纷纷出台政策，鼓励汽车企业生产更环保、更节能的汽车。碳积分制度就是其中一项重要举措。以中国的双积分政策为例，具体指标包括燃料消耗量积分与新能源汽车积分。对于燃料消耗量积分，设定的是油耗标准。若生产的燃油车油耗高于油耗标准，产生负积分，油耗小于标准，产生正积分。对于新能源汽车积分，设定的是新能源车销售占比。若生产的新能源汽车数量占比小于达标值，产生负积分，多于达标值，产生正积分 。正积分可以保留或销售，负积分必须按年度清零，否则会影响下一年度销售甚至取消资格。这就促使汽车企业一方面要不断提高传统燃油汽车的燃油效率，减少碳排放；另一方面，要加大新能源汽车的研发和生产力度，以获得更多的正积分。特斯拉的 “碳积分帝国”在全球积极推进节能减排的大背景下，特斯拉无疑是碳积分制度的最大受益者之一，堪称构建起了一个庞大的 “碳积分帝国” 。自 2009 年以来，特斯拉通过出售碳积分累计获得了近 90 亿美元的收入 。近年来，其碳积分销售额更是呈现出稳定增长的态势。2023 年，特斯拉通过售卖碳积分所得到的收入达到了 17.9 亿美元，相较于 2022 年的 17.76 亿美元略有增加，创历史新高 。而在 2024 年第三季度，特斯拉监管积分收入为 7.39 亿美元，为史上第二高，较上年同期的 5.54 亿美元增长 33% 。从营收占比来看，碳积分收入在特斯拉总营收中的占比不容小觑。以 2021 年第一季度为例，该季度特斯拉实现营收 103.89 亿美元，通过出售碳排放积分获得了 5.18 亿美元的营收，占总营收的约 5% 。虽然这一比例看似不算高，但需要注意的是，碳积分收入几乎相当于纯利润。在汽车行业竞争激烈，整车销售利润微薄的情况下，碳积分收入对特斯拉的利润贡献就显得尤为重要。特斯拉之所以能在碳积分市场占据主导地位，与其在新能源汽车领域的先发优势密不可分。特斯拉是最早一批专注于电动汽车研发和生产的企业，多年来积累了丰富的技术和市场经验。其电动汽车的销量在全球范围内一直名列前茅，2023 年特斯拉全球交付量为 181 万辆，同比增长 38%；产量 185 万辆，同比增长 35%，产销数量均创公司历史新高 。大量的电动汽车生产和销售，使得特斯拉能够获得大量的碳积分。相比之下，许多传统汽车制造商在向新能源汽车转型的过程中步伐较慢，仍然依赖传统燃油汽车的生产，因此在碳积分上存在较大缺口，不得不向特斯拉等新能源汽车企业购买积分。卖车与卖积分：数字背后的较量既然特斯拉在碳积分市场赚得盆满钵满，那么，卖碳积分与卖车，究竟哪个才是特斯拉的主要盈利来源呢？让我们通过具体的数据来一探究竟。先来看汽车销售业务。特斯拉的汽车销售规模不断扩大，2023 年全球交付量达到 181 万辆 ，实现营收 967.7 亿美元 。从营收数据来看，汽车销售无疑是特斯拉的主要收入来源。然而，汽车销售的利润却受到多种因素的影响。一方面，随着全球新能源汽车市场竞争日益激烈，特斯拉为了保持市场份额，不得不采取降价策略。自 2023 年以来，特斯拉在全球范围内多次下调车型价格，这直接导致了单车销售利润的下降。2024 年第三季度，特斯拉汽车业务毛利率为 20.1% ，较以往有所下滑。另一方面，原材料成本的波动、生产和运营成本的上升等，也对汽车销售利润造成了一定的压力。再看碳积分销售业务。如前所述，特斯拉的碳积分销售额呈现出稳定增长的态势，2023 年达到了 17.9 亿美元 ，2024 年第三季度为 7.39 亿美元 。虽然碳积分销售收入在总营收中的占比相对汽车销售来说不算高，但碳积分销售几乎没有成本，其利润贡献不可小觑。以 2020 年为例，特斯拉当年的净利润为 7.21 亿美元，而通过出售碳积分获得的收入为 15.8 亿美元 ，若剔除碳积分收入，特斯拉在当年实际上处于亏损状态。这足以说明，在某些年份，碳积分销售对特斯拉的盈利起着关键作用。从不同阶段来看，在特斯拉发展的早期，由于汽车销量相对较少，且处于技术研发和产能扩张的投入阶段，汽车销售业务的利润微薄甚至为负，此时碳积分收入就成为了重要的利润补充，帮助特斯拉维持运营并实现盈利。随着特斯拉汽车销量的快速增长，汽车销售业务逐渐成为主要的收入来源，但碳积分收入依然在盈利中占据着重要地位，尤其是在汽车销售利润受到挤压的情况下，碳积分收入能够有效提升公司的整体利润率。特斯拉的 “碳暴利” 是如何炼成的新能源先锋优势特斯拉能在碳积分市场获取暴利，首先得益于其在新能源汽车领域的先锋优势。2003 年，特斯拉在电动汽车领域崭露头角，成为了行业内的开拓者。彼时，大多数传统汽车制造商还在依赖传统燃油汽车技术，对电动汽车的研发投入相对较少。特斯拉则专注于电动汽车的研发和生产，致力于解决电动汽车的续航、性能和充电等关键问题。在电池技术方面，特斯拉不断投入研发，与松下、LG 化学、宁德时代等全球顶尖电池供应商合作，采用先进的圆柱单体电池搭配自研的 BMS 电池管理系统，大大优化了电池性能，提升了能量利用效率，使车辆续航表现出众 。以 Model S 为例，其高端车型续航轻松超过 400 英里，有效缓解了消费者的 “里程焦虑”。在自动驾驶领域，特斯拉同样一马当先，研发出 Autopilot 自动驾驶辅助系统以及更高级别的 FSD（完全自动驾驶）功能，利用摄像头、传感器、雷达等多维度感知设备，配合强大的 AI 算法，实现了自动跟车、自动泊车、自动变道等功能 ，尽管 FSD 在国内的落地还需适应本土法规与路况，但辅助驾驶功能已为众多车主在高速驾驶等场景下减轻了驾驶负担，提升了出行安全性和便利性。凭借这些技术优势，特斯拉的电动汽车销量持续攀升。从 2012 年推出 Model S 开始，特斯拉逐渐打开市场，随后 Model X、Model 3、Model Y 等车型的相继推出，进一步丰富了产品线，满足了不同消费者的需求，销量也随之水涨船高。2023 年特斯拉全球交付量为 181 万辆，同比增长 38% ，产量 185 万辆，同比增长 35% ，产销数量均创公司历史新高。大量的电动汽车生产和销售，使得特斯拉积累了大量的碳积分。市场供需失衡除了自身的先锋优势，市场供需失衡也是特斯拉 “碳暴利” 的重要成因。随着全球对环境保护和节能减排的关注度不断提高，各国政府纷纷加强了对汽车碳排放的监管，制定了严格的碳排放标准和碳积分政策。在中国，双积分政策要求汽车企业在生产燃油车的同时，必须达到一定比例的新能源汽车积分，否则将面临罚款或限制生产等处罚 。在欧洲，欧盟制定了严格的汽车二氧化碳排放标准，要求到 2030 年，新注册乘用车的二氧化碳排放量较 2021 年减少 55%，到 2035 年实现 “零排放” 。在美国，加利福尼亚州等多个州实施了零排放汽车（ZEV）计划，要求汽车制造商销售一定比例的零排放汽车，否则需购买碳积分来满足法规要求 。然而，许多传统汽车制造商在向新能源汽车转型的过程中面临着诸多困难，如技术研发滞后、生产线改造困难、市场认知度低等。这些因素导致他们在新能源汽车的生产和销售上进展缓慢，难以在短期内满足碳积分政策的要求，从而在碳积分市场上存在较大的缺口。据统计，2020 年度中国乘用车双积分有负 338 万分的缺口 ；在欧洲，大众、福特等车企也需要在短时间内大幅减少二氧化碳排放量，否则将面临巨额罚款 。为了避免处罚，这些车企不得不向特斯拉等新能源汽车企业购买碳积分。特斯拉作为全球新能源汽车的领导者，拥有大量的碳积分，自然成为了这些车企的首选购买对象。市场对碳积分的旺盛需求，使得碳积分价格不断上涨，从最初一个积分仅 500 元，逐渐飙涨至 3000 元甚至 5000 元 。特斯拉凭借其在碳积分市场的垄断地位，通过出售碳积分获得了巨额利润，成就了所谓的 “碳暴利”。“碳暴利” 背后的争议与挑战行业竞争角度特斯拉的 “碳暴利” 现象在汽车行业中引发了诸多争议，对其他车企造成了显著的竞争压力，也在一定程度上影响着行业的健康发展。对于传统燃油车企业来说，特斯拉凭借大量的碳积分在市场竞争中占据了独特优势。为了满足碳排放标准，传统车企不得不投入大量资金购买碳积分，这无疑增加了企业的运营成本。据报道，菲亚特克莱斯勒集团（FCA）在 2019 年至 2021 年期间花费了约 20 亿欧元（24 亿美元）向特斯拉购买碳排放积分 ，以满足欧洲和美国的排放标准。这些成本最终可能转嫁到消费者身上，导致传统燃油车价格上涨，削弱其在市场上的竞争力。在新能源汽车领域，特斯拉的 “碳暴利” 也对其他新兴车企形成了挑战。虽然碳积分政策旨在推动整个新能源汽车行业的发展，但特斯拉在碳积分市场的主导地位，使得其他新兴车企难以在碳积分销售上获得可观收益。这可能会影响这些企业的资金积累和研发投入，阻碍它们的发展步伐。一些小型新能源车企可能因为无法与特斯拉在碳积分市场竞争，而面临生存困境。此外，特斯拉的 “碳暴利” 还可能导致行业内的不公平竞争。一些企业可能会将更多的精力放在购买碳积分上，而不是真正致力于提高汽车的节能减排技术和新能源汽车的研发生产。这种本末倒置的行为，不利于整个汽车行业的技术进步和可持续发展。如果行业内形成了一种依赖购买碳积分来满足法规要求的风气，那么真正在节能减排和新能源汽车技术研发方面努力的企业可能会得不到应有的回报，从而影响行业的创新活力。政策风险角度特斯拉的碳积分业务虽然目前为其带来了巨额利润，但也面临着诸多政策风险。政策变动对特斯拉碳积分业务的潜在影响不容忽视，一旦政策发生调整，特斯拉的 “碳暴利” 模式可能会受到冲击。首先，积分政策调整可能会改变碳积分的获取和交易规则。随着新能源汽车技术的不断发展和市场的逐渐成熟，政府可能会对碳积分政策进行优化和完善。例如，提高新能源汽车的积分标准，使得特斯拉获取碳积分的难度增加；或者调整碳积分的交易价格，使其价格回归到更加合理的水平。2020 年，工信部对新能源汽车积分政策进行了调整，降低了部分车型的积分计算标准 ，这对新能源汽车企业的积分获取产生了一定影响。如果类似的政策调整再次发生，特斯拉靠出售碳积分获取高额利润的情况可能难以持续。其次，碳交易市场的变化也会对特斯拉的碳积分业务造成影响。碳交易市场的价格波动受到多种因素的影响，如政策法规、市场供需关系、经济形势等。如果碳交易市场出现供大于求的情况，碳积分价格可能会下跌，特斯拉的碳积分销售收入也将随之减少。欧洲碳交易市场在某些时期曾出现碳价大幅波动的情况 ，这对在该市场出售碳积分的企业产生了直接影响。此外，全球各国的碳交易政策和市场机制存在差异，特斯拉在不同地区开展碳积分业务时，需要应对不同的政策环境和市场风险。如果某个地区的碳交易政策发生重大变化，特斯拉可能会面临业务受阻或收益受损的风险。再者，随着全球对气候变化问题的关注度不断提高，未来可能会出台更加严格的碳排放法规和政策。这虽然从长远来看有利于新能源汽车行业的发展，但也可能会对特斯拉的碳积分业务带来不确定性。新的法规政策可能会对新能源汽车的定义、碳排放计算方法等进行调整，特斯拉需要及时适应这些变化，否则可能会面临碳积分无法满足法规要求或碳积分价值下降的风险。未来展望：特斯拉的 “碳” 路何方？展望未来，特斯拉的碳积分业务发展既充满机遇，也面临诸多挑战。从行业趋势来看，新能源汽车市场的持续扩张无疑为特斯拉创造了有利条件。国际能源署（IEA）预测，到 2030 年，全球新能源汽车销量占比有望达到 50% 以上 。随着新能源汽车市场的不断壮大，特斯拉作为行业领军者，凭借其品牌影响力和技术优势，有望继续保持较高的市场份额，从而持续获得大量碳积分。特斯拉自身也在积极布局未来，为碳积分业务的发展奠定基础。在产品规划方面，特斯拉计划推出更多新车型，如价格更为亲民的 Model Q 等 。这些新车型的推出，不仅将进一步扩大特斯拉的市场份额，增加碳积分的获取量，还可能引领行业发展潮流，推动新能源汽车技术的不断进步。在技术研发上，特斯拉持续加大在电池技术、自动驾驶等领域的投入，致力于提升产品性能和竞争力。如果特斯拉能够在这些关键技术上取得重大突破，如实现电池续航里程的大幅提升、自动驾驶技术的广泛应用，那么其产品将更具吸引力，市场需求也将进一步增长，进而为碳积分业务提供更坚实的支撑。不过，特斯拉的碳积分业务也面临着诸多不确定性。政策风险依然是悬在特斯拉头上的达摩克利斯之剑。如前文所述，碳积分政策可能会随着行业发展和技术进步而不断调整。政府可能会加强对碳积分市场的监管，规范市场秩序，防止碳积分被滥用或成为企业投机的工具。一些国家和地区可能会提高新能源汽车的补贴门槛，减少对碳积分交易的依赖，这将直接影响特斯拉的碳积分销售收入。行业竞争的加剧也可能对特斯拉的碳积分业务造成冲击。越来越多的传统汽车制造商正在加速向新能源汽车转型，加大在新能源汽车领域的研发和生产投入。大众、丰田、奔驰等汽车巨头纷纷推出新能源汽车车型，并制定了雄心勃勃的新能源汽车发展战略 。这些企业拥有雄厚的资金实力、成熟的生产技术和广泛的销售网络，一旦在新能源汽车市场取得突破，特斯拉在碳积分市场的优势将受到挑战。同时，新兴的新能源汽车企业也在不断涌现，它们凭借创新的商业模式和技术优势，在市场中迅速崛起。蔚来、小鹏、理想等中国新能源汽车企业，在智能驾驶、电池技术等方面取得了显著进展，对特斯拉构成了有力的竞争。随着行业竞争的加剧，碳积分市场的供需关系可能会发生变化，碳积分价格可能会下降，特斯拉的碳积分业务面临着不小的压力。特斯拉的 “碳暴利” 现象，是新能源汽车行业发展过程中的一个独特案例。它既反映了碳积分政策在推动新能源汽车发展方面的积极作用，也引发了我们对行业竞争格局、政策有效性以及企业可持续发展的深入思考。在未来，随着新能源汽车市场的不断发展和政策的持续完善，特斯拉的碳积分业务将走向何方，它又将如何在激烈的市场竞争中保持优势，这都值得我们持续关注。关于特斯拉的 “碳暴利”，你有什么看法呢？欢迎在留言区分享你的观点，一起讨论！,https://zhuanlan.zhihu.com/p/29683478170,,揭秘特斯拉的‘碳暴利’：卖车不如卖积分赚钱？,在了解特斯拉的 “碳暴利” 之前，我们先来认识一下碳积分。碳积分，也称为 “碳补偿积分” ，简单来说，是一种衡量和交易碳排放的单位,1741757621,1741757621,3,0,碳积分,b79bd754216af069bd306fa2368ffb4b,https://www.zhihu.com/people/63-6-27-34-86,小曾同学讲碳电,https://picx.zhimg.com/50/v2-12b69d1bbf1d527d8f51eec665b41b37_l.jpg?source=4e949a73,63-6-27-34-86,1770834265728
2254940756,answer,像广东的碳普惠试点深圳的全民碳路，武汉的碳宝包等等都已落地。各地也在陆续开展，个人的低碳行为会换算成碳积分，碳积分可以用来兑换碳普惠项目商品等等。,https://www.zhihu.com/question/482329206/answer/2254940756,482329206,普通人怎么获取和交易碳中和积分？,有知道的大佬能不能给小弟解解惑,1638523694,1638523995,10,1,碳积分,82d84c3a9482a2f02c87dca99b1f5d69,https://www.zhihu.com/people/15631003363,企环教育,https://picx.zhimg.com/50/v2-d2b52bca1699d87100e030d6e0cd2834_l.jpg?source=4e949a73,15631003363,1770834265731
2278925733,answer,腾讯推出小程序“低碳星球”，鼓励用户绿色、低碳出行，推动每个人参与“双碳”行动。用户通过小程序创建低碳星球，它记录你的绿色行动，转为碳积分、绿色能量或成长值，可使星球成长，从工业城市，长到海绵城市、云端智能城市，告知你每一次绿色行为，怎样改变低碳星球，对环境贡献多大。碳积分和绿色能量，可用来兑换比如优惠券等权益。认证低碳行为通过腾讯地图APP或乘车码小程序刷码乘公交或地铁。乘纯电动公交，每人每公里减排0.0269千克CO2，积0.2碳积分。乘地铁，每人每公里减排0.0467千克CO2，积0.4碳积分。碳积分仅深圳试点，深圳以外低碳行为及微信运动只能促进星球成长。低碳星球来了！可以个人碳积分https://www.zhihu.com/video/1456308621336752128,https://www.zhihu.com/question/506949330/answer/2278925733,506949330,个人现在能碳积分吗？有什么软件吗？,0269千克CO2，积0.2碳积分。乘地铁，每人每公里减排0.0467千克CO2，积0.4碳积分。碳积分仅深圳试点，深圳以外低碳行为及微信运动只能促进星球成长,1639991106,1639991960,2,0,碳积分,10cdc63a7cb1567bbb3eafa30c903e11,https://www.zhihu.com/people/qing-feng-yue-32,碳中和清姐,https://picx.zhimg.com/50/v2-82aac15fb6b99629982b8cf43d7704a9_l.jpg?source=4e949a73,qing-feng-yue-32,1770834265734
3401089592,answer,根据特斯拉2023年第四季度以及年度的财务报告显示，特斯拉公司去年通过碳积分销售获得了17.9亿美元的可观收入，较2022年的17.76亿美元略有增加，创下历史新纪录。自2009年以来，特斯拉通过出售碳积分累计获得了近90亿美元的收入。特斯拉的碳积分主要出售给了其他无法达到美国、欧洲或中国排放法规的汽车制造商。随着全球汽车行业向电气化的转型，竞争对手们相继提高电动汽车产量，特斯拉曾预计这一收入将会下降。早在2020年，特斯拉前首席财务官Zachary Kirkhorn就警告投资者不要过于依赖这一收入来源。他当时预测，随着时间的推移，这部分业务的重要性将会下降。然而，与预期相反，特斯拉的碳排放积分收入并没有明显下降，去年的收益甚至创下历史新高。其中2023年第四季度，特斯拉的碳积分收入为4.33亿美元，占该公司当季度总毛利（40.65亿美元）的11%。不过较2022年第四季度的25.9%相比，这一占比的确有所下降。尽管如此，碳积分收入仍然是特斯拉重要的收入来源之一，不断增长的碳积分销售额也凸显了这家电动汽车制造商清洁能源计划的价值。鉴于全球对减少碳排放和应对气候变化的关注，预计未来对碳排放积分的需求还会增加。特斯拉作为电动汽车市场的领导者，以及对可持续能源的承诺，使其在未来几年将继续从碳积分的销售中获利。,https://www.zhihu.com/question/501945216/answer/3401089592,501945216,特斯拉卖的「碳积分」到底是什么？,自2009年以来，特斯拉通过出售碳积分累计获得了近90亿美元的收入。 特斯拉的碳积分主要出售给了其他无法达到美国、欧洲或中国排放法规的汽车制造商,1708321002,1708321002,0,0,碳积分,2c22256f35b9f021d428a17a5387f896,https://www.zhihu.com/people/gai-shi-qi-che-72,盖世汽车,https://pic1.zhimg.com/50/v2-aa8eb9f6ae031b9aac52cdb795cbc0ba_l.jpg?source=4e949a73,gai-shi-qi-che-72,1770834265738
605122905,article,所谓“碳积分”指的是：二氧化碳排放配额，企业或个人可以通过购买碳积分消除碳足迹。是全球实施“碳达峰、碳中和”战略的产物。希望在人类的努力下，通过植树造林、节能减排等形式，抵消自身产生的二氧化碳排放，从而实现二氧化碳的“零排放”。所有企业或个人对节能减排的贡献都可以转化为碳积分。企业或个人通过购买碳积分消除碳足迹。碳积分代表了会员对地球生态环境节能减排的贡献，是一种荣誉。以绿色新能源代替传统能源使用新能源汽车个人绿色出行以绿色新能源代替传统能源；使用新能源汽车；个人绿色出行；均可加积分。那么获得了碳积分有什么用呢？1.企业碳积分目前，碳积分的应用在企业端口较为成熟，尤其是汽车制造业在我国目前推行的是双份政策。举例：油耗（CAFC）积分：如果车企生产的燃油车油耗高于政府制定的油耗标准就会产生负积分，反之则产生正积分。 在“新能源（NEV）积分”当中，车企生产的新能源乘用车数量超出政府规定数量越多，那么获得的新能源积分就越多，反之则会出现负积分。在结算积分时，新能源积分与油耗积分相加为正则说明车企在这一年内达到了碳排放标准，这也就意味着所有车企都要生产新能源汽车。不达标的车企则会面临严重的惩罚，他们只能停产高油耗车型的生产研发。而双积分不达标的车企也并非只能坐以待毙，他们可以向达标的车企购买积分，所以特斯拉不仅在我国卖车，他还卖碳积分，而家大业大的大众看着营收很高，但一结算积分可能利润就所剩无几了。这也是为什么各汽车品牌在我国大力生产销售新能源汽车的原因，而且很多国内自主品牌新能源车企很多都是靠卖碳积分和拿国家补贴来维持生计的。2.个人碳积分 个人开通个人碳积分账户，那么日常生活中的碳减排行为会被换算成积分，存到相应账户里。 目前地方政府、各大互联网平台、金融机构都有碳账户的申请窗口。 比如低碳出行，多走路、多骑车、少开车；低碳餐饮，点外卖时选择“不需要一次性餐具”，养成节约资源的好习惯； 再比如低碳消费，购买节能家电等。完成类似低碳任务，就可获得碳积分，而碳积分可在你申请的平台兑换商品或者服务，如视频会员、健身卡、机场快速通道权限、数字人民币消费券，或者金融服务等等。,https://zhuanlan.zhihu.com/p/605122905,,碳积分的含义,所谓“碳积分”指的是：二氧化碳排放配额，企业或个人可以通过购买碳积分消除碳足迹。是全球实施“碳达峰、碳中和”战略的产物,1676007122,1676007122,6,0,碳积分,d46a1a1262901cc9f99b70b497ce9625,https://www.zhihu.com/people/nai-liang-you-lu-96,咕噜咕噜猫,https://pica.zhimg.com/50/v2-abed1a8c04700ba7d72b45195223e0ff_l.jpg?source=4e949a73,nai-liang-you-lu-96,1770834265740
2003780791088473120,answer,欧洲调整后是什么效果。就例如大众集团，电车还是要搞，为啥？因为要碳积分，没有碳积分就需要像贷款一样，往未来贷出来，你承诺未来这一两年你需要多少生产多少量电车，贷出来也是要还的啊，而且你完成不了你猜猜要罚款多少？欧盟的玩法是直接让你PHEV都不能列入电车行列里面，要控制你每公里只能有12克的碳排放，达不到几十亿的罚款不是盖的，那就意味着一个集团起码要有80%的电车，剩下的20%油车配额，你猜猜空出来的是要给谁，那一定是保时捷，奥迪，布加迪这类高端车型，所以不要再吹嘘说欧洲人搞电车概念就是骗我们国内去发展拖后我们国内的战略方向了。,https://www.zhihu.com/question/2003753547624368091/answer/2003780791088473120,2003753547624368091,国外车企纷纷放弃电车重回油车，对我国电车发展有什么影响？,美国取消电动车税收抵免、放宽油耗标准与罚款；欧盟调整2035禁售燃油车规则，允许碳中和合成燃料车辆豁免，减排目标由100%降至90% 。政策转向降低转型紧迫性，车企得以延长燃油车生产周期，加上-本土电池（如Northvolt）产能利用率不足、扩产放缓，依赖中国供应链的格局短期固化，车企主导权削弱。导致国外车企纷纷放弃电车，对我国电车发展有什么影响？,1770518569,1770518569,7,0,碳积分,ff87d5c6c3222a3387531645ee48bdd0,https://www.zhihu.com/people/barclay-44,Barclay,https://picx.zhimg.com/50/v2-abed1a8c04700ba7d72b45195223e0ff_l.jpg?source=4e949a73,barclay-44,1770834265743
379028270,article,2020年特斯拉财报显示，全年营收315亿美元，归母净利润7.21亿，首次在单年实现盈利。但是在财报中也披露，2020年特斯拉全年出售碳积分（carbon credit）收入达到了15.8亿美元，是归母净利润的220%。这也就代表着，倘若特斯拉没有相关碳积分交易的政策支持，2020年不仅无法实现盈利，甚至还需要继续亏损8.6亿美元，和上一年几乎完全持平。 显而易见，碳积分交易对于新能源汽车而言是一个十分重要的收入来源，同时也是国家为了支持新能源汽车发展而制定的变相补贴政策。碳积分是什么，是如何实现交易的？我国的碳积分交易政策会对我国的新能源汽车发展产生怎样的影响呢？ 想卖车？先要有碳积分 虽然特斯拉在中国市场的份额正在快速增长（狗头），使中国成为除了美国本土以外的最大市场，但是2020年特斯拉在美国本土的收入依然占到了50%[1]。而且，美国是全球碳积分交易相对成熟的地区之一，也是特斯拉碳积分交易收入的主要来源地，这里就以美国的碳积分交易为例，解释碳积分的奥秘。 美国的碳积分政策 在美国，包括加州在内的至少14个州，每一个汽车生产商都需要按照州的规定出售一定比例的“零排放汽车”（ZEV: zero emission vehicles）[2]：包括但不限于电动汽车，混合动力汽车，燃料电池汽车等等。不卖新能源汽车，或者卖不到足够的份额就需要接受处罚：缴纳罚款，限售，甚至取消卖车资格。 什么是碳积分？ 由于不同新能源车对减少碳排放的贡献不同，实际操作过程中，我们需要一个公平的方法来衡量生产商有没有卖出足够的“零排放汽车”，这便是“碳积分”。生产商每卖出一辆符合要求的新能源汽车，便可以获得一定的积分(积分数量与具体车型相关)，每年按照规定想政府缴纳足够份额的积分便可以不受处罚。 什么是碳积分交易？ 首先，我们要知道为什么有人愿意出高价购买碳积分？因为并不是每一个公司都有能力自主生产符合“零排放”要求的车型，同时也不可能要求消费者违背自己的喜好必须购买新能源汽车。因此，没有办法通过出售新能源车获取足够积分的生产商，便可以从有多余积分的生产商那里购买购买，双方按照市场交易规则自行约定价格，交易积分。 这就是碳积分交易，以及广义上所有“碳市场”的基本概念：如果无法减排足够的额度，可以付钱给别人，让他人帮你减排。 设立碳积分政策的目的是什么？ 便于设立明确的新能源汽车销售目标。例如，国家将今年新能源汽车的销售目标定为占比20%，便可以将今年汽车生产商需要缴纳的碳积分比例设定为销售量的20%，否则就需要缴纳罚款。那么如果市场上新能源车销售不足20%，碳积分就会供不应求，从而推高碳积分价格。这就会督促车企加紧生产与销售新能源汽车，又或者通过碳交易给与新能源车企和新能源购车者更多的补贴。(当然，假如新能源车销售高于20%，碳积分就会过剩，也就不值钱了。) 鼓励传统车企向新能源转向，加强市场竞争。传统车企由于在传统燃油车上投入较多，掉头成本过高，很可能不愿意放弃传统技术，从头开始研究新能源车。碳积分交易是一个明确的激励信号，你不做别人会做，你还需要把辛辛苦苦赚来的钱给别人，从别人那里去买积分，这就给了每一个车企加入新能源汽车行业竞争的动力。 变相给予新能源车企补贴。像特斯拉这样的车企来说，卖出去的每一辆车都是新能源汽车，自己肯定是不担心积分不够用，同时积分还可以出售带来额外的收入。对于特斯拉而言，这笔钱算得上是一根救命稻草，是特斯拉盈亏线的一把推手，有它才盈利，没它就亏损。本质上是政府通过政策把通用、福特手里的钱给了特斯拉，等于让传统汽车厂商出钱给新能源车企业补贴。 变相给予消费者购买新能源车的补贴。毫无疑问，是企业就都需要赚钱，如果特斯拉等新能源车企无法通过碳积分交易实现盈利，必定要从降低成本、提高售价等方向来找补，抬高了新能源汽车的售价。该政策也是在变相从传统燃油车消费者收税，补贴给新能源汽车消费者，降低他们的购车成本，鼓励大家购买新能源汽车。 碳交易：可以跨行业的交易系统 如果从减少碳排放总量，遏制气候变化的角度来看问题，那么从不同源头排放的二氧化碳是没有区别的：烧煤、烧油、燃气，又或是汽车、工厂、发电，只要是排放了一吨二氧化碳，那么作为温室气体产生的温室效应是没有区别的。如果允许不同的车企之间相互交易碳积分，原则上讲，让车企和其他排放二氧化碳的企业交易碳积分，也是应当被允许的。 这样允许不同行业的企业自由交易碳积分或者排放权的政策，就是通常所指的“碳市场”。关于跨行业的碳积分交易，我们会在后续的文章中详细展开。 中国的碳积分：双积分政策 2017年8月16日，国务院工信部发布《乘用车企业平均燃料消耗量与新能源汽车积分并行管理办法》，自2018年4月1日起施行[3]。该政策2020年经过修订，改变了部分参考指标的权重，最新规定于2021年1月1日执行。 和美国的单一积分政策不同，中国的碳积分政策采用的是双积分政策：燃料消耗量积分与新能源汽车积分。并且对于这两个积分，分别设立达标值。 对于燃料消耗量积分，设定的是油耗标准。若生产的燃油车油耗高于油耗标准，产生负积分，油耗小于标准，产生正积分。 对于新能源汽车积分，设定的是新能源车销售占比。若生产的新能源汽车数量占比小于达标值，产生负积分，多于达标值，产生正积分。 积分的转移和交易政策如下： 燃料消耗量积分 正积分：转移至其他年份偿付负积分；转移到关联企业偿付负积分 负积分：使用往年正积分偿付；使用关联企业正积分偿付；购买其他车企的新能源汽车正积分 新能源汽车积分 正积分：可出售 负积分：购买其他车企的新能源汽车正积分 简单总结一下就是： 不论是燃料消耗量积分还是新能源汽车积分，所有负积分必须按照年度清零。 燃料消耗量积分可以用于关联企业（如控股公司等）之间相互偿付；正积分也可以积累用于支付未来（三年以内）的负积分，但是无法出售获利。 新能源汽车正积分可以用于出售获取利润，但无法按年度累计。 一般来说，如果车企燃料消耗量积分是负数，大概率新能源汽车积分也是负数，无力通过内部的关联企业机制来偿付，就必须购买积分来弥补。目前来看，一众自主品牌汽车企业成绩最佳，获得大量碳积分可以出售：比亚迪，北汽，上汽，特斯拉都榜上有名，造车新锐蔚来、小鹏、理想等新能源车在2020年才销量大涨，暂时缺少最新的统计数据。合资汽车企业表现最差，转型最慢。 随着碳排放政策的逐步收紧，碳积分变得越来越抢手，积分交易价格更是从2019年的每个积分数百元涨至去年2020年底的约3000元[4]。据统计，2020年全国乘用车企业累计产生新能源汽车正积分为420万分，新能源汽车负积分92万分；燃料消耗量正积分约391万分，燃料消耗量负积分约1057万分。根据现行规则，2020年国内乘用车市场产生的“双积分”负分缺口高达338万分[5]，按照每个积分3000元计算，可以为新能源车企提供超过100亿的额外收入。仅比亚迪一家，就积累了86万个碳积分，估算其价值可能高达26亿，而比亚迪2020年净利润为42.34亿元，使其同比增长达到162.27%。 碳积分的单价和碳交易收入的总量，在未来会随着政策的深入和标准的提高一直水涨船高，成为新能源车企稳定且重要的收入来源，在整个新能源汽车转型的10-20年间扮演重要的作用。 结语 碳积分是国家取消新能源汽车直接补贴之后出台的变相补贴措施，通过市场化的运作来给积分定价，鼓励所有车企生产低油耗的汽车或者新能源车，如果无法按照标准完成积分任务，燃油车的单车利润将会锐减数千人民币不等，加速淘汰转型较慢的车企。 碳积分作为政策平衡手，其价格直接影响绝大部分车企的盈亏线，既可以是压死传统车企的最后一根稻草，也可能是新能源车企的救命稻草，关注碳积分交易相关政策和价格的变动将会成为观察各个企业盈利的一个绝佳窗口。,https://zhuanlan.zhihu.com/p/379028270,,特斯拉靠他才能盈利：探秘碳积分交易（一）,也是特斯拉碳积分交易收入的主要来源地，这里就以美国的碳积分交易为例，解释碳积分的奥秘。 美国的碳积分政策,1623162638,1623162638,46,3,碳积分,cf7541f5c217c6d6f78275de4dfeeac6,https://www.zhihu.com/people/shu-zi-nuo-mi,诺米NOMY,https://pic1.zhimg.com/50/v2-1ab4271191e6880dfc0c374fadfa3e87_l.jpg?source=4e949a73,shu-zi-nuo-mi,1770834265745
1970198403712525985,answer,工业化要电不？西方为了焊死第三世界工业化的大门，也是为了干死中国产业升级的大门，早就禁止煤电，不允许煤电设备出口，中国为了响应清洁能源号召，被迫停止出口相关设备和技术，承担了天量的出口损失，每年还要进口天然气，被俄罗斯拿捏了很多年！那些煤炭资源丰富的第三世界国家，眼瞅着这些煤炭资源躺在地下，就是没法发电，要发电就得进口天然气和成套发电设备，便宜的俄罗斯天然气不给买，得买转手的高价天然气，还得修建天然气管道、码头等配套设施，他们还没开始工业化，就被掏空口袋，欠下巨额债务！西方还恶心到什么程度？搞了碳排放限制，这些第三世界国家只分到一点点可怜的碳排放额度，超标了还得跟别人买碳积分，中国千辛万苦才争取到点碳排放额度，还在受柴静那帮龟孙的指责，还在为满足碳达标而努力，那帮天杀的西方工业为了减少本国的碳排放，还迁到中国占用碳排放额度，中国还整天被西方国家背后蛐蛐，中国什么时候焊死了工业化大门？是西方那帮强盗老爷们限制了第三世界发展工业化，中国却承担了骂名？到了现在的ai竞争，芯片的性能反而并不那么重要，有没有充足的电力才是决定一切的基础，美国微软都面临这样的电力困境，第三世界国家不要说工业化，在未来的ai时代更加没有参与的资格！而中国，拥有全球唯一全产业链的工业基础，在能源领域除了传统的煤电、水电外，光电、风电也遥遥领先，核电产业中，钍基核电站已经稳定运行，第一代核聚变电站很可能在未来两三年内试运行，雅江水电站工期跨度二十年，已经在建设开发，各种形式的能源供应，汇聚到全球独步的特高压输电矩阵，保障了中国工业的稳定发展，也保障了中国在ai等未来产业的发展空间！所以，锁死工业化大门的，除了西方有目的推进的能源、碳排放限制，这些国家的自然禀赋、地理条件、国民素养、奋斗意愿、领导层战略思维，都是其自锁的内因！现在，不单是第三世界国家被焊死工业化大门，欧洲国家也在加速去工业化，尤其在ai产业，这两年也表现的异常的镇静（停滞），实质就是，他们几乎不可能再有多余的电力去发展ai，而他们的传统制造业已经难以为继，新兴制造业更是无从落地，产业链、产业集群也将逐渐消亡，即便发展了ai，跟谁结合？应用在哪里？这就是美西方国家、甚至某些第三世界国家对中国现有体量和未来发展空间的恐惧、进而无理指责的底层逻辑之一！,https://www.zhihu.com/question/1968796428009735532/answer/1970198403712525985,1968796428009735532,如何看待中国焊死了工业化的大门?,既然中国焊死了工业化的大门，那么该如何看待产业全球化，以及曾经经济全球化的说法,1762511903,1762777589,520,29,碳积分,0ce76f9f8e78c20d031a686bdb2e580e,https://www.zhihu.com/people/xuhu74,浒哥杂谭,https://picx.zhimg.com/50/7f77359edbfeb01be292f25c9ae5eb6c_l.jpg?source=4e949a73,xuhu74,1770834265748
2648524068,answer,除非你能找到廉价的储能方式，否则永远也不可能摆脱火电。表面上看在碳中和这个大背景下电力来源中没多少火电了，实际在新能源背后是火电在支撑新能源的不稳定性。火电依然在运转，只不过从直接供电变成给新能源配套罢了，一样会烧煤、烧气，只不过烧的没以前那么多而已。核电不可能用来调频调峰，水电也会遇到季节周期性变化，光伏风电都不稳定且时刻都在改变。现在就是主要用火电给新能源配套调频调峰，什么抽水蓄能、储能电池都无法解决万亿度这个级别的电网调节，差的太远。燃气轮机用来调节峰谷更灵活，但天然气远比煤贵，也不可能成为调峰主力。你以为的碳中和是不排放二氧化碳，实际上的碳中和是用光伏电站挣碳积分，用碳积分抵消火电厂排放的二氧化碳。这也是传统火电企业大力建造光伏电站的重要因素——不想交碳税。,https://www.zhihu.com/question/499862115/answer/2648524068,499862115,碳中和会关停所有火力发电厂吗？,也不可能成为调峰主力。 你以为的碳中和是不排放二氧化碳，实际上的碳中和是用光伏电站挣碳积分，用碳积分抵消火电厂排放的二氧化碳,1661615871,1661615871,63,20,碳积分,bec09970092b2d143d232a5d736e7a84,https://www.zhihu.com/people/zhe-ge-bei-zhan-na-ge-ye-bei-zhan,这个被占那个也被占,https://picx.zhimg.com/50/v2-0a5a691014d092eab928d77a1da472b9_l.jpg?source=4e949a73,zhe-ge-bei-zhan-na-ge-ye-bei-zhan,1770834265751
370095154,article,今年特斯拉销售碳积分获利在企业利润占比很大的新闻火了，很多朋友都咨询什么是碳积分，这几简单介绍下。首先美国碳积分是加州提出的“零排放汽车”CEV计划，是由美国空气资源委员会CARB牵头，在1990年提出来的，主要旨在防止机动车污染物排放。在国内叫做新能源汽车积分管理制度，也就是NEV，是借鉴美国ZEV计划制定的碳积分政策。也叫“双积分”，主要是由发改委和工信部碰撞后提出来的方案。就是平均燃油消耗量积分和新能源汽车积分，简单的理解，就是油耗、新能源两个维度给汽车制造企业打分，主要有两个指标：1、平均油耗目标值：汽车生产企业生产的汽车的油耗，如果低于这个值，就积正分，否则，就要积负分。2、新能源生产指标：这个每年的标准是不一样的，在2019年，中国销售的汽车比例里面，要求新能源汽车要占比12%，2021年要求是14%，2022年要求是16%，2023年要求是18%，如果满足这个指标，就不扣分，否则，积负分。最后两个指标统计核算下来，如果车企的积分是负数，那就要小心了，惩罚力度是很大的，要面临暂停高油耗产品的申报，暂停高油耗产品生产等等处罚。所以车企这时候为了满足碳积分的要求，一方面要严控燃油车的油耗，另一方面，生产更多新能源汽车。如果企业经过种种努力实在完不成，那只能去购买碳积分。国内2019下半年，业内主要积分报价大致在3000元左右，2020价格倒是跌了一点，在2500左右，美国相对价格高些，一个积分大致3000美元左右，2020年特斯拉就是靠卖碳积分挣了16个亿。,https://zhuanlan.zhihu.com/p/370095154,,碳积分简介,今年特斯拉销售碳积分获利在企业利润占比很大的新闻火了，很多朋友都咨询什么是碳积分，这几简单介绍下。 首先美国碳积分是加州提出的“零排放汽车”CEV计划,1620283538,1620283539,46,12,碳积分,d9a877a976a5d5e8186468234ded63e8,https://www.zhihu.com/people/song-ge-26-61-2,津碳未来,https://picx.zhimg.com/50/v2-ca23fa0c893ea9043c2d7eb696aa57ae_l.jpg?source=4e949a73,song-ge-26-61-2,1770834265754
3559496914,answer,因为早就过了只是讲阶段了，全球都在做这件事。车厂的碳积分是可以卖钱的。如果全球没达成这样的共识，谁理你碳积分。美国、欧洲对大众的尾气造假，处以高额罚款；反而中国没有对大众的尾气排放造假开罚单，你说谁不讲碳中和了？你问的问题，并没有根据实际发生的情况去发问，建议以后别问了。,https://www.zhihu.com/question/607379373/answer/3559496914,607379373,西方国家为什么现在不讲碳中和了？,全球都在做这件事。 车厂的碳积分是可以卖钱的。如果全球没达成这样的共识，谁理你碳积分。 美国、欧洲对大众的尾气造假,1720755876,1724843924,4,2,碳积分,93e68e90d71f7182ada3f977c742d080,https://www.zhihu.com/people/wei-kuai-bu-po-77,唯快不破,https://picx.zhimg.com/50/v2-959c77350f879493f702f0f98990f5e7_l.jpg?source=4e949a73,wei-kuai-bu-po-77,1770834265756
1897357755054014768,article,[最新数据：2024年新能源车积分（NEV积分）交易价跌至1200元/分，较2023年峰值暴跌52%]当比亚迪靠卖积分年赚百亿的时代终结，当造车新势力们突然发现&#34;救命稻草&#34;不再值钱——这场碳积分的价值崩塌，正在揭开新能源汽车行业最残酷的生存真相。一、积分暴跌背后的三重绞杀1. 供给端爆炸式增长2024年Q1新能源车产量同比激增67%，积分池膨胀至580万分（2023年同期仅210万）荒诞现实：五菱宏光MINI EV每卖一辆车产生0.5分，仅需6分即可达标2. 需求端结构性萎缩3. 政策端精准调控2024版&#34;双积分&#34;新政：✅ 纯电积分系数下调20%✅ 燃料电池积分价值翻倍✅ 数据造假企业直接暂停公告目录二、生死局下的众生相1. 裸泳者现形（亏损王榜单）某新势力品牌：积分收入从23年18亿骤降至3亿，单车亏损扩大至7.2万元某合资车企：被迫以2300元/分高价购入积分，全年利润被吞噬65%2. 收割者狂欢（新型套利模式）积分银行家：某贸易公司低价囤积20万积分，等待2025年政策收紧抛售技术倒爷：将淘汰的磷酸铁锂电池包装成&#34;储能梯次利用&#34;换取额外积分规则黑客：利用插混车测试循环漏洞，刷出超标50%的续航里程3. 转型者突围（成功案例）比亚迪：积分收入占比从21%降至6%，但刀片电池外供利润增长300%理想汽车：通过增程式技术拿到双倍积分，每辆车多赚4000元三、普通人如何不被割韭菜？1. 购车避坑指南❌ 远离单纯靠积分盈利的品牌（积分收入占比&gt;15%风险极高）✅ 优选自研电池的车企（宁德时代客户平均积分自给率82%）  查企业双积分公示（工信部官网可查历史履约情况）2. 就业选择建议高危岗位：积分交易员（头部企业裁员率达40%）黄金岗位：✅ 燃料电池研发工程师（年薪中位数45万）✅ 碳足迹核算师（时薪800元起）✅ 电池回收项目总监（人才缺口超10万）3. 投资警示清单暴雷信号：⚠️ 车企积分库存超过年销量10%⚠️ 突然大额计提积分减值准备⚠️ 频繁变更积分会计处理方式安全标的：  氢能产业链（亿华通股价年涨140%）  电池回收（光华科技产能利用率120%）四、2025年终极预判1. 积分价格触底反弹触发点：2025年考核标准提升30%+燃料电池积分兑换比例下调预测区间：800-1500元/分（取决于政策力度）2. 行业终极洗牌存活门槛：✅ 年销量20万辆以上✅ 电池自供率≥50%✅ 海外市场占比30%+死亡名单预测：  3家造车新势力  5家合资品牌3. 新型套利崛起跨省积分倒卖（各省考核标准差异）碳积分互换（1NEV积分=0.3吨CCER）报废车积分挖矿（拆解新能源车可获得历史积分）▶️ 追更福利：点赞过2000发布《车企双积分数据全景图》（数据来源：工信部、乘联会、上市公司财报）,https://zhuanlan.zhihu.com/p/1897357755054014768,,新能源汽车碳积分价格腰斩：谁在割韭菜，谁在闷声发财？,新型套利崛起 跨省积分倒卖（各省考核标准差异） 碳积分互换（1NEV积分=0.3吨CCER） 报废车积分挖矿（拆解新能源车可获得历史积分）,1745275240,1745275240,1,0,碳积分,e304f49cc0002df961f68d4c8795d3e9,https://www.zhihu.com/people/90-90-20-69-71,思衡致远,https://picx.zhimg.com/50/v2-5f8aeaa7e4b53b7e485e8763cde37168_l.jpg?source=4e949a73,90-90-20-69-71,1770834265759
1859030803,answer,碳积分(Carbon Credits)是指欧盟设立的二氧化碳排放配额，企业或个人通过购买碳积分消除碳足迹。国内每年相关部门会对车企积分进行核算，如果总积分为负则不被允许出售汽车。诸如特斯拉这样的纯电动车企每年只会获得大量的正积分，所以可以将积分卖给那些燃油车大户。特斯拉将积分都卖给了哪些车企我们无从得知，网传大众采购过特斯拉的碳积分，但是实际上几乎所有的传统汽车制造商都在以不同的形式购买碳排放积分。就目前汽车行业的发展趋势来看，很多传统巨头都开始将重心往电动车倾斜，因此未来很可能大部分车企应该都可以实现积分自给自足。届时，特斯拉这类新能源汽车品牌的“碳积分”红利应该也就到此为止了。,https://www.zhihu.com/question/456949713/answer/1859030803,456949713,马斯克「卖碳」赚了 16 亿，碳交易卖的究竟是什么？,Credits)是指欧盟设立的二氧化碳排放配额，企业或个人通过购买碳积分消除碳足迹。 国内每年相关部门会对车企积分进行核算，如果总积分为负则不被允许出售汽车,1619583077,1619676764,1,3,碳积分,9d78d3bd071d630f743d6edb7dbb4492,https://www.zhihu.com/people/li-xiao-hua-53-93,碳交易联盟,https://picx.zhimg.com/50/v2-e7476a0ee0347601057fda1247d2eb01_l.jpg?source=4e949a73,li-xiao-hua-53-93,1770834265761
118817323321,answer,法国通过碳积分政策将中国新能源车排除在补贴之外的核心逻辑，在于以“碳足迹”评分体系为技术性贸易壁垒，结合本土产业保护诉求，形成双重制约。以下是具体原因与机制分析：一、碳足迹评分体系的“技术性门槛” 1. 全生命周期碳排放核算   法国2024年实施的补贴新规要求对电动车从**原材料开采、生产制造、运输到报废回收**的全生命周期碳排放进行评分（满分100分），只有达到60分以上的车型才能获得补贴。这一标准覆盖：电池材料：锂、钴等矿产开采的碳排放；制造能源结构：生产过程中电力来源（如煤电占比）；物流运输：车辆从产地到法国的运输碳排放。2. 针对性设计削弱中国优势     中国新能源车在生产环节的碳排放较高（60%电力依赖煤炭），而欧洲车企通过使用绿电（如德国工厂的可再生能源）显著降低碳足迹。例如，中国生产的电动车可能因电池制造环节的高碳排放直接扣分，导致总分不足60分。二、欧洲本土产业保护的“双重目标”1. 刺激本土制造与就业       法国政府明确表示，新规旨在“将电动汽车生产线带回欧洲”，通过补贴倾斜支持本土车企（如雷诺、Stellantis）和欧洲制造的车型（如德国产特斯拉Model Y），同时创造数万个就业岗位。2. 应对中国新能源车竞争力      中国电动车凭借成本优势（如比亚迪海豹价格比欧洲同级车低30%）快速抢占欧洲市场。2023年第一季度，法国40%的电动车补贴流向中国制造车型（如达契亚Spring）。新规通过抬高准入成本，削弱中国车的价格竞争力。 三、政策逻辑的矛盾与争议1. 环保目标与实际效果背离   根据德勤报告，生产一辆电动车的碳排放（11吨）高于燃油车（6吨），但使用阶段可实现零排放。法国将生产环节碳排放纳入评分，导致进口电动车（碳排放留在国外）反而可能降低全球总排放，而本土生产（碳排放计入法国）可能增加排放。2. 歧视性与WTO规则冲突       中国驻法使馆指出，法国政策违反世贸组织非歧视原则，将补贴与生产地绑定，而非车辆环保性能本身。例如，德国产特斯拉Model Y可获补贴，而中国产Model 3被排除，凸显政策矛盾。 四、中国车企的应对策略1. 碳积分交易与合作   比亚迪等车企通过向欧洲车企出售碳积分（如比亚迪计划与欧盟车企组建碳积分池），帮助后者达标，同时获取收益。比亚迪因电动车占比高、碳排放低于欧盟标准，成为碳积分重要供应方。2. 本地化生产与绿色供应链   部分中国车企加速在欧洲建厂（如比亚迪匈牙利工厂），使用当地绿电生产，以规避碳足迹限制。同时优化供应链管理，例如采用低碳铝材、自建电池回收体系。总结：碳壁垒背后的全球博弈法国的碳积分政策实质是环保名义下的新型贸易保护工具，通过技术标准排斥外部竞争者。这一政策既反映了欧洲对本土产业的保护需求，也暴露了全球碳中和进程中的规则主导权争夺。中国车企需通过技术升级、本地化布局和国际碳市场参与，突破此类壁垒。,https://www.zhihu.com/question/10616157007/answer/118817323321,10616157007,为什么法国能利用碳积分将中国的新能源车排除在补贴之外？,《贡献论》人类新型价值评价分配再分配理论,1741339180,1741339180,0,2,碳积分,3d43e5051529426e87b3fb829277f3bd,https://www.zhihu.com/people/sui-yuan-24-62-98,柳绿江南,https://picx.zhimg.com/50/v2-660906428d04d763bbe6713bf246dad1_l.jpg?source=4e949a73,sui-yuan-24-62-98,1770834265764
516714875,article,全国上线的碳普惠项目越来越多，但期待中的全民低碳并未到来！碳普惠很可能被玩坏了，一个意图推动全人类低碳生活的高级理念，被硬生生做成了“积分兑换小礼品”的过时产品。（1）你是否登录过当地建设的碳普惠平台？平台真有高效的减碳效果吗？如果没有，我们为什么要花钱开发。或者说，项目模式必须做出改变，严防“碳普惠”变成“不普不惠”或“专普专惠”。（2）碳究究对国内碳普惠发展情况进行了深度调查分析，前两天我们也发布《中国碳普惠发展全景报告》，是对行业政策、研究、案例的汇总下面，我来介绍碳普惠政策情况、分析项目模式、盘点致命缺陷，以及可能的解决办法。 01碳普惠收获政策热情 17地发布政策规划，2个关键被忽视全国政策热情高涨。2021年以来，碳普惠政策纷纷出台。北京将针对绿色出行拓展激励，陕西将研究碳币兑换及发放规则，江西已经推行了碳积分碳账户......共有17个省市公开声明布局碳普惠。其中，上海、重庆、深圳、广东分别出台了工作方案，政策详细内容请见《中国碳普惠发展全景》报告。目前，最新的政策思路，一是开发个人碳账户，二是要衔接碳市场，三是能实现跨区互认。政策概念不清晰。许多政策文件对“碳普惠”的概念一带而过，重视形式忽略本质。如重庆“碳惠通”管理办法指出，“碳普惠是利用CCER等产品机制，通过社会广泛参与自愿温室气体减排行为，依据特定的方法学可以获得碳信用的制度，包含碳普惠行为的确定、碳普惠行为产生的减排量的量化及获益等环节。”看上去合理，实际上缺少了关键信息。两个关键被忽视。首先，它是一个人为推动的非刚需机制，不具备饮食、社交、健康、住房等刚性需求特征，这决定了推进碳普惠不能简单复制传统平台模式。其次，它的核心是通过市场机制而非行政命令，来激发全社会参与碳减排，虽然不存在强制性引发的高社会成本问题，但如何为非刚需产品创造出庞大的有效市场，是一项高难度挑战。那么如何解决，最有效的就是让这类产品给用户带来可观的价值，后面我会解释。02 碳普惠项目市场遇冷平台匆匆上线，项目90%无人参与！尴尬的是，碳普惠项目投放到市场叫好不叫座，刚好与政策热情相反。根据我们统计，至少已经有数十个地区建设了碳普惠平台，80%的项目近两年上线。通过这些数据，碳究究分析出了三件事。第一，我基本摸透了碳普惠现有的各种玩法，可总结为“321”模式。“3”即三类场景：主要覆盖绿色出行、在线办理、物品回收等三种低碳场景。“2”即两大生态：基于微信和支付宝两大生态，来接入低碳行为数据，生成和计算碳积分。“1”即一种模式：几乎所有平台都采用行为产生积分、积分兑换商品这种极为单一的商业模式。深圳上线的低碳星球小程序第二，碳普惠产品生命周期非常短，没有一个实现持续活跃。根据碳究究的统计观察，碳普惠产品上线初期，用户量往往出现暴增现象，如江苏碳普惠平台上线25天用户破10万；到上线中期，用户覆盖到达顶峰，新增用户骤降；上线后期，活跃度出现断崖式下跌，用户留存持续减少，生命周期3个月内就基本结束了。如全国首家的广东省碳普惠平台，每月积分兑换商品的销量已经下降至0。可笑的是，就这种状态，很多地区还提出来要学习广东经验。第三，骨感的现实，承载不了各地碳普惠丰满的理想。重庆“碳惠通”平台，提出是全国首个覆盖碳履约、碳中和、碳普惠的生态产品价值实现平台。从实际体验看，碳惠通并未连接碳市场。江西低碳生活平台，宣称要助推形成人人碳普惠的低碳生活新风尚。但实际上，在支付宝搜索江西低碳生活小程序，就会发现，使用人数仅1000多人，所谓“人人碳普惠”远未达到。同时，大家可以看到江西的政务小程序“赣服通”使用人数高达900多万人，因为这是刚需！江西低碳生活小程序用户使用情况也许你不认同我的数据。没关系，我们可以反向验证碳普惠平台是否有效！两个观察就能立刻得到答案：一是看城市交通拥堵情况是否有所缓解，如果没有，说明还是很多人在开车，碳普惠政策没有大范围激发市民低碳出行；二是看公交、地铁是否越来越拥挤，如果没有，说明低碳出行的人并没有大幅增长。抛开碳普惠制度，假如我让你每天放弃开车去挤公交，一个月后送你张100元的超市优惠券，你会不会觉得我脑子有病。同理，就算把这件事儿交给其他人、其他组织来做，恐怕也不会改变事情的本质！03碳普惠实践踩坑盘点几乎所有项目都栽到这4个坑里从理论到实践，往往出现各种想不到、数不清的阴沟，也许你侥幸跨过一个，但以下4个总有让你翻船的陷阱。陷阱一：理论本身存在缺陷，不可能指导成功实践。碳普惠从提出到现在，全球尚没有成功案例。所谓成功的碳普惠，就是根据低碳激励理论设计政策制度，实现一个区域个人和小微企业的大范围节能减排。碳普惠制度是人为设置的，具有非刚需特征，要通过市场实现低碳行为激励，有点自相矛盾。我认为这种理论是有缺陷的，因为并不是所有激励都能改变行为，要看激励程度有多大。假如一个人坚持低碳生活一年，就可以兑换一套房，那必将在全国掀起低碳浪潮。如今，坚持200天骑单车，才能兑换一桶油，有谁能因此改变开车的习惯。重庆的碳惠通小程序，1000积分可兑一桶油。每天最高可得5积分，拿到一桶油需要坚持低碳200天陷阱二：靠拍脑袋建项目，个个都是僵尸平台。如前所述，碳普惠高级理念已经被扭曲成“积分兑换”制度。在这种认知下，项目建设单位往往直接拍脑袋决定做不做、怎么做。因此，众多碳普惠项目，在没有开展任何市场调研，没有做任何用户需求分析，也不知道能帮助减碳多大规模，就匆匆上马了。殊不知，没有调查，就没有发言权！既然碳普惠是靠市场的力量形成激励，就不应该由某地区某局长亲自指挥项目如何开发、功能如何架构、供应商应该选谁、运营如何开展，因为那就成了靠政府的力量，与碳普惠理论截然相悖。碳究究认为，政府所构建的应该是碳普惠顶层制度、法律机制，而怎样激发全社会个体节能减排，要交还给市场。现实已经证明，政府多建设一个碳惠项目，就多增加一个僵尸平台！因此，恳请各位领导，在考虑好之前不要轻易行动。北京Mass平台基于高德地图的碳普惠实践陷阱三：减碳计量算错账，碳普惠变身薅羊毛。各地碳普惠建设，普遍存在两个计算错误，减碳结构和减碳总量。减碳结构算错：想想这个世界上，谁排放的碳多？不是穷人，而是富人。穷人每天上班、下班、回家三点一线挤地铁，大部分都是在自己城市转悠。而富人，除了在地上开车跑来跑去，还经常在天上飞来飞去，他们有更高的消费、更大的房子、需要更多的电力，他们也更加珍惜自己的时间。让富人放弃汽车去挤公交地铁，放弃更大的别墅去挤三室一厅，放弃宝贵的时间去平台兑换腾讯视频优惠券，开什么玩笑！所以，碳排放最多的高收入群体，基本不会使用当前模式的碳普惠平台。相反，碳排放很少的低收入群体，倒是很乐意加入，因为能免费兑换商品，虽然每天花一点时间，但也获得了商品。他们中甚至会有人把手机拴在狗身上，来增加步行数量和碳积分，兑换更多的商品，这彻底将碳普惠平台转变成了薅羊毛聚集地！北京Maas平台号称用户突破百万，这百万用户本来就是绿色出行，根本没有新的减碳量减碳总量算错：很多人本来就是低碳出行，你非要把算出这样相对开车减少了多少碳，然后用来宣传有了碳普惠平台，实现多少吨的碳减排。只看总量就明白，这是妥妥的欺诈，不光欺骗公众还欺骗自己。既然低碳出行的总人数没有什么大变化，哪里来的大规模减排！如北京Maas平台号称用户突破百万，这百万用户本来就是绿色出行，根本没有新的减碳量。陷阱四：平台用户激励不足，来多少流失多少。用户的精力是有限的，碳普惠也是平台，它的竞争者是各种大咖、网红、短视频、游戏等最具诱惑力的平台。靠几张可怜的优惠券，就想让用户每天都来访问，如果这种模式可行，今日头条何必要烧十几亿的钱，给阅读新闻的用户直接发现金。积分兑换的模式，在互联网界就好比古董，没有一家巨头是靠积分兑换做起来的。当今各大主流平台，之所以成为主流，不是兑换的力量，是资本的力量！没有资本介入，通过持续创新和大量用户获取，用户来多少就会流失多少。04碳普惠商业革命初探打倒碳兑换主义，碳交易万岁！难道碳普惠没救了吗？不，办法还是有的。用户激励不足，就增大激励。富人碳排放多，就针对高收入群体设计激励。拍脑袋没效果，就鼓励企业进入碳普惠市场开发新的商业模式。如果理论本身存在缺陷，就想办法聚集国内外人才，推动理论创新。重要的是，千万不要外国人给个定义，我们就生搬硬套拿到中国来用，所有理论、模式必须本土化才能有生机。实际上，我有个不成熟的思路，先简单说一下。欢迎大家进入我们碳中和社区共同讨论，目前已经有近3000位专业人士加入我的思路，首先是要强化激励，给用户预期。用户坚持使用碳普惠平台一年，到底能获得多少东西。如果预期总量很少，那就没有的玩儿了，如果预期总量可观，那这些东西应该由谁来提供，政府预算肯定是有限的，应该是由市场提供。碳究究认为，碳积分直接兑换人民币是个强激励，而且人民币绝对称得上市场刚需，一个能直接领取人民币的平台必然大受欢迎。兑换额度一开始不能太低，否则不值得用户耗费精力操作，资金的来源可以考虑吸引社会投资，而且地区之间不要各自为战，要合力打造一个全国性的大平台，同时控制薅羊毛风险。此外，打通碳市场，让个人碳积分与碳排放需求可交易，也能形成强激励，目前重庆和深圳在探索，个人参与碳市场已经有了国际经验，国内政策的实行应该只是时间问题。以上仅是不成熟的初步思考，本文主要帮大家了解碳普惠现实状况，碳究究会在后面继续更新碳普惠专题，深入分析破解之道！05结论搭建碳社区，共建碳普惠1、碳普惠政策各地还会陆续出台，这是对国家双碳战略的一种响应，但政策规划、制度安排需要推陈出新。2、进入市场，用户会继续用脚投票，积分兑换模式的碳普惠项目将成为僵尸平台，地方开展项目建设须提前模拟平台效果。3、碳普惠项目普遍出现的四个坑：理论本身缺陷、拍脑袋建设、减碳账目算错、平台激励不足。最大的问题就是用户群体搞错了，让高收入群体参加碳普惠才是真正的普惠。4、碳兑换主义不可能成功，必须回归碳普惠理论，用市场的力量激发低碳行为，这必然要求政策和模式创新，以及推动个人和小微企业加入碳市场！来源:碳究究什么是碳中和？怎么实现碳中和？,https://zhuanlan.zhihu.com/p/516714875,,碳普惠失败？为什么90%的项目无人参与，原来都栽到这4个坑里！,承载不了各地碳普惠丰满的理想。 重庆“碳惠通”平台，提出是全国首个覆盖碳履约、碳中和、碳普惠的生态产品价值实现平台,1652928064,1676254670,41,24,碳积分,1d702ed60a76a035ef1e58d21cfa7744,https://www.zhihu.com/people/hu-dou-jiu-ka-pei,碳资产与能源管理,https://picx.zhimg.com/50/v2-89dddba774aa98bcfe3810e1f0d2aa59_l.jpg?source=4e949a73,hu-dou-jiu-ka-pei,1770834265766
3513834179,answer,这个提法，本身就不可行。凡是提倡性质的事项，推行的时候都不能过于绝对的否则不具备可操作性。首先，体制内驾驶私家车辆上下班，是个人的选择，跟职业等因素无关，主要是适合自己的消费观念、能力以及便利生活工作考虑。一刀切的禁止开私家车上下班，必然会造成很多体制内工作人员的工作生活受到负面影响，这不是提倡绿色出行的应有之义。其次，体制内工作人员虽然因为是国家工作人员的性质，会让国人习惯性的给他们带上浓浓的政治色彩。这里就包括了各种倡议和志愿服务等，往往要体制内人员带头落实。这在我国相当长的时间内推行也无可厚非，但绝不能发展成为任何的倡导都要体制内工作人员无条件为此买单。乱法尚且可以不遵，何况只是一种导向。虽为体制内之人，但前提毕竟也是人。最后想要说的，一种问题的出现，其解决方式可能需要跳出问题本身做文章。比如绿色出行的推行。如果从优化公共交通服务、加强公民环保意识培养扥方面入手，会不会收到更好的效果。,https://www.zhihu.com/question/656916057/answer/3513834179,656916057,为了提倡绿色出行，能否让体制内带头，禁止开私家车上下班?,政府事业单位的停车场一律改为公交车站或者对办事群众开放,1716968756,1716968756,1,0,绿色出行,e43dda5d4fda71060874b187dee44b39,https://www.zhihu.com/people/pi-zhao-lang-pi-de-yang-24-42,披着狼皮的羊,https://pica.zhimg.com/50/v2-abed1a8c04700ba7d72b45195223e0ff_l.jpg?source=4e949a73,pi-zhao-lang-pi-de-yang-24-42,1770834333378
1968047231945937019,answer,其实我觉得真一个人出行还真挺有纯绿色伴游需求的，真不需要晚上那点服务因为溢价实在太高了吃不消也保证不了物有所值，但纯绿价格合适点完全就可以接受,https://www.zhihu.com/question/1960284152319415119/answer/1968047231945937019,1960284152319415119,如何看待“伴游”这种旅游模式？,其实我觉得真一个人出行还真挺有纯绿色伴游需求的，真不需要晚上那点服务因为溢价实在太高了吃不消也保证不了物有所值,1761999024,1761999024,68,50,绿色出行,532c457da9d1c8ed586ab94ec67d5959,https://www.zhihu.com/people/icexu-92,Ice徐,https://pica.zhimg.com/50/v2-abed1a8c04700ba7d72b45195223e0ff_l.jpg?source=4e949a73,icexu-92,1770834333381
1951677176807137587,answer,全国每天有超2亿人次选择绿色方式出行这句话其他内容都对，但哪来的“选择”老爷要体验下民间疾苦坐个公交地铁那叫选择我坐地铁是因为只有地铁能快速把我从主城区十多公里远的地方拉进城啊不绿色出行方式，要不限行要不堵车要不找不到车位停车费飞天，我也选择不起啊难道还能选择坐直升机么man？,https://www.zhihu.com/question/1951307840011629491/answer/1951677176807137587,1951307840011629491,中国每天超 2 亿人次选择绿色出行，绿色出行都包含哪些出行方式？,"本报北京9月15日电（记者韩鑫）记者从交通运输部等多部门联合开展的2025年绿色出行宣传月和公交出行宣传周活动上获悉，目前，全国每天有超2亿人次选择绿色方式出行。其中，每天有1亿人次乘坐轨道交通通勤，1亿人次乘坐公交穿梭街巷，2400万人次选择共享单车骑行，“优选公交、绿色出行”逐渐成为人民群众日常出行的主要方式。
　　在各方共同努力下，近年来中国城市公共交通发展取得明显成效。截至2024年底，全国拥有城市公共汽电车65.8万辆，其中新能源公交车54.4万辆、占比82.7%，城市公交运营线路总长度达到175万公里，城市轨道交通运营里程约1.1万公里、居世界首位。中心城市公共交通机动化出行分担率、绿色出行比例超过70%的城市数量、城市公交领域新能源汽车占比等“十四五”规划指标已超额完成。 
                中国每天超2亿人次绿色出行",1758096099,1758096099,1,1,绿色出行,d2a434a79315d7353d1523732138fd9a,https://www.zhihu.com/people/char-fang,Charsensei,https://pic1.zhimg.com/50/v2-b1e861505f8acfdfc582d370c135cad3_l.jpg?source=4e949a73,char-fang,1770834333384
1987233150166930862,article,绿色出行理念正在成为现代城市建设的重要方向，通过公共交通、骑行和步行这三种主要方式，有效缓解了城市交通拥堵和空气污染问题。据统计，一辆公交车可以替代约40辆私家车的出行需求，而一辆地铁列车则能替代近千辆私家车。北京地铁网络已超过700公里，日均客流量达1000万人次以上，大大减少了路面交通压力。在空气质量改善方面，研究显示，如果将城市出行方式的20%转变为公共交通，可减少约15%的氮氧化物排放。哥本哈根通过大力发展自行车交通，使得城市碳排放量比1990年降低了40%，成为全球可持续发展的典范。阿姆斯特丹更是拥有超过40万辆自行车，形成了完善的自行车道网络，使自行车出行占比达到63%。公共交通的智能化发展也为绿色出行提供了新动力。上海推出的&#34;Metro大都会&#34;APP实现了公共交通一体化支付，日均使用量超过200万人次。杭州的公共自行车系统已覆盖主城区95%以上的区域，日均租借量达30万次，有效解决了&#34;最后一公里&#34;问题。步行城市理念的实践同样成效显著。巴塞罗那通过实施&#34;超级街区&#34;计划，将城市划分为多个小型社区，限制机动车通行，增加了步行和公共空间，使居民步行出行比例提高了20%。波特兰的城市规划中，每1500米就设置一个社区中心，确保居民能够轻松步行到达日常所需设施。绿色出行不仅改变了城市面貌，更提升了居民生活品质。研究表明，采用公共交通、骑行和步行等绿色出行方式的居民，其日均运动量比私家车使用者高出30%，心血管疾病风险降低15%。新加坡通过拥车配额制度和电子道路收费系统，成功将高峰时段车速维持在30公里/小时以上，同时保持了良好的空气质量。城市交通问题的解决，需要政府、企业和市民的共同努力。巴黎计划在2024年前实现100%公共交通电动化，深圳则已建成全球最大的纯电动公交车队，超过1.6万辆。这些实践表明，绿色出行不仅是缓解城市交通和环境问题的有效途径，更是实现可持续发展的必然选择。,https://zhuanlan.zhihu.com/p/1987233150166930862,,绿色出行：公共交通、骑行与步行如何缓解城市交通与空气质量问题,形成了完善的自行车道网络，使自行车出行占比达到63%。 公共交通的智能化发展也为绿色出行提供了新动力。上海推出的&#34;Metro大都会&#34;APP实现了公共交通一体化支付,1766573715,1766573715,0,0,绿色出行,50a7f347a60604463cec215562cf2bcb,https://www.zhihu.com/people/bei-xiang-zi-17,北巷子,https://picx.zhimg.com/50/v2-abed1a8c04700ba7d72b45195223e0ff_l.jpg?source=4e949a73,bei-xiang-zi-17,1770834333387
162027911,article,"随着低碳环保理念的推广，保护环境我们刻不容缓，人们也越来越倾向于去选择绿色出行。绿色出行的方式到底有哪些呢？走路、骑行、绿色交通、新型代步工具等等，总有一种是适合你的！一、步行步行不仅能实行低碳环保，而且简单易行，强身健体效果又好，是短途出行的不二选择。二、骑行1.共享单车便捷出行，随取随用，低碳出行。2.电动自行车占车道小、经济环保、高效方便、价格实惠。3.自行车改善体质、瘦身减肥、开发大脑、减轻压力。4.山地车抗震性能好、行走灵活、手把不宜疲劳。5.电动摩托车抗震性能好、轻松便捷、行走灵活。三、绿色交通1.地铁根据标志找到地铁站，乘坐地铁注意禁止携带违禁物品、关注列车行驶方向。2.公交车作为大众型交通工具，和小车相比，可搭载更多的乘客，可以减少燃油，对空气的污染少。3.有轨电车有轨电车是一种公共交通工具，亦称路面电车，属轻铁的一种。是采用电力驱动并在轨道上行驶的轻型轨道交通车辆。4.轻轨城市轨道交通中的轻轨系统指的是在轨距为1435毫米国际标准双轨上运行的列车。四、新型代步工具1.电动滑板适合零基础新手，快速上手。传统电动两用，还可以用蓝牙控制，适合多种路面。2.电动平衡车是一种依靠电力驱动及自我平衡能力控制的代步工具。电动平衡车节能、环保、便携，充电3-4小时，可以行驶15-30千米。3.电动滑板车低速档熟悉电动滑板车，行驶过程中一定要掌握好身体的平衡，必穿运动鞋，禁止在湿滑地面骑行。绿色出行,指的是人们选择对环境影响最小的出行方式。选择低碳环保的出行方式，让我们一起从点滴细节向绿色出行新时代迈进吧！资料来源：文章部分节选自MAIGOO编辑的【绿色出行】哪种方式出行更环保？从我做起开启绿色出行新时代。部分图片素材收集整理自网络，如有侵权，请及时联系。欢迎留言补充~",https://zhuanlan.zhihu.com/p/162027911,,绿色出行的方式有多少种呢?走路、骑行、新型代步...,文章部分节选自MAIGOO编辑的【绿色出行】哪种方式出行更环保？从我做起开启绿色出行新时代。部分图片素材收集整理自网络,1595298265,1595298266,11,0,绿色出行,7c4f059ac99ef9b5fb832b82d7994ecc,https://www.zhihu.com/people/nedong-4,NEDONG,https://picx.zhimg.com/50/v2-6df44d9addc8cf874a1104b0867e84c4_l.jpg?source=4e949a73,nedong-4,1770834333390
1978848198907957338,answer,诺基亚：智能手机续航只有一天，是通讯手机倒退的标志。柯达：数码相机无成本的拍摄让摄影者丧失了对摄影的尊重。马车：汽车的出现让人类在追求绿色出行的道路上实现了倒退。燧发步枪：马克沁的出现让射击丧失了瞄准的乐趣。公知：高铁的速度让回家丧失了仪式感。,https://www.zhihu.com/question/1967296160843699799/answer/1978848198907957338,1967296160843699799,怎么看待正如丰田章男说“电车是工业倒退的标志”？,题主感觉他是这个意思,1764574175,1764574175,5760,320,绿色出行,e545fd7075e942a89627df865fb933cf,https://www.zhihu.com/people/Hunter-D-61,Hunter D,https://pic1.zhimg.com/50/5ada90861432763553fab65c569c763c_l.jpg?source=4e949a73,Hunter-D-61,1770834333393
1985676985897329704,answer,大哥你搞环保，你搞它有啥用啊？你不开车，改绿色出行，累的跟瘪犊子似的。回家一看，因为页岩油开采，你女儿举着着火的自来水在那COS自由女神呢。老父亲弯了一天的腰，终于断了。能力越大，责任越大，而不是普通人一年到头累的跟三孙子似的，结果打开电视发现不够人家一趟游玩的。,https://www.zhihu.com/question/989978881/answer/1985676985897329704,989978881,如何看待“开私人飞机的富人不带头环保，我一普通人为啥要环保”的观念？,即对“人人要环保，从小事做起”的环保公益理念持讽刺态度，理由是：一个富人随便一次飞机游艇出行，就是很多普通人合起来一生的碳排放。富人全都不肯从自己做起，反而让普通人环保，就是想舒服占有地球资源，而让普通人本不宽裕的生活更难受。这一切属于pua，所以我才不信。这个理念有问题吗？,1766202285,1766202382,69,1,绿色出行,2103f01c3e6724834a46a5daacd30ad7,https://www.zhihu.com/people/mo-shang-ren-ru-yu-72-35,差不多先生,https://picx.zhimg.com/50/v2-296d5a3df31db3102bca747e534bd573_l.jpg?source=4e949a73,mo-shang-ren-ru-yu-72-35,1770834333396
22414034,article,在中国的五行学说中，绿色是木的一种象征。象征生命力、活力；象征和谐、真实、自然、和平。绿色生活方式是指以通过倡导居民使用绿色产品，倡导民众参与绿色志愿服务，引导民众树立绿色增长、共建共享的理念，使绿色消费、绿色出行、绿色居住成为人们的自觉行动。让人们在充分享受绿色发展所带来的便利和舒适的同时，履行好应尽的可持续发展责任的方法，实现广大人民按自然、环保、节俭、健康的方式生活。那么今天来与大家分享一下绿色出行方式。 1.步行或骑自行车自行车是能源转化效率最高的一种交通工具。骑车者80%的能量转化到自行车的运动过程中，骑车便捷并使人保持健康。2.公共交通地铁、火车和公共汽车一般来讲是绿色(指对环境有益)的交通工具，因为它们可以运载更多的乘客，运载每个乘客造成的污染较少，而且使用的能源较少。3.谨慎驾驶避免突然的加速和刹车。鲁莽驾驶会导致非常高的燃料消耗和更多的污染。在停车等待超过30秒时，应使发动机熄火，换档时间间隔不应太长。4.少坐飞机如果长途旅行，在1000公里以内的不要乘坐飞机，因为这个距离内考虑到往返机场和安检登机所耗费的时间，飞机并不比火车快多少。相关文章：绿色生活之绿色食品篇林楠会持续更新绿色生活方式，欢迎关注。本文来源于微信公众号：hb-xiaozhu 环保小筑,https://zhuanlan.zhihu.com/p/22414034,,绿色生活之绿色出行,倡导民众参与绿色志愿服务，引导民众树立绿色增长、共建共享的理念，使绿色消费、绿色出行、绿色居住成为人们的自觉行动,1473663564,1473824788,32,0,绿色出行,c5abd9e6f7bd189d6820d9955089d1a3,https://www.zhihu.com/people/lin-nan-92-59,林楠,https://picx.zhimg.com/50/v2-cece153798ffd3a9d06456ed576a6375_l.jpg?source=4e949a73,lin-nan-92-59,1770834333399
2004960875195412494,answer,基准测试也就图一乐，真判断模型水平还得看脑筋急转弯是吧？我试了一下，豆包有三档，即使不开推理都能答对，快速模式是建议走路过去，把钥匙给工作人员，而开启思考则建议开车。开最高档直接分类讨论，直接开车或者是工作人员取车之类的场景也考虑到了，很完美的回答。https://www.http://doubao.com/thread/ade6ee41bc309千问App 会“作弊”检索到相关讨论，用 Qwen Chat 选 Qwen3-Max-Thinking 同样没问题，还说这个问题可爱，疑似在嘲讽。BAT里与另外两家格格不入的是元宝：让我意外的是当红炸子鸡 Kimi 和去年这个时候的当红炸子鸡 DeepSeek 都没做对：港股上市一对苦命鸳鸯中，智谱虽然知道要“把车弄过去”，但是又以爱车为由，建议我们把车推过去……而MiniMax 则没有发现陷阱。ChatGPT 中的 GPT-5.2 Thinking 一直触发不了思考（不确定是觉得没必要思考还是对我降智），Gemini 3 轻松解决问题。测这么多下来，我还是觉得测这种问题没什么意思，比如说，我拿出一年前的模型也能做对：GPT-5.2 Thinking 做不对，而 QwQ-32B 反而能想明白，但是你愿意用 GPT-5.2 Thinking 还是一年前发布的 QwQ-32B 去编程、去对话、拿去接入OpenClaw之类的Agent应用呢？AI之所以建议“50米要走路去洗车”，在我看来有很多种可能，比如普通模型不开思考的话，很容易将“去洗车”误读为“人去门店办事”的通用短途出行场景，被“50米”这个一数字特征触发了训练语料中“短距离优先步行”的高频规律。如果你留意推理模型的思考过程的话，很容易发现会有一些“环保、健康、低碳”的关键词，这种在我看来就属于RLHF与安全对齐训练的结果，模型在缺乏明确约束时，优先输出它被训练过程中被教导的要“绿色出行”，忽略“车必须到场”这个物理逻辑。Andrej Karpathy 在他的 LLM 2025 年度回顾中的贴这张图我觉得就特别好。AI 的智能是锯齿状的，长板很长，短板很短。受限于技术原理，是会有很多普通人轻而易举能识破绕开而 AI 却无法做出正确回应的逻辑陷阱。但那又如何，2026年了，拿着脑筋急转弯去嘲笑绕不过去 AI 真的大可不必。难道非得从 AI 的丑态中获得一点作为人类的智力优越感？对大部分人来说，真没必要纠结 AI 做不了什么，而是了解 AI 能做什么，能做好什么。,https://www.zhihu.com/question/2004524090598323141/answer/2004960875195412494,2004524090598323141,为什么 AI 会建议我走路去洗车？AI 还提出过什么壮举？,@知乎科技 特别活动「AI 请接招」正在进行中！ 2月9日- 3月1日 期间，在该问题下发布你与大模型的「博弈胜利」记录：【Prompt + AI 对话截图 + 模型版本/ AI应用名字】，即有机会获得丰厚奖励（Mac mini、刘看山福袋、定制海报等）。  更多活动玩法+奖励详情 🔎 AI 请接招我想去洗车，洗车店距离我家50米，你说我应该开车过去还是走过去?DeepSeek:走过去阿里千问:走过去字节豆包:走过去腾讯混元:走过去ChatGPT:走过去Claude:走过去Grok:走过去,1770799923,1770799923,23,1,绿色出行,94aade16b2f8ef53873a5e77b5e62b20,https://www.zhihu.com/people/xule.null,橘鸦Juya,https://picx.zhimg.com/50/v2-52cdf5c29b8a32a2dfccaaecbf97cee9_l.jpg?source=4e949a73,xule.null,1770834333402
1933203095619372661,answer,你出门共享单车，亲戚向你借两万，你说没钱，一看你都绿色出行了，觉得应该是真的钱不多。你开200万的豪车，说没钱，亲戚一看你车都200万拿两万还不是随手，只会觉得在故意蒙他，结下梁子找机会给你使绊子。卖惨引来共情，露富引来算计。,https://www.zhihu.com/question/51306909/answer/1933203095619372661,51306909,为什么财不可外露？,老是被人这样教导，如果都是自己的钱外露会怎么样呢,1753691535,1753691535,567,16,绿色出行,51636b361b1b7a1513b97b87ee693d28,https://www.zhihu.com/people/faiz4399,股海爆裂王,https://pic1.zhimg.com/50/v2-06e198147a5c1235a7ce163ad48a6599_l.jpg?source=4e949a73,faiz4399,1770834333404
258750459,article,随着经济社会高速发展，人们的出行方式日趋多样化，节能减排、绿色生活理念不断融入城市发展和百姓生活，也让“绿色出行”理念逐渐受到人们的关注。顾名思义，绿色出行指的是所有节约能源、提高能效、减少污染的出行方式。其中，步行或骑自行车等出行方式都是绿色出行的代表。城市交通的困顿改革开放以来，经济水平的迅速提升让机动车保有量不断增加。伴随着近年来“共享经济”的出现，我国共享单车注册用户达到近3亿人。突如其来的新冠肺炎疫情，促使人们对出行方式产生思考：相比乘坐机动车，骑自行车、步行出门低碳、环保，可以选择作为日常通勤方式，而且休闲健身。自行车道、人行道等城市交通基础设施建设情况直接影响着绿色出行的质量。但是日趋多样化的出行方式，让群众在步行和骑自行车过程中时常面临“走不通、不安全、不舒适”等突出问题。近年来，在各级政府共同努力下，我国提出和实施了一系列城市交通发展的政策，取得了一定成效。但是城市交通仍然存在许多突出矛盾，造成矛盾的主要原因在于：一是城镇化进程加快，城市交通压力巨大。许多特大城市和大城市中心城区在高峰期间的行车速度甚至低于10公里/小时，交通拥堵这一“城市病”多发。二是机动车数量持续增长，但缺乏完善和足够的停车空间，导致机动车在路边停放，侵占非机动车道和人行道，造成步行、骑行通勤不便。三是近年来共享单车成为热门出行方式，共享单车数量增加，但缺乏规范管理，存在公共自行车随意停放、侵占机动车道和人行道的现象。四是部分城市路段没有划定非机动车道，导致机动车和非机动车共用行驶空间，有时会出现非机动车占用人行道行驶的情况，造成安全隐患。五是步行、自行车是人均占有交通资源最小、污染最小的交通方式，由于交通空间分配的不合理，这些绿色出行方式日益萎缩。这些问题不仅让机动车、非机动车及行人互相影响、阻碍通行，还带来安全隐患，制约了绿色出行模式的推广。除此之外，路面破损、林荫道不足等基础设施短板，也给市民步行或骑行带来不适。为了让绿色出行理念被更多人接受、采纳，乃至形成习惯，需要破除种种客观不利因素带来的影响，以完善的相关设施建设和政策支持，让群众在选择绿色出行时可以“走得通畅、走得安全、走得舒适”。打造完善的绿色交通体系在城市建设过程中，良好的生态环境是最公平的公共产品、最普惠的民生福祉，而城市交通的发展与完善，直接关乎群众的生活质量、出行质量。我国正处于快速城镇化和机动化阶段，必须兼顾经济、社会和环境3方面要求，构建有利于节能减排、集约节约用地的可持续交通发展模式，而发展以步行、自行车、公共交通系统为主导的绿色交通体系，是城市交通可持续发展的必然选择，也是生态城市建设的关键、国际社会所公认的防止全球变暖的重要措施。今年1月，住房和城乡建设部出台《关于开展人行道净化和自行车专用道建设工作的意见》(以下简称《意见》)。在《意见》中明确提出，坚持以人为本、统筹实施，坚持因地制宜、有序推进，坚持创新机制、形成合力，开展人行道净化专项行动，推动自行车专用道建设。在开展人行道净化专项行动方面，重点确保人行道连续畅通、通行安全、通行舒适。在推动自行车专用道建设方面，科学规划、统筹建设自行车专用道，强化自行车专用道管理。相关负责人表示，出台《意见》的主要目的是为了更好地满足人民群众的多样化需求，解决突出问题，切实改善绿色出行环境，促使群众“走得通畅、走得安全、走得舒适”，引导市民绿色出行，提高出行品质。绿色出行是对环境影响最小的出行方式。节约能源、提高能效、减少污染，有利于健康，且兼顾效率。相比使用机动车造成的空气污染和拥堵问题，以骑自行车和步行为代表的慢行交通方式，对居民、对环境以及城市交通都有诸多益处。倡导绿色出行，不断提升市民的出行品质，也需要对城市交通规划提出新的要求。如重视地区之间的差异，因地制宜，根据每个城市不同的发展状况、布局形态、交通构成与市民需求，搭建起以慢行交通系统为主导的绿色交通体系。2020年2月，北京市出台《2020年北京市交通综合治理行动计划》，对慢行交通进行了细致规划。以保障自行车、步行路权为核心，完成378公里自行车道整治。通过加强规划设计、优化节点彩铺、加强局部改造、完善信号标识、强化路面执法等措施，扎实推进慢行优先。在重点地区完善黄色网格线、人行横道线、限速标志、无障碍设施等交通配套设施，加大日常养护巡查力度，及时修复破损标志标线。2020年7月，深圳市发布《深圳市慢行系统骨干网络布局及试点实施方案（公众咨询稿）》，对城市自行车骨干网络规划建设征求意见和建议。深圳市计划构建由“自行车快速路、干线主廊道”两个等级组成的慢行交通骨干网络，新建6条自行车快速路、改造12条干线主廊道、共469公里，配套路名标志标线、路缘石等路面设施，设置风雨连廊与简易自动扶梯等助力设施，采用5G技术推广智能系统，规范停车秩序，提高出行体验。2019年5月，北京市首条自行车专用路开通。这条专用路东起昌平区回龙观，西至海淀区后厂村路，全长6.5公里，限速15公里/小时。自行车专用路管理严格，行人、电动自行车不能进入。据相关数据，骑行者26分钟内即可从回龙观骑车到海淀上地软件园，大大缩短两个区域间通勤时间，并有望缓解回龙观至上地之间的出行难题，惠及约1.16万名“通勤族”。自行车专用路为塑造立体化慢行交通体系提供了成功例证：它连通周边居民区、绿道、地铁站、公交车站、休息区，将城市不同的功能区连接起来，使得骑车出行、转乘公共交通系统、健身娱乐等功能有机结合，不仅打通绿色出行的“最后一公里”，也以自行车专用路为核心，同时满足人们生活出行、休闲健身、购物娱乐等多种需求，打造了“绿色生活圈”。让绿色出行成为生活新风尚我国已连续多年举办绿色出行活动，该活动号召公众以步行、骑自行车或乘用公共交通工具出行，倡导在全社会建立发展绿色交通体系的共识，鼓励政府采取措施改善非机动车和步行出行环境，完善公交服务；提高公众对使用小汽车出行带来环境问题和交通拥堵的认识，鼓励绿色出行；促进城市交通健康发展，从而增强城市的可持续发展能力，得到了市民的广泛关注和参与。实现城市的可持续发展，并非仅仅在于基础设施的完善，更在于以满足群众出行需求为原点，实现城市环保、经济的综合发展。在环境保护方面，推广绿色出行，可以有效促进节能减排，减少碳排放和燃油消耗。在补全完善城市基础建设方面，推广绿色出行能够提高道路交通运行效率，进一步提高道路运行服务水平。此外，绿色出行模式的日益普及，可以大幅节约公共预算，包括健康、环境、能源、安全和改善交通拥堵方面的预算，在满足居民出行便捷、舒适、安全的社会效益基础上提振环境效益，并转化为经济效益。在文化理念方面，绿色出行模式不仅带动相关产业链的发展，也对城市交通规划、管理等方面树立了更高标准，还促进了出行习惯的重塑与理念革新：当人们享受到“专路专用”“强身健体”以及“舒适安全”等功能性便利时，便会自发为之践行、推广绿色出行方式，以至让绿色出行成为生活新风尚。绿色出行理念的普及之路漫漫而修远，也并非一日之功。目前中国城市的慢行系统相较于国外城市仍处于发展阶段，还需以“应该做”为出发点，聚焦市民出行刚需。根据城市发展及交通现状，从“可以做”的领域入手，对安全性、舒适性、便捷性及人性化等方面进行完善。基于不同人群的行为习惯与需求特点，不断优化慢行交通系统，追求实实在在的效果，提高市民的出行体验，以政策为引导、以完善的基础设施为保障，让绿色出行理念深入人心。因此，我们既关注当下，呼吁广大市民群众多骑车、常走路，多使用公共交通出行，做绿色出行的践行者；又放眼未来，促进科技创新，规范提升管理水平，不断推动智慧城市慢行交通系统建设，打破绿色出行壁垒，让低碳生活内化于心、外化于行，让出行变得更方便、更舒适、更有尊严。作者：杨若男 王晓霞,https://zhuanlan.zhihu.com/p/258750459,,倡导绿色出行 共建美好家园,促使群众“走得通畅、走得安全、走得舒适”，引导市民绿色出行，提高出行品质。 绿色出行是对环境影响最小的出行方式。节约能源、提高能效、减少污染,1600913788,1600913788,28,1,绿色出行,a8bf811538c43e490b8aca12bde9bbc9,https://www.zhihu.com/people/zhong-guo-jian-she-bao,中国建设报,https://picx.zhimg.com/50/v2-29f122aede4c843bbc48a55861c55297_l.jpg?source=4e949a73,zhong-guo-jian-she-bao,1770834333407
1261743311,answer,近的地方能走路就走两步。影响：如果穿着高跟鞋回去脚会痛，第二天要早起收蚂蚁森林的能量，不然会被别人收走的。冬天空调温度没有开很高，因为高了会干到流鼻血，放盆水，猫会玩儿到水花四溅。夏天温度也没有很低，因为低了猫受不了会进被窝，成为不移动的热源。其实对于普通人来说，不是做选择题，而是做填空题——只有这么一个选项，还选啥？选择对于一些人来说，是明明有更方便的选择，但是为了绿色出行为了低碳环保，我选择了健康的出行方式，这叫环保。对于我这种出行靠电动车车的人，这是生活基础。不用超市塑料袋是因为每次去如果不带袋子的话，家里就会有好多一团团的塑料袋，扔吧都是钱买来的，不扔吧，太丑了。所以，对于普通大众来说，绿色低碳是我们所做选择的附加价值而不是目的，能有什么影响呢,https://www.zhihu.com/question/398945960/answer/1261743311,398945960,你一直在坚持的绿色低碳生活方式是什么？,有哪些值得拥有的绿色低碳生活方式？少购买过度包装商品，闲置物品改造利用或交流捐赠，优先步行、骑行或公共交通出行......你的绿色低碳生活是什么样的？,1591155222,1591155222,51,3,绿色出行,a3f45575e2003448819ee3ba6b4f606f,https://www.zhihu.com/people/mi-chong-chong-79,职业猫猫,https://picx.zhimg.com/50/v2-3443e5c3d703ed0eedc8b9ddbeead61a_l.jpg?source=4e949a73,mi-chong-chong-79,1770834333410
28854323418,article,在温州街头，梁师傅的车总能让乘客眼前一亮——车厢内养着80余盆绿植，扶手箱周围簇拥着多肉植物，补光灯将叶片映照得晶莹剔透。这位拥有园林专业背景的司机，在回复安全相关的争议解释道，用了防滑垫固定每株植物，植株高度严格也控制在15厘米以内，满足成都细则对车载装饰物重量的限制‌，又可以让乘客伸手即可触碰姬岩垂草的柔软叶片‌。有乘客留言：“堵车时拨弄绿植成了新乐趣，孩子在这里认识了5种植物，比看动画片更有意义。”‌不仅是梁师傅，更多充满人情味的创意也在悄然车厢里绽放：深圳司机王姐在座椅后背挂着手工编织的「解忧袋」，乘客可留下烦恼纸条或取走励志书签‌；南京的周师傅自制「城市之声」互动装置，按下按钮就能听到本地老人录制的方言故事‌。最令人会心一笑的是西安司机老赵的「夸夸服务」——每位乘客下车前，他都会用播音腔送上定制祝福语：“穿蓝条纹衬衫的先生，祝您今天的会议比秦岭的日出更精彩！”。带着鹦鹉开车的蔡师傅‌这些创意背后藏着温暖逻辑。如杭州司机小林在遮阳板粘贴手写提示：“空调温度不合适？窗边备有银杏叶书签，翻转至红色面我就懂啦”‌。重庆张师傅更发明「雨伞烘干架」，用出风口余热为湿漉漉的雨伞提供专属位置‌。有乘客感叹：“接过带着暖意的雨伞时，仿佛连阴雨天都变可爱了。”‌交通运输管理者对这些创意持开放态度，只要符合规范中“不影响驾驶视野、不改变车辆结构”的原则‌。正如成都某乘客在社交媒体写的：“当司机在等红灯时修剪绿植枯叶，那种专注打理小天地的模样，让整个车厢都跳动着鲜活的生活脉搏。”不让工作压垮自己生活的乐趣才是对生活真正的态度吧,https://zhuanlan.zhihu.com/p/28854323418,,真正的“绿色出行”，一网约车司机在车内养满绿植,在温州街头，梁师傅的车总能让乘客眼前一亮——车厢内养着80余盆绿植，扶手箱周围簇拥着多肉植物，补光灯将叶片映照得晶莹剔透,1741425821,1741425821,1,1,绿色出行,9770cfd990240e77fa8df1a03cf3c925,https://www.zhihu.com/people/yi-wei-shun-feng-che-de-lao-si-ji,一喂顺风车的老司机,https://pic1.zhimg.com/50/v2-2a0e2327cd08a270bc5296a60c80b003_l.jpg?source=4e949a73,yi-wei-shun-feng-che-de-lao-si-ji,1770834333413
